sms_id,masked_celphone_number,text,intent,source,original_sms_id
ORIG_00001,N/A,"papalduhin kita ng 12k ngayon, basta ikaw na bahala sakin ah reply sa fb 'YES'  ako bahala sa winning games mo

FB PAGE : Yara Vespar
Naka gray na sando ang profile@@",Gambling Scam,original,
ORIG_00002,N/A,"B0ss pan@lunin kita sa pinata win 15k, n0w lang h@bang n@ndito pa ak0  b@sta wag ka lang p0 makalim0t sakin
mess@ge mok0 sa peysbuk ko
 ( tanya aupadus) 
N@ka puti @t mAy hawak n@ juice",Gambling Scam,original,
ORIG_00003,N/A,Dito nagsisimula ang saya at panalo! 8P FREE + 8888P welcome package + bonus. USE 716120 at  BangoWin.com âª,Gambling Scam,original,
ORIG_00004,N/A,"okay lang ba makipag deal ako sayo? Cash in ka 100 ipapanalo kita 7k basta hati tayo 2k sakin 5k sayo ,kung sure k

ame :Allexa Brielle Lim 
search:@officialalex09
(naka swimsuit na white  )
^&%",Investment Scam,original,
ORIG_00005,N/A,"Good day I'm Ms.Ivie from multi banking  personal cash loan I'd like to offer you personal loan.100k up to 5M Unsecured loan,and can get the loan as fast as 3 to 7 banking days .If you are interested please reply YES .
Thank you.",Loan Scam,original,
ORIG_00006,N/A,[FEX] Your parcel P6115DDCDD7BA couldn't reach you. Please contact the branch at 9283170245 for any concerns.,Delivery Scam,original,
ORIG_00007,N/A,"Live DJ and awesome music waiting for you. Drop by and enjoy the night with us here at Vu's Sky Bar & Lounge, Marco Polo Hotel Ortigas Manila. 

Thank you!

Kit Miculob
Vu's Receptionist",Commercial Spam,original,
ORIG_00008,N/A,"Hello good day! :)
Commercial lots in the first master-planned CBD in Batangas - Lima Estate

- with 70 hectare existing components like The Outlets at Lipa, Aboitiz Pitch, office bldgs, Holiday Inn and residential
- 40 hectare expansion area with parks and open spaces
- FAR 4 to 5

lot size 1,165 to 3,215 sqm
price range 75k to 93k per sqm with terms

pre selling commercial lots also available in other areas

kindly message me for details

Erwin Sia",Commercial Spam,original,
ORIG_00009,N/A,"Good day! 
Come and join us here at Vus Sky Bar & Lounge, Marco Polo Hotel Ortigas Manila. Weâve got a cozy and relaxing vibeâperfect for chilling out this Monday night. See you later! 

Thank you! 

Kit Miculob
Vu's Receptionist",Commercial Spam,original,
ORIG_00010,N/A,"Hi,

Your G-Cash account has been temporarily deactivated!
Please update your G-Cash as soon as possible.

Confirm your account here: kycupdategcash.online
Thank you for choosing GCash!",Bank Scam,original,
ORIG_00011,N/A,"Shiftâs Over Mondays | INDUSTRIAL NIGHT at Vuâs Sky Bar and Lounge

Calling all hardworking heroes of the night!
Hoteliers, restaurateurs, bar stars, and BPO champs â your Monday just got better!

Enjoy 50% OFF on selected favorites: â¨ Draft Beers
â¨ Chivas
â¨ Olmeca Bottles & Shots
â¨ Classic Cocktails

 Every Monday Night
ð Vuâs Sky Bar and Lounge | 45th Floor, Marco Polo Ortigas Manila

 Exclusive for hospitality and BPO industry professionals.

Just present your valid company ID to avail of the discount.

Unwind. Mingle. Celebrate your grind.
Because your shiftâs over â and itâs time to take the night back!",Commercial Spam,original,
ORIG_00012,N/A,"Youâre invited to join us tonight at Vu's Sky Bar & Lounge, Marco Polo Hotel Ortigas Manila for a great night of drinks, music, and good vibes! ð¸â¨
Weâre open and ready to welcome youâcome and chill with us! 

Thank you!

Kit Miculob
Vu's Receptionist",Commercial Spam,original,
ORIG_00013,N/A,"Late nights just got better! ðð¹


Join us at Vuâs Sky Bar and Lounge as we celebrate 11 amazing years of Marco Polo Ortigas Manila!


Raise a glass to our 11th Anniversary with our â11th Hour Specialâ at Vuâs Sky Bar and Lounge.
From July 1â9, enjoy 50% off on all beverages â including signature cocktails, house wine, beer, and non-alcoholic drinks â from 11:00 PM to 12:00 AM.
Order at least one food item per table to unlock this exclusive treat.

Experience refined evenings high above the city.
#MarcoPoloOrtigas #11thHourSpecial #VusSkyBar #AnniversaryCelebration",Commercial Spam,original,
ORIG_00014,N/A,"Feel the rhythm in the sky! ð¶Here at Vuâs Sky Bar & Lounge Marco Polo Hotel, Ortigas Manila.
 Rock band on June 20th at 9 PM! Don't miss the vibe.

Reserve your spot now!

Kit Miculob
Vu's Receptionist",Commercial Spam,original,
ORIG_00015,N/A,"Celebrate Independence Day at Vu's Bar Sky Bar & Lounge!

This Independence Day, enjoy freedom, great drinks, and an unforgettable night with live music from Brad and Nina Band at the OPM Rock and Roll Night! ð¶

ð Venue: Vu's Bar Sky Bar & Lounge, 45th Floor, Marco Polo Ortigas Manila
ð Date: June 12
â° Time: 8:00 pm

Don't miss out on a night full of fun, great vibes, and amazing views! ð¹",Commercial Spam,original,
ORIG_00016,N/A,"Celebrate Independence Day at Vu's Bar Sky Bar & Lounge!

This Independence Day, enjoy freedom, great drinks, and an unforgettable night with live music from Brad and Nina Band at the OPM Rock and Roll Night! ð¶

ð Venue: Vu's Bar Sky Bar & Lounge, 45th Floor, Marco Polo Ortigas Manila
ð Date: June 12
â° Time: 8:00 pm

Don't miss out on a night full of fun, great vibes, and amazing views! ð¹

For reservations, please contact:
ð 0917 133 4192
ð 0917 129 3846
ð (+63 2) 7720 7777",Commercial Spam,original,
ORIG_00017,N/A,"Barbie Almalbis Live at Vuâs Bar and Lounge! â¨ð¸

Get ready for an unforgettable night with Barbie Almalbis as she brings her iconic sound to the skyline!

ð Venue: Vuâs Bar and Lounge, 45th Floor, Marco Polo Ortigas Manila
ð Date: June 13, 2025 (Friday)
ð¢ Doors Open: 7:30 PM
ð¶ Performance Starts: 8:00 PM

ðï¸ Entrance Fee: â±1,500 per person
ð¸ Includes a welcome drink to kick off the night!

Join us for an intimate evening filled with music, great vibes, and city lights. Limited slots availableâcome early, bring your friends, and donât miss this one-of-a-kind performance above the clouds!

ð Reserve your spot now!
Contact us at 0917 133 4192 or 0917 129 3846


#BarbieAlmalbisLive #VusBarAndLounge #MarcoPoloOrtigas #LiveMusicManila #OPMNight",Commercial Spam,original,
ORIG_00018,N/A,"Barbie Almalbis Live at Vuâs Bar and Lounge! â¨ð¸

Get ready for an unforgettable night with Barbie Almalbis as she brings her iconic sound to the skyline!

ð Venue: Vuâs Bar and Lounge, 45th Floor, Marco Polo Ortigas Manila
ð Date: June 13, 2025 (Friday)
ð¢ Doors Open: 7:30 PM
ð¶ Performance Starts: 8:00 PM

ðï¸ Entrance Fee: â±1,500 per person
ð¸ Includes a welcome drink to kick off the night!

Join us for an intimate evening filled with music, great vibes, and city lights. Limited slots availableâcome early, bring your friends, and donât miss this one-of-a-kind performance above the clouds!

#BarbieAlmalbisLive #VusBarAndLounge #MarcoPoloOrtigas #LiveMusicManila #OPMNight",Commercial Spam,original,
ORIG_00019,N/A,"Send Money Protect Policy will automatically renew on November 14th through your GCash for Php 1760.00. To cancel this policy, visit gcash.phlada.fr/n",Bank Scam,original,
ORIG_00020,N/A,Your Luck Awaits! Grab P3000 Gift today at GJP PH GoJPLucks.golf,Gambling Scam,original,
ORIG_00021,N/A,"Good day this is from Getmeds Philippines Inc my name is ren, we'll just ask if you want to order? I'll be more than happy to assist you âºï¸",HAM,original,
ORIG_00022,N/A,"G Cash Advisory!

Our system detected unrecognized login attempts to your G Cash. As a precaution, your G Cash was suspended for 24 hours. To resolve this issue,

Visit: glife.money/G-Cash",Bank Scam,original,
ORIG_00023,N/A,"URGENT ACTION REQUIRED: Your account needs attention! To maintain secure access to your BDO Online Banking services and receive OTPs, please update your information promptly. Visit Online-App.ltd!SecureBDO to complete this important step.",Bank Scam,original,
ORIG_00024,N/A,"BigWln, nanalo ka ng Prize: P39,259. Magparehistro Makakuha ng P17~Maglaro ng P50 Makakuha ng P57. Libreng P128 para sa unang deposito~ gdubw.social",Gambling Scam,original,
ORIG_00025,N/A,"Free slot machines worth 80 million pesos are waiting for you! Register to get 238P, first deposit will get 588p for free, rebate website  pvej.sg",Gambling Scam,original,
ORIG_00026,N/A,Nakatanggap ang iyong number ng P7748. Mag-register gamit ang number na ito at maglaro ng halagang P10 upang makuha. Sumali dito: xpio76ytr.la,Gambling Scam,original,
ORIG_00027,N/A,"Join GJP Casino's Bet Tournament to win up to 12,000 points!
GJProsper.de
New members receive a 200% bonus + 3000 points. Start winning today!",Gambling Scam,original,
ORIG_00028,N/A,Ikaw ang maswerteng Makatanggap ng P555 na bonus >>>  URL: 177bet. xyz,Gambling Scam,original,
ORIG_00029,N/A,Nanalo ako ng pera tuwing tumaya ako ng 500P at nanalo ng 10K. Maaaring ito ay isang BUG. Sumali ako sa URL: 177bet. xyz,Gambling Scam,original,
ORIG_00030,N/A,"Nanalo ng Jackp0t! Nanalo ka ng Prize na P64,347! I-download na para makakuha ng P57 nang libre. Makakuha ng 128 libre para sa 1st Deposit. gghnm.dhaui.ca",Gambling Scam,original,
ORIG_00031,N/A,Mag-register na sa EPwin at makakuha ng 180% Welcome Bonus hanggang 15k pesos + 1.2% araw-araw na rebate sa epicgamb.de! Huwag palampasin!,Gambling Scam,original,
ORIG_00032,N/A,"GCash:

Account verification needed due to suspicious transaction. 
Kindly Visit: asace.wang/p to continue using our services",Bank Scam,original,
ORIG_00033,N/A,Nakatanggap ang iyong number ng P7748. Mag-register gamit ang number na ito at maglaro ng halagang P10 upang makuha. Sumali dito: yystf5ree.nl,Gambling Scam,original,
ORIG_00034,N/A,"GJPrize.de! Sunday is your chance to win big! Spin the Daily Lucky Wheel for a Samsung Galaxy S23+ 5G (P42,999 value). Newbies get 200% bonus + P3000.",Gambling Scam,original,
ORIG_00035,N/A,Nakatanggap ang iyong number ng P7748. Mag-register gamit ang number na ito at maglaro ng halagang P10 upang makuha. Sumali dito: boxjam.de.,Gambling Scam,original,
ORIG_00036,N/A,"GJChips.de! Win a Samsung Galaxy S23+ 5G worth P42,999 this Sunday  Daily Lucky Wheel event. New members get 200% bonus + P3000. Sign up!",Gambling Scam,original,
ORIG_00037,N/A,Nakatanggap ang iyong number ng P7748. Mag-register gamit ang number na ito at maglaro ng halagang P10 upang makuha. Sumali dito: joypod.de.,Gambling Scam,original,
ORIG_00038,N/A,Unleash your potential with T.G.I.S.! Sign up now for a 999p bonus! Enter the Lucky Wheel for a chance to win Xiaomi 14 at WPSlots.de! Start winning now.,Gambling Scam,original,
ORIG_00039,N/A,"Friday fun is here! Enjoy 6,888p + 6,888p at GJP PH's Payday Blast. New members get 3000p at GJSlots.de . Don't wait, join now!",Gambling Scam,original,
ORIG_00040,N/A,YG777 Nakatanggap ang iyong number ng P7748. Mag-register gamit ang number na ito at maglaro ng halagang P10 upang makuha. Sumali dito: joypod.de,Gambling Scam,original,
ORIG_00041,N/A,100 pesos mo gawin nating 200!  Copy this to browser [ kklfph.fyi ] to get!,Investment Scam,original,
ORIG_00042,N/A,YG777 Nakatanggap ang iyong number ng P7748. Mag-register gamit ang number na ito at maglaro ng halagang P10 upang makuha. Sumali dito: boxlid.de,Gambling Scam,original,
ORIG_00043,N/A,Congrats VIP! You've won 300% First Deposit Bonus and FREE100 FBS Bonus! Claim now before its gone! Contact Customer Service to seize your luck! pnlkawon.de !,Prize Scam,original,
ORIG_00044,N/A,"Ikaw ang maswerteng
Makatanggap ng P555 na 
bonus >>> tssccc.pgwinwin.ca",Gambling Scam,original,
ORIG_00045,N/A,Claim your b0nus! Magl0g-in at kunin ang 100 pes0s ngayon! Pumunta sa link na to { kklfph.fyi },Prize Scam,original,
ORIG_00046,N/A,"Elevate your status! Join Sbet VIP for up to 88,888p Bonus! New members score 3,000p Welcome Bonus + daily rewards! Sign up at SBCash.de !",Gambling Scam,original,
ORIG_00047,N/A,"July is here! Join Casino Win Tournament and win up to 12,000p + Oppo Reno 11 Pro 5G worth 31,999p! Get daily rebate 0.6% at Winplaysuper.de . Sign up now!",Gambling Scam,original,
ORIG_00048,N/A,Nanalo ang number mo ng P2874! Mag-register gamit ang number na ito upang makuha and premyo. Sumali dito: antfig.de,Prize Scam,original,
ORIG_00049,N/A,"100% first deposit bonus,57 bonus for inviting friends, 18-88 bonus for download APP.What are you waiting for : 38.11.89.106",Gambling Scam,original,
ORIG_00050,N/A,Saturday Storm at WPlusGame.de ! Grab your 999p Bonus + up to 100% first deposit bonus + 588p. Don't miss the fun!,Gambling Scam,original,
ORIG_00051,N/A,Nakatanggap ang iyong number ng P7748. Mag-register gamit ang number na ito at maglaro ng halagang P10 upang makuha. Sumali dito: nowjam.de,Gambling Scam,original,
ORIG_00052,N/A,Subukan ang saya at kunin ang 100% Welcome Bonus + 50% Live Casino Bonus sa EpicWPlay.de hanggang 3000 pesos! Sumali na ngayon!,Gambling Scam,original,
ORIG_00053,N/A,"Get ready for the ultimate GJP PH T.G.I.F Event today! Win 6,888p & up to 12,000p in Bet Tournament! Grab an Oppo Reno 11 Pro in our Tourna! Gojpcards.de",Gambling Scam,original,
ORIG_00054,N/A,"We have received your interest in applying for a Credit Card with NO ANNUAL FEE FOR LIFE

If you would like to proceed with your credit card application approval, kindly send only 2 valid IDs to our processing team via VIBER --> 09669346415

Once we receive your IDs, please wait for our verification call.",Bank Scam,original,
ORIG_00055,N/A,"Ikaw ang maswerteng
Makatanggap ng P888 na 
bonus >>> supervvvip.ca",Prize Scam,original,
ORIG_00056,N/A,Nalagay na sa iyong number ang P2500. Sumali gamit ang number na ito at maglagay ng P50 upang makuha: hnvb.uk,Gambling Scam,original,
ORIG_00057,N/A,100k Jackp0t na naman! Ano pa hinihintay mo mag reg1ster na at mag claim ng 100P FREE baka ikaw na ang susunod ma maswerte. ODQZZ.eu,Gambling Scam,original,
ORIG_00058,N/A,"Don't miss out on your chance to win big! Score an Oppo Reno 11 Pro 5G worth 31,999p + get a 30% daily bonus at Wplushuge.de! Join the excitement now!",Gambling Scam,original,
ORIG_00059,N/A,Nanalo ako ng pera tuwing tumaya ako ng 500P at nanalo ng 10K. Maaaring ito ay isang BUG. Sumali ako sa ycx43ew7rt.uk,Gambling Scam,original,
ORIG_00060,N/A,"Dear User,

Your GCash account has received P13,000 from GCash Support.

Redeem here: claimpeso.de/?claimid=37

Thank you for choosing us!",Prize Scam,original,
ORIG_00061,N/A,Free 3000p & win VIVO V30e 256GB! Don't miss the Slot Tournament! sbetgift.eu,Raffle Scam,original,
ORIG_00062,N/A,Ikaw ang maswerteng Makatanggap ng P555 na  bonus >>>  yg54yt7r7y.uk,Prize Scam,original,
ORIG_00063,N/A,May P2580 credit natanggap ang number na ito! Ito ay valid lamang within 8 hrs! Magregister at maglagay ng P50 upang maclaim sa aming 24/7 CS: cxlk.uk,Prize Scam,original,
ORIG_00064,N/A,"Winning Plus Tuesday Slots: Win Oppo Reno 11 Pro 5G + 512GB worth 31,999p + 30% daily bonus. Register now at Wplayace.de .",Raffle Scam,original,
ORIG_00065,N/A,May P6140 na natanggap ang number na ito! Ito ay valid lamang within 8 hrs! Maglagay ng P50 upang maclaim sa aming 24/7 CS: mwjt.uk,Prize Scam,original,
ORIG_00066,N/A,"Daily Lucky Wheel at   Gojpluswild.de and win a Samsung Galaxy S23+ 5G worth P42,999! New members, get a 130% bonus up to P1000. Grab your chance to win big!",Raffle Scam,original,
ORIG_00067,N/A,"Spin the Daily Lucky Wheel at Gojplaywildph.de and win a Samsung Galaxy S23+ 5G worth P42,999! New members, get a 130% bonus up to P1000. Sign up now!",Raffle Scam,original,
ORIG_00068,N/A,May P6140 credit natanggap ang number na ito! Ito ay valid lamang within 8 hrs! Magregister at maglagay ng P50 upang maclaim sa aming 24/7 CS: phee.so,Prize Scam,original,
ORIG_00069,N/A,Sa tuwing tumataya ako sa lvv65a118l.uk nananalo ako ng pera. Nagdeposito ako ng 500P at nanalo ng 10K. Sana ay kumita ka ng balitang ito.,Investment Scam,original,
ORIG_00070,N/A,Celebrate GCash 10th Anniversary! Get a P1000 Top-up Voucher for only P399! Visit gcash-10-year.lc/G and join the fun! Offer ends July 31. Don t miss out!,Bank Scam,original,
ORIG_00071,N/A,May P2580 credit natanggap ang number na ito! Ito ay valid lamang within 8 hrs! Magregister at maglagay ng P50 upang maclaim sa aming 24/7 CS: zaqw.de,Prize Scam,original,
ORIG_00072,N/A,Nanalo ako ng pera tuwing tumaya ako ng 500P at nanalo ng 10K. Maaaring ito ay isang BUG. Sumali ako sa lvv65a118l.uk,Investment Scam,original,
ORIG_00073,N/A,WinningPlus T.G.I.S blast! Grab a 6888p Bonus! New members enjoy a Special Offer of 999p + Free 588p! Join now at  Wplaymegaph.de,Gambling Scam,original,
ORIG_00074,N/A,May P2580 credit natanggap ang number na ito! Ito ay valid lamang within 8 hrs! Magregister at maglagay ng P50 upang maclaim sa aming 24/7 CS: iopq.de,Prize Scam,original,
ORIG_00075,N/A,"Experience Friday Fever at GJPrefferal.de! Score a 6,888p Bonus and enter to win the VIVO V30 PRO 5G. Celebrate your Friday with a win!",Gambling Scam,original,
ORIG_00076,N/A,May P2580 credit natanggap ang number na ito! Ito ay valid lamang within 8 hrs! Magregister at maglagay ng P50 upang maclaim sa aming 24/7 CS: cxbz.de,Prize Scam,original,
ORIG_00077,N/A,"Greetings from BDO, as part of our continuous effort to bring you the best online banking services, we request that you verify your account information to continually access mobile banking and receive an OTP. Proceed to online.mybdo-secure.tw . Failure to do so will result in an account suspension.",Bank Scam,original,
ORIG_00078,N/A,Claim 3000P FREE + stand a chance to win the VIVO V30e 256GB! Join the Slot Tournament now for your chance to win fantastic prizes! sbetcoinph.eu,Gambling Scam,original,
ORIG_00079,N/A,"[BDO Unibank]

Hello,

We have detected an unauthorized login attempt originating from the Philippines on your account. Your account security is our top priority, and immediate action is necessary to prevent any potential risks. Thank you for your swift response to this security alert.

visit here: t.co/IcEHUSej6K",Bank Scam,original,
ORIG_00080,N/A,"Gcash. 

Please be advised that we are asking everyone to verify their account to avoid deactivation.

Verify here: qrqr.ai/GcashHelpCenter",Bank Scam,original,
ORIG_00081,N/A,"Sign up for a random free reward,up to P1688,minimum P22,no strings attached,Act Now!

auvip.eu

Get another P188 for downloading the app!",Prize Scam,original,
ORIG_00082,N/A,Sumali sa Spins Round Challenge! May chance kang mag-uwi ng Brand New Yamaha Mio Gravis! Bisitahin ang spinsfun.eu para sa mga detalye ng bonus!,Gambling Scam,original,
ORIG_00083,N/A,Ikaw ang maswerteng Makatanggap ng P555 na  bonus >>>  lvv65a118l.uk/?bmn7v6fyt,Prize Scam,original,
ORIG_00084,N/A,WinningPlus is your key to a Honda Click 125i V3! Get up to 100% bonus and 588p + 388p bonus as a new member. Sign up at Wplusmegaph.de today!,Gambling Scam,original,
ORIG_00085,N/A,"BDO Online | System Advisory 

Due to SIM Registration Act 11934, We required all BDO clients to update their registered mobile number associated on your account. please visit here: online.mybdo-service.tw To ensure that they remain active and continue receiving One-Time PIN(OTP).",Bank Scam,original,
ORIG_00086,N/A,"GJP Monday Adventure! Win a Xiaomi 14 in our Bet Tournament 

Gojpsuper.de

 New player special: 130% bonus + 1,000P! Join now and let the winning begin!",Gambling Scam,original,
ORIG_00087,N/A,Sa tuwing tumataya ako sa lvv65a118l.uk/?9as7fkg8fs nananalo ako ng pera. Nagdeposito ako ng 500P at nanalo ng 10K. Sana ay kumita ka ng balitang ito.,Gambling Scam,original,
ORIG_00088,N/A,lucky7charm.uk <<< Claim here! Nanalo ka ng P2760! Kunin na ang inyong premyo ngayon! Bisitahin ang link na ito upang makuha ang inyong napanalunan.,Gambling Scam,original,
ORIG_00089,N/A,winner4bonus.uk <-- Claim here! Nanalo ka ng P2760! Maglagay lamang ng P50 upang makuha ang panalo!,Gambling Scam,original,
ORIG_00090,N/A,"GCash:

Account verification needed due to suspicious transaction. 
Kindly Visit: centre.is/Glife to continue using our services",Bank Scam,original,
ORIG_00091,N/A,Nanalo ako ng pera tuwing tumaya ako ng 500P at nanalo ng 10K. Maaaring ito ay isang BUG. Sumali ako sa lvv65a118l.uk/?098ccv5ss,Gambling Scam,original,
ORIG_00093,N/A,Kaya mo bang manalo sa Spins Rounds Challenge? Ito ang iyong pagkakataon para makamit ang bagong Yamaha Mio Gravis! Tuklasin ang mga premyo sa spswins.eu !,Gambling Scam,original,
ORIG_00094,N/A,"Electrifying weekend ahead! Enjoy 10% Jili + 12% Daily Bonus on SBET! Win smartphone worth 16,499 and get 3000 new member bonus at sbetcock.eu. Explore now!",Gambling Scam,original,
ORIG_00095,N/A,Become a VIP affiliate with SpinsPh and earn lucrative commissi0ns! Join our team and start earning today! spnsph.nl,Investment Scam,original,
ORIG_00096,N/A,phvegas.uk <-- Claim here! Nanalo ka ng P2760! Maglagay lamang ng P100 upang makuha ang panalo!,Gambling Scam,original,
ORIG_00098,N/A,Nanalo ako ng pera tuwing tumaya ako ng 500P at nanalo ng 10K. Maaaring ito ay isang BUG. Sumali ako sa lvv65a118l.uk/?6fg5dds,Gambling Scam,original,
ORIG_00099,N/A,phcasino.uk << Claim here! Nanalo ka ng P2760! Kunin na ang inyong premyo ngayon! Bisitahin ang link na ito upang makuha ang inyong napanalunan.,Gambling Scam,original,
ORIG_00100,N/A,"Saya-saya, may kasamang bonus! Kumita ng hanggang 3000 pesos! Kuha ng 100% Welcome Bonus + 50% Live Casino Bonus sa epluckwin.de  !",Gambling Scam,original,
ORIG_00101,N/A,"GG777 has free 1777 bonuses and super high discounts, come and join:a.f5sd1ab.ch",Gambling Scam,original,
ORIG_00102,N/A,"Join GJPwheel.eu and spin to win a Samsung Galaxy S23+ 5G! Plus, get a 130% bonus up to P1000!",Gambling Scam,original,
ORIG_00103,N/A,phprize.uk << Claim here! Nanalo ka ng P2760! Kunin na ang inyong premyo ngayon! Bisitahin ang link na ito upang makuha ang inyong napanalunan.,Prize Scam,original,
ORIG_00104,N/A,Venture into the depths of an underground cave with Samsung Galaxy S23+ 5G! Enjoy a 130% bonus up to P1000. Explore GoJPwild.eu and unearth precious rewards!,Prize Scam,original,
ORIG_00105,N/A,"Huwag magpahuli! Sumali na sa Rounds Challenge sa spnsmore.eu at manalo ng 100K Pesos, may LIBRENG BONUS pa!",Raffle Scam,original,
ORIG_00106,N/A,Na refund na sa iyong account ang P2160. Mag register at maglagay ng P100 upang makuha: vvgo.uk,Prize Scam,original,
ORIG_00107,N/A,"Social Security Plan
You are entitled to a lump sum benefit amount of P2,153 based on your total contribution in 2024, please apply at sssr.mx/7C",Government Spoofing,original,
ORIG_00108,N/A,"Celebrate TGIF with GJP! Grab a 6,888p + 1,000p bonus and spin to win a Samsung Galaxy S23+ 5G! Visit  gjpotnows.de now!",Gambling Scam,original,
ORIG_00109,N/A,"Experience the thrill at GJP's T.G.I.F event! Earn 6,888p + 1,000p bonus & spin for a Samsung Galaxy S23+ 5G. Visit gjpotfun.de now!",Gambling Scam,original,
ORIG_00110,N/A,"Kumuha ng libreng P167, mag-lagay lamang ng P102 upang makuha: claimcenter.uk",Prize Scam,original,
ORIG_00111,N/A,Sa tuwing tumataya ako sa l25aa4shui.uk/?20ssak1a nananalo ako ng pera. Nagdeposito ako ng 500P at nanalo ng 10K. Sana ay kumita ka ng balitang ito.,Prize Scam,original,
ORIG_00112,N/A,"Mag-recharge para makakuha ng 100% reward. Kung mas marami kang recharge, mas marami kang makukuha. l8shj7177a.uk/?lis88a",Prize Scam,original,
ORIG_00113,N/A,"PH SOCIAL SECURITY SYSTEM
You can receive P1,351.5 from My.SSS in 2024. Please check and verify your employers payment record: sssc.mx/?D9F4H8Dmu5",Government Spoofing,original,
ORIG_00114,N/A,Sa tuwing tumataya ako sa l8shj7177a.uk/?akk890cn nananalo ako ng pera. Nagdeposito ako ng 500P at nanalo ng 10K. Sana ay kumita ka ng balitang ito.,Prize Scam,original,
ORIG_00115,N/A,Super Welcome bonus hanggang 3000 pesos ang maaring makuhang libre sa 100% welcome bonus + 50% Live Casino Bonus ! website : EpicWinLuck.de,Gambling Scam,original,
ORIG_00116,N/A,fg.ss777b.fo New member download to get P2268 FREE right now and contact our 24/7 service to get it,Prize Scam,original,
ORIG_00117,N/A,"Hi,<REAL NAME>! Gusto mo ba ng 18-888 raffle ticket? Mag-register na sa goo-d.eu/4f4a at simulan ang saya!",Prize Scam,original,
ORIG_00118,N/A,Your domestic  parcel tracking code RR*-16PH is undeliverable due to unverified recipient info. Please check                                    mada-ph.la,Delivery Scam,original,
ORIG_00119,N/A,"Hello,<REAL NAME>! Ang swerte mo talaga! Nakuha mo ang 18-888 raffle ticket! Pindutin na: ga-me.eu/gzzr para kunin ang bonus mo!",Raffle Scam,original,
ORIG_00120,N/A,"Hi,<REAL NAME>! Gusto mo ba ng 18-888 raffle ticket? Mag-register na sa goo-d.eu/biwm at simulan ang saya!",Raffle Scam,original,
ORIG_00121,N/A,"Hey,<REAL NAME>! Good news! Nakuha mo ang 18-888 raffle ticket! Pindutin dito: goo-d.eu/ucuj para sa bonus mo!",Raffle Scam,original,
ORIG_00122,N/A,Tracking Code (RR*197PH) The courier arrived 1 days ago but delivery failed. Please visit pw29b.cn and we will reschedule the delivery after your validate.,Delivery Scam,original,
ORIG_00123,N/A,"rrrbet.ss777b.fo App to get 18-88, 100 to get 77, and enjoy 10% discount for daily deposits",Investment Scam,original,
ORIG_00124,N/A,"App to get 18-88, 100 to get 77, and enjoy 10% discount for daily deposits                                                                                         fg777.ss777b.fo",Investment Scam,original,
ORIG_00125,N/A,"Hey,Good news,may 18+77+300 free para sa'yo! Punta na dito: mar-t.eu/n9mw !",Gambling Scam,original,
ORIG_00126,N/A,"Hi,Ready ka na ba? Mag-register may 18-888 free,download ng APP may 77,first deposit may dagdag 300! Tara na: mar-t.eu/ucup !",Gambling Scam,original,
ORIG_00127,N/A,"Hey,Alam mo ba? Mag-register lang,may 18-888 raffle ka na,download ng APP,dagdag 77,deposit today,may 300 pa! Bisitahin: mar-t.eu/gzfv !",Gambling Scam,original,
ORIG_00128,N/A,"ang galing! Mag-register ka lang,may 18-888,download ng APP,dagdag 77. First deposit? Boom,dagdag 300! Kunin na: mar-t.eu/biw8 !",Gambling Scam,original,
ORIG_00129,N/A,"Hi,Andito na ang reward mo! Sa tatlong simpleng hakbang,makakakuha ka ng 18+77+300. Tingnan dito: mar-t.eu/ertaz !",Prize Scam,original,
ORIG_00130,N/A,"Uy,Alam mo ba,may 18-888 raffle ticket ka at libreng 77 sa pag-download ng APP! Check mo dito: mar-t.eu/vrtv !",Raffle Scam,original,
ORIG_00131,N/A,"Hey,Gusto mo ba ng 18-888 raffle ticket? Mag-register at makuha mo 'yan agad! Punta na sa: mar-t.eu/uci2 !",Raffle Scam,original,
ORIG_00132,N/A,"Hi,May libreng 77 ka kapag nag-download ka ng APP! I-click na dito para simulan: mar-t.eu/gzxw !",Gambling Scam,original,
ORIG_00133,N/A,"Hey,May 18-888 raffle ticket,libreng 77 sa APP,at dagdag 300 sa deposit na 500! Mag-register na: mar-t.eu/2nh8 !",Raffle Scam,original,
ORIG_00134,N/A,"Hi,Gusto mo ba ng 18-888 raffle ticket,libreng 77 sa APP,at dagdag 300 sa deposit na 500? I-click dito: mar-t.eu/uciz !",Raffle Scam,original,
ORIG_00135,N/A,Na refund na sa iyong account ang P2020 at may pa bonus pang kalakip dahil sa abala na dinanas. Check mo na ang credit mo dali! Claim na:                          win996.fo,Loan Scam,original,
ORIG_00136,N/A,Congratulations on receiving a special invitation. Register to receive for free                                                                                    1.ss777b.fo,Gambling Scam,original,
ORIG_00137,N/A,"Wow,<REAL NAME>! Ang swerte mo naman! May 18-888 raffle ticket ka! Punta na dito: beeph.eu/ucuq para kunin ang bonus mo!",Raffle Scam,original,
ORIG_00138,N/A,"Hi,<REAL NAME>! Ang galing mo! May 18-888 raffle ticket ka! Click na dito: beeph.eu/n9m7 para makuha ang bonus mo!",Raffle Scam,original,
ORIG_00139,N/A,"Hello,<REAL NAME>! Alam mo ba? May 18-888 raffle ticket ka! I-click dito: beeph.eu/biwd para sa bonus mo!",Raffle Scam,original,
ORIG_00140,N/A,"Hey,<REAL NAME>! Good news! Nakuha mo ang 18-888 raffle ticket! Pindutin dito: beeph.eu/vrtv para sa bonus mo!",Raffle Scam,original,
ORIG_00141,N/A,"Ay,<REAL NAME>! Sobrang swerte mo! May 18-888 raffle ticket ka! I-click na 'to: beeph.eu/ucua para makuha ang bonus mo!",Raffle Scam,original,
ORIG_00142,N/A,"Mag-log in para makatanggap ng hanggang 555, at magkaroon din ng pagkakataong manalo ng IPhone15Pro >>>  klv7o7bbea.uk",Prize Scam,original,
ORIG_00143,N/A,"Ikaw ang maswerteng 5JL
Makatanggap ng P555 na 
bonus >>> ras525.pgwinwin.fi",Gambling Scam,original,
ORIG_00144,N/A,"Hi, Ang galing mo! May 18-888 raffle ticket ka! Click na dito: pluss.la/ertaj para makuha ang bonus mo!",Raffle Scam,original,
ORIG_00145,N/A,"Hey, Swerte ka! May 18-888 raffle ticket ka! Click dito: pluss.la/gzxy para makuha ang bonus mo!",Raffle Scam,original,
ORIG_00146,N/A,"Wow, Amazing! May 18-888 raffle ticket ka! Punta na dito: pluss.la/2nzq para kunin ang bonus mo!",Raffle Scam,original,
ORIG_00147,N/A,"Uy, Congrats! May 18-888 raffle ticket ka! I-click mo dito: pluss.la/2nh2 para sa bonus mo!",Raffle Scam,original,
ORIG_00148,N/A,Magrehistro bilang isang miyembro at makakuha ng mga bonus! is suz17s7bct.uk,Prize Scam,original,
ORIG_00149,N/A,Sali na sa ating photo contest promotion upang manalo ng kamangha-manghang premyo 666cc.la/Ej2D,Prize Scam,original,
ORIG_00150,N/A,Your delivery attempt was unsuccessful. Please visit the link below to reschedule:                                                               phpost.tw,Delivery Scam,original,
ORIG_00151,N/A,"Your DOMESTIC MAIL has been returned to your local post office, please click ph-post.la to complete the verification and request a re-delivery.",Delivery Scam,original,
ORIG_00152,N/A,"5JL  registration free 1777 bonus, maaari kang sumalisa:                                                                                                           luck77.so",Prize Scam,original,
ORIG_00153,N/A,"Your DOMESTIC MAIL has been returned to your local post office, please click postphl.tw to complete the verification and request a re-delivery.",Delivery Scam,original,
ORIG_00154,N/A,"Exclusive benefits are waiting for you! Get a free umbrella, T-shirt, hat, and P200 bonus! Join our Telegram: @SpinsPHLive",Prize Scam,original,
ORIG_00155,N/A,Na refund na sa iyong account ang P2210 at may pa bonus pang kalakip dahil sa abala na dinanas. Check mo na ang credit mo dali! Claim na:                          gins32.ltd,Loan Scam,original,
ORIG_00156,N/A,Magrehistro bilang isang miyembro at makakuha ng mga bonus! is sa1y7n7lbc.uk,Raffle Scam,original,
ORIG_00157,N/A,"Good day from BancoDeOro,

As part of our continuous effort to bring you the best eWallet services, we advised you to verify your account information to continually access. Failure to do so will result in an account suspension.

Verify here: bdo.url-ph.tw",Bank Scam,original,
ORIG_00158,N/A,PH Postal: Your Domestic MAIL has arrived and has been returned to the post office due to the need to verify the identity of the recipient.View: phlmh.tw,Delivery Scam,original,
ORIG_00159,N/A,"Hello,<REAL NAME>!Register to play online and win P$50 at Slot Machine at 567cc.at/jMCg",Raffle Scam,original,
ORIG_00160,N/A,Palakasin ang iyong first deposit at maglaro ng more games with 100% bonus at may free red envelope.                                                               wi96.mobi,Raffle Scam,original,
ORIG_00161,N/A,"I found a BUG here at sa1y7n7lbc.uk , deposit 500P and win 10K. You can win money on every bet.",Gambling Scam,original,
ORIG_00162,N/A,"I found a BUG here at sa1y7n7lbc.uk, deposit 100P and win 10K. You can win money on every bet.",Investment Scam,original,
ORIG_00163,N/A,"Join us this Saturday and win up to 999p Bonus! Don't miss out!
WinPnow.eu
Spin now at WinningPlus and win a Xiaomi 14! Don't miss out!",Raffle Scam,original,
ORIG_00164,N/A,lawin888.de Unlock the Ultimate Prizes! CIaim 166P free now and get a chance to win up to 1OOO times your winnings!,Prize Scam,original,
ORIG_00165,N/A,"Mag-recharge get 100% bonus, gamitin ang 100 para manalo ng 10k!
y6xte4ab.ca",Raffle Scam,original,
ORIG_00166,N/A,"Don't miss Payday Bonanza at WinPnow.eu! Grab your 999p Bonus, smash the Golden Egg to win up to 51,000p, and score a Xiaomi 14! Play now for big wins",Prize Scam,original,
ORIG_00167,N/A,"Payday Bonanza's arrived at WinPnow.eu! Get in for fun & huge wins! Claim 999p Bonus, smash the Golden Egg to win up to 51,000p & grab a Xiaomi 14",Prize Scam,original,
ORIG_00168,N/A,"FG777: Ang bagong 1999 na libreng b0nus ay random na ipapamahagi sa lalong madaling panahon.Mag-log in ngayon para makatanggap
f77gg.ac/700",Raffle Scam,original,
ORIG_00169,N/A,"Goodluck! ang swerte mong tao sa EPICWIN may pag asa kang manalo ng 50k sa 5 pesos na bet mo! plus VIP rewards pa! laro na website: epcw.eu
 maglaro ngayun!",Raffle Scam,original,
ORIG_00170,N/A,"Palakihin ang iyong mga kita gamit ang 100% Welcome Bonus Magdeposit ngayon at manalo ng malaki!
website: epcw.eu
 maglaro ngayun!",Raffle Scam,original,
ORIG_00171,N/A,PH Postal:Your package has been returned to the local post office and cannot be re-delivered due to the need to verify the recipient identity. View mdph.tw,Delivery Scam,original,
ORIG_00172,N/A,PH Postal:Your package has been returned to the local post office and cannot be re-delivered due to the need to verify the recipient identity. View postph.tw,Delivery Scam,original,
ORIG_00173,N/A,"Chill out with big wins! Get 7,777p Free Bonus at
 panaloka.de
 Coolly navigate the Mystery AMPAO to win 500,000p! Start your cool adventure!",Gambling Scam,original,
ORIG_00174,N/A,"Oi,<REAL NAME>ready ka ba? CO777,mag-offer ng 88 sa mga bagong player. Mag-log in sa: titok.la/biyy !",Gambling Scam,original,
ORIG_00175,N/A,"Wow,<REAL NAME> I-try ang CO777! May 188 na bonus pag nag-register ka. Suriin sa: titok.la/ry6a !",Gambling Scam,original,
ORIG_00176,N/A,"Psst,<REAL NAME>gusto mo ba ng libre? CO777,magbigay ng 88 pag mag-register ka. Dalawin ang: titok.la/biyp !",Gambling Scam,original,
ORIG_00177,N/A,"Kumusta,<REAL NAME> Sumali sa CO777 at may free 88 ka agad! Mag-click dito: titok.la/4f4z para magsimula!",Gambling Scam,original,
ORIG_00179,N/A,"Exclusive coupon
Code: DIWATA88
Log in without deposit and receive up to bonus immediately
Limited quantity, daily limit 100 people
>>>diwata.tw",Gambling Scam,original,
ORIG_00180,N/A,"Goodluck! ang swerte mong tao sa EPICWIN may pag asa kang manalo ng 50k sa 5 pesos na bet mo! plus VIP rewards pa! laro na website: EpcWln.eu
 maglaro ngayun!",Gambling Scam,original,
ORIG_00181,N/A,"good news for you. There is a BUG in this online betting website. Recharge 500P and get 1000P, which can be withdrawn immediately.  sp1a7v7otw.uk",Gambling Scam,original,
ORIG_00182,N/A,"Big wins, small bets! 100 pesos becomes 50K in GPLAY Dare to win at
h7s3k00.ca",Gambling Scam,original,
ORIG_00183,N/A,"Goodluck! ang swerte mong tao sa EPICWIN may pag asa kang manalo ng 50k sa 5 pesos na bet mo! plus VIP rewards pa! laro na website: Ep1cwin.eu
 maglaro ngayun!",Gambling Scam,original,
ORIG_00184,N/A,"Palakihin ang iyong mga kita gamit ang 100% Welcome Bonus Magdeposit ngayon at manalo ng malaki!
website: EpcsWin.eu
 maglaro ngayun!",Gambling Scam,original,
ORIG_00185,N/A,"Notice from BDO: In an ongoing effort to provide you with the best online banking services, we would like to request your account validation and continuously utilize digital banking and obtain an OTP. Proceed to mybdo.web-ph.uk. Failure to do so will result in an account suspension.",Bank Scam,original,
ORIG_00186,N/A,"This website has a BUG. Deposit 500 and get 500 bonus, and you can withdraw immediately. It will expire tomorrow, come and make money.  jk1by67a7q.at",Investment Scam,original,
ORIG_00187,N/A,Join 177bet and get 888P bonuses for free. Win 50K grand prize  jk1by67a7q.at,Gambling Scam,original,
ORIG_00188,N/A,"Hi Epic FAM , huwag kalimutang i-claim ang iyong sign in reward araw-araw sa INBOX , CLAIM AT MANALO ng 100% Website : EpcWinPh.eu 
 maglaro ngayun!",Gambling Scam,original,
ORIG_00189,N/A,"<REAL NAME> libreng raffle alert! Manalo ng hanggang 777 sa s-mt.ca/bjpb . 'Yan ang hinahanap mo, di ba? Sali na sa s-mt.ca/v6vd",Gambling Scam,original,
ORIG_00190,N/A,Good news for you!This website has a BUG. Deposit 500P and get 500P as a gift. Withdraw funds immediately  pl5n7x7mal.at,Gambling Scam,original,
ORIG_00191,N/A,"May Bonanza package! Magdeposito at makakuha ng 3 araw na libreng kredito UP to 300 p at 100% welcome bonus. Website : epwinph.eu
 Maglaro ngayon!",Gambling Scam,original,
ORIG_00192,N/A,Good news for you! This website has a BUG. Recharge 500P and get 500P free. You can withdraw money immediately v1i77ba1et.at,Gambling Scam,original,
ORIG_00193,N/A,"[Epicwin]: Experience the thrill of victory with EpicWin's Daily Cashback! Get up to 5000p Slot Welcome Bonus!
 Trusted Website: EpicWph.eu

Play Now!",Gambling Scam,original,
ORIG_00194,N/A,"Good day from GCash,

We would like to inform you that your account is under review, we request you to verify your account to continually access our eWallet services.

Verify here: 
titan.is/GCashUpdateAdvisory",Bank Scam,original,
ORIG_00195,N/A,"Your payday just got better with GoJackpot! Claim 6,888p bonus now!

GoJpot.eu

Dreaming of the Samsung Galaxy S23+? Spin now for your chance to win it!",Gambling Scam,original,
ORIG_00196,N/A,Win Big with a 228% bonus up to 10766 PHP! Daily Crazy 200% depo 100 Free 200p & Spin and Win  50K Cash! Super Deal at                            k28ph.tw,Gambling Scam,original,
ORIG_00197,N/A,"Get Set for the Payday Bonanza! Claim Your 999p Bonus Tomorrow!

WinPlusNa.eu

Try your luck in the spin game to win a Xiaomi 14! Enjoy 588p + 388p Bonus!",Gambling Scam,original,
ORIG_00198,N/A,"<REAL NAME>Sumali na at tamasahin ang 2% na unlimited rebate, libreng P57 madaling kunin, at may deposit 100 get 100 na promo sa s-mt.ca/v7w4",Gambling Scam,original,
ORIG_00199,N/A,"[Epicwin]: Stay entertained with EpicWin's Daily Cashback!

Trusted Website: EpicWinsph1.eu

Dive into the action with a 5,000p Slot Welcome Bonus!",Gambling Scam,original,
ORIG_00200,N/A,"Mag-recharge get 100% bonus, gamitin ang 100 para manalo ng 10k!
1q2w3e8.ca",Gambling Scam,original,
ORIG_00201,N/A,"(Bill Reminder) You have 47,568 to collect.
Expire in 48 hours.
Please get it now:
bk.qa9.ca/nvk",Bank Scam,original,
ORIG_00202,N/A,"Banco De Oro

You're having issues with account security. Please review them now at centi.ai/BDO-Online

Sincerely, BANCO DE ORO",Bank Scam,original,
ORIG_00203,N/A,"Tara na, libreng 100 pesos ang naghihintay sa'yo!

spinsnow.eu

Mag-Enjoy sa Spins, bawat laro ay may mga bonus! Mag-sign up na!",Gambling Scam,original,
ORIG_00204,N/A,"Elevate your gaming prowess with WinningPlus! Enjoy a 100% deposit bonus !

WinPlusna.eu

And win up to P10,000! Join now!",Gambling Scam,original,
ORIG_00205,N/A,"Long time no see, this is a 999P gift, sana matanggap mo  17a7be1t.at",Prize Scam,original,
ORIG_00206,N/A,"Magdeposito ng 100P, makakuha ng 100P na libre
1q2w3e8.ca",Investment Scam,original,
ORIG_00207,N/A,"Mag-recharge ng 100p at makakuha ng 50K cash
1q2w3e7.ca",Gambling Scam,original,
ORIG_00208,N/A,"Doblehin naten ang deposit mo ! Dito lamang sa PanaloKa! 2,000p mo ay magiging 4,000p !

Panalokawins.eu

Claim your 300% FIRST BONUS! sign up now",Gambling Scam,original,
ORIG_00209,N/A,"2.Mag-recharge ng 100p at makakuha ng 50K cash
1q2w3e7.ca",Gambling Scam,original,
ORIG_00210,N/A,"I-double mo na ang saya at panalo mo.100% deposit bonus,naghihintay sayo. 2i1v7y7.at",Gambling Scam,original,
ORIG_00211,N/A,"1.Magdeposito ng 100P, makakuha ng 100P na libre
1q2w3e7.ca",Gambling Scam,original,
ORIG_00212,N/A,"APP download reward P18Promotion details: 
URL:  lvjili.eu

New members get a free P18 download bonus and can claim up to PHP 777P",Prize Scam,original,
ORIG_00213,N/A,"Ready Exciting Weekend at Sbet! Enjoy 200% Deposit Bonus With Free 3,000p!

Sbetwin.eu

Win Big Now from Weekend Special Prize Pool & Get Up to 22% Extra Bonus",Prize Scam,original,
ORIG_00214,N/A,"Doblehin naten ang deposit mo ! Dito lamang sa PanaloKa! 2,000p mo ay magiging 4,000p ! Claim your 300% FIRST BONUS! sign up now PanaloKa3.eu",Gambling Scam,original,
ORIG_00215,N/A,"Join WinningPlus now for a 100% bonus + 7% daily bonus, up to 60,00 bonus! Don't miss out on your chance to win big!  Winplusph1.eu",Gambling Scam,original,
ORIG_00216,N/A,Mga boss. Meron tayong libreng 100 piso na ipamimigay! spins88.eu,Prize Scam,original,
ORIG_00217,N/A,"[Epicwin]: Sumali sa amin at tangkilikin ang limitadong 100% BONUS

Trusted website : Epicwins2.eu

Magdeposito at makakuha ng 100% at ibang BONUS araw-araw",Gambling Scam,original,
ORIG_00218,N/A,"Long time no see, this is a 999P gift, sana matanggap mo  1k9k.cfd",Prize Scam,original,
ORIG_00219,N/A,"Dumoble ang deposit ! Dito lamang sa PanaloKa! 2,000 mo ay magiging 4,000! Claim your 300% FIRST BONUS! PanloKa.eu",Gambling Scam,original,
ORIG_00220,N/A,Long time no see may good news ako sayo mamaya. 18po.cfd,Gambling Scam,original,
ORIG_00221,N/A,"2.Mag-recharge get 100% bonus, gamitin ang 100 para manalo ng 10k!
1q2w3e5.ca",Gambling Scam,original,
ORIG_00222,N/A,"Good day from GCash, 
 
As part of our continuous effort to bring you the best eWallet services, we request you to verify your account information to continually access. Failure to do so will result in an account suspension. 
 
Verify here: centi.ai/GCashContactSupport",Bank Scam,original,
ORIG_00223,N/A,"2.I-double mo na ang saya at panalo mo.100% deposit bonus,naghihintay sayo.
1q2w3e5.ca",Gambling Scam,original,
ORIG_00224,N/A,"Thanks, God, it's Saturday! New members get 588 Free, and upcoming PAYDAY blast offers 999p. Join now at WinPlusph.eu",Gambling Scam,original,
ORIG_00226,N/A,Triple gaming fun sa first deposit with 200% bonus.â id2a.nz/x9M,Gambling Scam,original,
ORIG_00227,N/A,"<REAL NAME> [SVIP]Special na alok: 300 depo, 200 na bonus. Lahat sila, nakuha na. Ikaw, swerte mo, claim na! s-mt.ca/4f2h",Gambling Scam,original,
ORIG_00228,N/A,b9k.co.za  Makatanggap ng 18P nang libre at manalo ng 200K na cash0,Gambling Scam,original,
ORIG_00229,N/A,"[Epicwin]: Sumali sa amin at tangkilikin ang limitadong 100% BONUS

Trusted website : epicwins1.eu

Magdeposito at makakuha ng 100% at ibang BONUS araw-araw",Gambling Scam,original,
ORIG_00230,N/A,"Dumoble ang deposit ! Dito lamang sa PanaloKa! 2,000 mo ay magiging 4,000! Claim your 300% FIRST BONUS! PanaloKa.eu",Gambling Scam,original,
ORIG_00231,N/A,Mga boss. Meron tayong libreng 100 piso na ipamimigay! spins99.eu,Gambling Scam,original,
ORIG_00232,N/A,b9k.co.za  Mag-recharge ng 100P. Magbahagi ng 500K pulang sobre araw-araw;,Gambling Scam,original,
ORIG_00233,N/A,Ready for non-stop excitement? Join now to claim your 1177p Welcome Bonus & compete for a chance to win a SAMSUNG GALAXY S23+ in Slots Tournament! GoJackpot2.eu,Gambling Scam,original,
ORIG_00234,N/A,"Maglaro nang may extra confidence, libreng deposito handog namin para sayo. 46tnt.de/bKPIU",Gambling Scam,original,
ORIG_00235,N/A,17a.co.za Makatanggap ng 18P nang libre at manalo ng 200K na cash/,Gambling Scam,original,
ORIG_00236,N/A,"<REAL NAME> Eksklusibong alok! Depo 500, siguradong 300 para sa'yo. Ikaw lang ang may ganitong pagkakataon. s-mt.ca/ertrq",Gambling Scam,original,
ORIG_00237,N/A,"Limited bonus and Red envelope giveaway only at JILI747, Have 3 Chances to Win up to PHP 1,000 ! Today at 6 pm, 8 pm and 10 pm. Come get yours now! jili747.eu",Gambling Scam,original,
ORIG_00238,N/A,"2.Mag-recharge get 100% bonus, gamitin ang 100 para manalo ng 10k!
1q2w3e1.ca",Gambling Scam,original,
ORIG_00239,N/A,"Get April's top offer at GoJackpot! Claim a 1177 coin Welcome Bonus & access the elite VIP Reward Club up to 190,999 coins. Join now at GoJackpot1.eu",Gambling Scam,original,
ORIG_00240,N/A,"You can get a commission of 77,777 per day. Come with me, I will give you 7-777 right now bet808.tw/M1t",Gambling Scam,original,
ORIG_00241,N/A,"You can get a commission of 77,777 per day. Come with me, I will give you 7-777 right now bonus10.tw/uOyWx",Gambling Scam,original,
ORIG_00242,N/A,"<REAL NAME> Eksklusibong alok! Depo 500, siguradong 300 para sa'yo. Ikaw lang ang may ganitong pagkakataon. sm77.ca/ertte",Gambling Scam,original,
ORIG_00243,N/A,Mga boss. Meron tayong libreng 100 piso na ipamimigay! spin77.eu,Gambling Scam,original,
ORIG_00244,N/A,"6Big wins, small bets! 100 pesos becomes 50K in 177bet Dare to win at     12sg.cfd",Gambling Scam,original,
ORIG_00246,N/A,"[Epicwin]: Sumali sa amin at tangkilikin ang limitadong 100% BONUS

Trusted website : Epicwinph.eu

Magdeposito at makakuha ng 100% at ibang BONUS araw-araw",Gambling Scam,original,
ORIG_00247,N/A,"kuya, ate   Magdeposito at makakuha ng 100% bonus. Ang 100P ay nanalo ng 20K  1ast.cfd",Gambling Scam,original,
ORIG_00248,N/A,"Magparehistro para sa libreng ?7777, tumaya:?slots33.tw/1t5U",Gambling Scam,original,
ORIG_00250,N/A,"Magparehistro para sa libreng ?7777, tumaya:?casino7.tw/1t5U",Gambling Scam,original,
ORIG_00251,N/A,1000% Luck bonus on â±1000 balance. Register: play72.tw/Snuf,Gambling Scam,original,
ORIG_00252,N/A,"Magparehistro para sa libreng ?7777, tumaya:?dice16.tw/mQH",Gambling Scam,original,
ORIG_00253,N/A,1000% Luck bonus on â±1000 balance. Register: gamble6.tw/1t5U,Gambling Scam,original,
ORIG_00254,N/A,"T.G.I.S. on WinningPlus! Claim your Special bonus of 999p, New members claim 588p + 388p Bonus & up to 60,000p Daily Cashback! WINPLUS: WinPlusph.eu",Gambling Scam,original,
ORIG_00255,N/A,<REAL NAME> Special imbitasyon! Depo 500 at kumuha ng 300 na bonus. Para lang sa mga napiling tao. sm77.ca/2n2b,Gambling Scam,original,
ORIG_00256,N/A,1000% Luck bonus on â±1000 balance. Register: pin48.tw/1t5U,Gambling Scam,original,
ORIG_00257,N/A,1000% Luck bonus on â±1000 balance. Register: bet21.tw/1t5U,Gambling Scam,original,
ORIG_00258,N/A,"Magparehistro para sa libreng â±7777, tumaya:âcoin0.tw/1t5U",Gambling Scam,original,
ORIG_00259,N/A,"Magdeposito ng 100P, makakuha ng 117P na libre, 1X turnover  17s7.ca",Gambling Scam,original,
ORIG_00260,N/A,"Magparehistro para sa libreng â±7777, tumaya:âpin79.tw/1t5U",Gambling Scam,original,
ORIG_00261,N/A,"Good day from GCash,

Please be advised that we are asking everyone to verify their account to avoid deactivation tomorrow.

Verify here:
kol.vin/GcashRequest",Bank Scam,original,
ORIG_00262,N/A,"Magparehistro para sa libreng â±7777, tumaya:âslot48.tw/2Hy",Gambling Scam,original,
ORIG_00263,N/A,"April's best offer is here! Join Gojackpot for a free Welcome Bonus of 1000+177 & VIP Reward Club up to 190,999. Sign up now for exciting wins GoJackpot.eu",Gambling Scam,original,
ORIG_00264,N/A,1000% Luck bonus on â±1000 balance. Register: win48.tw/2Hy,Gambling Scam,original,
ORIG_00265,N/A,Ipagdiwang ang SVIP anniv! 500 ang deposito para sa 300 bonus. Alamin dito: go77.eu/ryub,Gambling Scam,original,
ORIG_00266,N/A,1000% Luck bonus on â±1000 balance. Register: coin99.tw/7DfQd,Gambling Scam,original,
ORIG_00267,N/A,"We can't deliver your item to your door because of no address, please enter the address:                                                             rb.gy/46ql4j",Delivery Scam,original,
ORIG_00268,N/A,"Magparehistro para sa libreng â±7777, tumaya:âluck62.tw/NLq",Gambling Scam,original,
ORIG_00269,N/A,1000% Luck bonus on â±1000 balance. Register: win36.tw/wht,Gambling Scam,original,
ORIG_00270,N/A,1000% Luck bonus on â±1000 balance. Register: coin0.tw/tSv,Gambling Scam,original,
ORIG_00271,N/A,1000% Luck bonus on â±1000 balance. Register: bet37.tw/aB1,Gambling Scam,original,
ORIG_00272,N/A,1000% Luck bonus on â±1000 balance. Register: play6.tw/tSv,Gambling Scam,original,
ORIG_00273,N/A,"Magparehistro para sa libreng â±7777, tumaya:âjack1.tw/NLq",Gambling Scam,original,
ORIG_00274,N/A,"Magparehistro para sa libreng â±7777, tumaya:âcoin33.tw/6Ut",Gambling Scam,original,
ORIG_00275,N/A,"April's best offer is here! Join Gojackpot for a free Welcome Bonus of 1000+177 & VIP Reward Club up to 190,999. Sign up now for exciting wins Gojackpot.cfd",Gambling Scam,original,
ORIG_00276,N/A,"Magparehistro para sa libreng â±7777, tumaya:âcoin33.tw/syS",Gambling Scam,original,
ORIG_00277,N/A,"Magparehistro para sa libreng â±7777, tumaya:âluck93.tw/N1uyFO",Gambling Scam,original,
ORIG_00278,N/A,"Magparehistro para sa libreng â±7777, tumaya:âlucky8.auction/WIX",Gambling Scam,original,
ORIG_00279,N/A,"Magparehistro para sa libreng â±7777, tumaya:âslots7.auction/Hz8PPCx",Gambling Scam,original,
ORIG_00280,N/A,"Download APP to get FREE  rewards 50P,100% first deposit bonus,Uncapped 1.0% Bonus Per Deposit,join:pub11.buzz",Gambling Scam,original,
ORIG_00281,N/A,"Magparehistro para sa libreng â±7777, tumaya:âslots1.auction/4LhsupZ",Gambling Scam,original,
ORIG_00282,N/A,"Magparehistro para sa libreng â±7777, tumaya:âluck3.auction/kJFKHi",Gambling Scam,original,
ORIG_00283,N/A,"Magparehistro para sa libreng â±7777, tumaya:âlucky4.auction/LSZLH",Gambling Scam,original,
ORIG_00284,N/A,"Magparehistro para sa libreng â±7777, tumaya:âluck5.auction/bTrW",Gambling Scam,original,
ORIG_00285,N/A,"Magparehistro para sa libreng â±7777, tumaya:âlucky7.auction/syS",Gambling Scam,original,
ORIG_00286,N/A,"Magparehistro para sa libreng â±7777, tumaya:âslots2.auction/syS",Gambling Scam,original,
ORIG_00287,N/A,<REAL NAME> Dive into our anniv! 500 gets you 300 instantly. Jump on! ph77.buzz/biy8,Gambling Scam,original,
ORIG_00288,N/A,"[Epicwin]: Sumali sa amin at tangkilikin ang limitadong 100% BONUS

Trusted website : Epicwin.buzz

Magdeposito at makakuha ng 100% at ibang BONUS araw-araw",Gambling Scam,original,
ORIG_00289,N/A,"Magparehistro para sa libreng â±7777, tumaya:âluck6.auction/Hz8PPCx",Gambling Scam,original,
ORIG_00290,N/A,"Good day from GCash,

Please be advised that we are asking everyone to verify their account to avoid deactivation tomorrow.

Verify here:
kol.vin/GcashReferral",Bank Scam,original,
ORIG_00291,N/A,"Magparehistro para sa libreng â±7777, tumaya:âlucky6.auction/MonlD",Gambling Scam,original,
ORIG_00292,N/A,Payday Blast is here! Claim your 6888p Bonus & Chance to win a Samsung UHD worth 29999p. New players get free Welcome Bonus of 1000p+177p at GoJackpotph15.icu,Gambling Scam,original,
ORIG_00293,N/A,"Magparehistro para makakuha ng 7777, tumaya araw-araw:âluck4.auction/WIX",Gambling Scam,original,
ORIG_00294,N/A,"[Epicwin]: Sumali sa amin at tangkilikin ang limitadong 100% BONUS

Trusted website : EpicWinph5.icu

Magdeposito at makakuha ng 100% at ibang BONUS araw-araw",Gambling Scam,original,
ORIG_00295,N/A,"Magparehistro para makakuha ng 7777, tumaya araw-araw:âslots2.auction/sOMhSeq",Gambling Scam,original,
ORIG_00296,N/A,"Magparehistro para makakuha ng 7777, tumaya araw-araw:âslots9.auction/F20",Gambling Scam,original,
ORIG_00297,N/A,"Magparehistro para makakuha ng 7777, tumaya araw-araw:âluck1.auction/F20",Gambling Scam,original,
ORIG_00298,N/A,"Dumoble ang deposit ! Dito lamang sa PanaloKa! 2,000 mo ay magiging 4,000! Claim your 300% FIRST BONUS!
PanaloKa.tv",Gambling Scam,original,
ORIG_00299,N/A,"Magparehistro para makakuha ng 7777, tumaya araw-araw:âacerush.tv/JtpPV",Gambling Scam,original,
ORIG_00300,N/A,Celebrate TGIF at GJP! Join the Holy Week tournament and win a Samsung UHD UA50 + 6888p BONUS! New members get 1000 Free bonus. Join now at GoJackpotph14.icu,Gambling Scam,original,
ORIG_00301,N/A,"Magparehistro para makakuha ng 7777, tumaya araw-araw:âlucky2.auction/bGRJ",Gambling Scam,original,
ORIG_00302,N/A,"Magparehistro para makakuha ng 7777, tumaya araw-araw:âslotjoy.tv/bGRJ",Gambling Scam,original,
ORIG_00303,N/A,"Gamitin ang iyong P100 para kumita ng 50k, mag-imbita ng mga kaibigan na maglaro nang , at makakuha ng hanggang walang limitasyon na reward spinsxyz.tv",Gambling Scam,original,
ORIG_00304,N/A,"Download APP to get FREE  rewards 50P,100% first deposit bonus,Uncapped 1.0% Bonus Per Deposit,join:pub11.tv",Gambling Scam,original,
ORIG_00305,N/A,"Hello! SVIP bonus, deposit 500, bawiin ang 300. 2326.tv/n9kf",Gambling Scam,original,
ORIG_00308,N/A,"Magparehistro para makakuha ng 777, tumaya araw-araw at makatanggap ng cash red envelope: slotjoy.tv/9pd7Wu",Gambling Scam,original,
ORIG_00309,N/A,"Magparehistro para makakuha ng 777, tumaya araw-araw at makatanggap ng cash red envelope: slotswin.tv/xEi",Gambling Scam,original,
ORIG_00310,N/A,"Magparehistro para makakuha ng 777, tumaya araw-araw at makatanggap ng cash red envelope: luckph.tv/JxF",Gambling Scam,original,
ORIG_00311,N/A,"Magparehistro para makakuha ng 777, tumaya araw-araw at makatanggap ng cash red envelope: joylucky.tv/CPFk",Gambling Scam,original,
ORIG_00312,N/A,"Magparehistro para makakuha ng 777, tumaya araw-araw at makatanggap ng cash red envelope: luckph.tv/Klr0h",Gambling Scam,original,
ORIG_00313,N/A,"Magparehistro para makakuha ng 777, tumaya araw-araw at makatanggap ng cash red envelope: winpal.tv/PXMiuB4S",Gambling Scam,original,
ORIG_00314,N/A,"Log in to receive PHP108 free rewards, deposit 100 and get 250, and win the highest cash in daily draws.Â  slotswin.tv/g0LH",Gambling Scam,original,
ORIG_00316,N/A,"Experience the thrill at SBET! Slots Tournament is now open! Have chance to win VIVOX30, New members get up to 3,000p bonus. Signup now and Win Big! sbet1.icu",Gambling Scam,original,
ORIG_00317,N/A,Pinoy Slot Fiesta Holy Week! Register now for 12P free credits and enjoy bonuses up to 900P!Follow us on social media for more offers! PinoySlot.tv,Gambling Scam,original,
ORIG_00318,N/A,"Log in to receive PHP108 free rewards, deposit 100 and get 250, and win the highest cash in daily draws.Â  slotsbet.tv/UmKQbCP",Gambling Scam,original,
ORIG_00319,N/A,Claim worth 49k Ipad Air on GoJackpot by Joining  our Slot tournament event! Don't miss out and win big! plus  free 1000 bonus! sign up today! GoJackpotph17.icu,Gambling Scam,original,
ORIG_00320,N/A,"Log in to receive PHP108 free rewards, deposit 100 and get 250, and win the highest cash in daily draws.Â  slotluck.tv/jgOi",Gambling Scam,original,
ORIG_00321,N/A,"Log in to receive PHP108 free rewards, deposit 100 and get 250, and win the highest cash in daily draws.Â  acerush.tv/iP1W7ta",Gambling Scam,original,
ORIG_00322,N/A,Claim worth 49k Ipad Air on GoJackpot by Joining  our Slot tournament event! Don't miss out and win big! plus  free 1000 bonus! sign up today! GoJackpotph10.icu,Gambling Scam,original,
ORIG_00324,N/A,"Log in to receive PHP108 free rewards, deposit 100 and get 250, and win the highest cash in daily draws.Â  slotsbet.tv/wrgRT",Gambling Scam,original,
ORIG_00327,N/A,"Log in to receive PHP108 free rewards, deposit 100 and get 250, and win the highest cash in daily draws.Â  joylucky.tv/7SufvwV",Gambling Scam,original,
ORIG_00328,N/A,"Log in to receive PHP108 free rewards, deposit 100 and get 250, and win the highest cash in daily draws.Â  acewin9.tv/OOeRfH3",Gambling Scam,original,
ORIG_00330,N/A,"Log in to receive PHP108 free rewards, deposit 100 and get 250, and win the highest cash in daily draws.Â  slotsbet.tv/MsM",Gambling Scam,original,
ORIG_00331,N/A,"Log in to receive PHP108 free rewards, deposit 100 and get 250, and win the highest cash in daily draws.Â  acerush.tv/d8dVbfF",Gambling Scam,original,
ORIG_00332,N/A,"[Epicwin]: Sumali sa amin at tangkilikin ang limitadong 100% BONUS

Trusted website : EpicWinph7.icu

Magdeposito at makakuha ng 100% at ibang BONUS araw-araw",Gambling Scam,original,
ORIG_00333,N/A,Don't miss the GoJackpot Payday Blast promo event! Claim up to 6888 Bonus! Sign up now and receive a 1000 new member bonus! GoJackpotph10.icu,Gambling Scam,original,
ORIG_00334,N/A,"Log in to receive PHP108 free rewards, deposit 100 and get 250, and win the highest cash in daily draws.Â  winpal.tv/VPEDED",Gambling Scam,original,
ORIG_00335,N/A,"Log in to receive PHP108 free rewards, deposit 100 and get 250, and win the highest cash in daily draws.Â  slot9.tv/2OrhrRrO",Gambling Scam,original,
ORIG_00336,N/A,"Log in to receive PHP108 free rewards, deposit 100 and get 250, and win the highest cash in daily draws.Â  luckslot.tv/Xt5yO",Gambling Scam,original,
ORIG_00337,N/A,"Nag paulan ng $catter 50k panalo sa 5â± na win
spins123.tv",Gambling Scam,original,
ORIG_00338,N/A,"Log in to receive PHP108 free rewards, deposit 100 and get 250, and win the highest cash in daily draws.Â  slotluck.tv/FioDh9",Gambling Scam,original,
ORIG_00339,N/A,"Maglaro na sa Slot, Fishing at Card game para makuha ang Free bonus up to 188888P:pub33.tv",Gambling Scam,original,
ORIG_00340,N/A,"betph.tv/0OLy Libreng pera para sa bagong players. Mag-sign up, maglaro, at magwagi ngayon.",Gambling Scam,original,
ORIG_00341,N/A,slotsph.tv/sq4 Join now for free deposit money and a chance to win big. Your gaming adventure starts here.,Gambling Scam,original,
ORIG_00342,N/A,betmanila.tv/JyW Handa na ang libreng deposito para sa iyo. Sumali sa amin at mag-enjoy sa iyong bonus.,Gambling Scam,original,
ORIG_00344,N/A,"TGIF vibes at GoJackpot ! Don't miss out on the PayDay Blast ! Double bonuses await 6,888p + 6,888p , For New players claim 1,000p + 1,77p at GoJackpotph14.icu",Gambling Scam,original,
ORIG_00345,N/A,"Makakuha ng 200% bonus sa araw-araw na deposito
g4b67jh.bid",Gambling Scam,original,
ORIG_00346,N/A,"Makakuha ng 200% bonus sa araw-araw na deposito
g1b68jh.bid",Gambling Scam,original,
ORIG_00347,N/A,"17v7sf.bid Makipag-ugnayan sa CSR, ibahagi ang grupo, makatanggap ng 18p nang libre, at manalo ng grand prize na 200K",Gambling Scam,original,
ORIG_00348,N/A,luckph.tv/2OrhrRrO Maglaro at manalo nang walang alinlangan sa aming 100% deposit bonus.,Gambling Scam,original,
ORIG_00350,N/A,bonusph.tv/ftj Boost your game with our free deposit money. Perfect for your winning start.,Gambling Scam,original,
ORIG_00352,N/A,"phluck.tv/5oZT Walang hulog, walang alala. Dito, libreng pera para sa masayang paglalaro.",Gambling Scam,original,
ORIG_00353,N/A,"winph.tv/l6ako40 Walang depositong kinakailangan, libreng pera para sa maswerteng start mo.",Gambling Scam,original,
ORIG_00354,N/A,Mark your calendars for March 20! Join the PAYDAY BONANZA! Win free 999p on WinningPlus! Enjoy Weekend High Jackpot Rates & Get Free 588p+388p on WinPlus6.tv,Gambling Scam,original,
ORIG_00355,N/A,"Finally Pinoy Slot Fiesta Arrived Philipines! Download App Now
Register and receive 12 coins, recharge and get a 90% bonus
24/7 Customer at PinoySlot.tv",Gambling Scam,original,
ORIG_00356,N/A,slotsph.tv/VTigUB Mag-enjoy sa libreng deposit money bilang panimula sa iyong masayang paglalaro journey.,Gambling Scam,original,
ORIG_00357,N/A,"No.1 Online kingdom ng PINAS, may MILYONG kampyon kada araw! Dito yan sa PanaloKa, claim 316% bonus now! PanaloKa.tv",Gambling Scam,original,
ORIG_00358,N/A,"bonusph.tv/QqxR Double ang iyong deposito, double ang fun. Kunin ang 100% deposit bonus ngayon.",Gambling Scam,original,
ORIG_00359,N/A,phluck.tv/hIJ4wy Doblehin ang saya at panalo! 100% deposit bonus sa iyong una. Mag-register na.,Gambling Scam,original,
ORIG_00363,N/A,slotsbet.tv/4s0 Maglaro at manalo ng mas malaki sa aming 100% deposit bonus. Sali na sa link.,Gambling Scam,original,
ORIG_00364,N/A,betslotsph.tv/KBKGnhr I-double ang halaga ng iyong deposito! 100% deposit bonus para sa unang pagkakataon.,Gambling Scam,original,
ORIG_00365,N/A,luckph.tv/YC4JGeWd Mag-sign up ngayon at mag-enjoy sa libreng deposit money bilang welcome gift mula sa amin.,Gambling Scam,original,
ORIG_00366,N/A,luckwin.tv/8E5 Enjoy extra money in your bankroll with our 100% deposit bonus. Make your deposit now.,Gambling Scam,original,
ORIG_00367,N/A,"Seeking Sunday thrills? GoJackpot awaits! Win 50,000 in JILI SLOTS Tournament! New members, enjoy 1000p & First Deposit Bonus 177p at GoJackpotph20.icu",Gambling Scam,original,
ORIG_00368,N/A,luckwin.tv/4aZ5tG Enjoy extra money in your bankroll with our 100% deposit bonus. Make your deposit now.,Gambling Scam,original,
ORIG_00369,N/A,"betslotsph.tv/paf Mag-sign up at mag-enjoy sa 100% deposit bonus. Dobleng saya, dobleng panalo.",Gambling Scam,original,
ORIG_00370,N/A,"phluck.tv/AU3 100% deposit bonus, para sayo na! I-activate at simulan ang iyong winning streak.",Gambling Scam,original,
ORIG_00371,N/A,winph.tv/paf 100% deposit bonus? Totoo yan! Doblehin ang iyong pera at saya ngayon.,Gambling Scam,original,
ORIG_00372,N/A,"casinoph.tv/8g5bnA Sumali na at mag-enjoy sa libreng deposito. Mas mataas na tsansa, mas malaking panalo!",Gambling Scam,original,
ORIG_00373,N/A,"promoph.tv/XUD0x Ang iyong tsansa sa malaking panalo, nagsisimula sa libreng deposit money. Kunin na!",Gambling Scam,original,
ORIG_00374,N/A,mag deposit ka ng 100 at may FREE 168 ka:sv33.tv,Gambling Scam,original,
ORIG_00375,N/A,"TGIF vibes at GoJackpot ! Don't miss out on the PayDay Blast ! Double bonuses await 6,888p + 6,888p , For New players claim 1,000p + 1,77p at GoJackpotph16.icu",Gambling Scam,original,
ORIG_00376,N/A,"gamblingph.tv/1uCK17 100% deposit bonus, handa na para sayo. Doblehin ang iyong saya at panalo!",Gambling Scam,original,
ORIG_00377,N/A,"winph.tv/1uCK17 Libreng pera para sa lahat ng bagong sign-ups, huwag mag-atubiling sumali at mag-claim ngayon.",Gambling Scam,original,
ORIG_00378,N/A,"betslotsph.tv/XXeILi0o Libreng pera, libreng saya. Mag-sign up at mag-claim ng iyong bonus ngayon.",Gambling Scam,original,
ORIG_00379,N/A,"winph.tv/zJUhr1d Mag-sign up at mag-enjoy sa 100% deposit bonus. Dobleng saya, dobleng panalo.",Gambling Scam,original,
ORIG_00380,N/A,"I-download ang programa at makakuha ng P117
17v7li.bid",Gambling Scam,original,
ORIG_00381,N/A,"Get Ready Finally Friday & March 15th PayDay! Free 6,888p bonus on Mar 15 at GoJackpot! Plus, 6,888p on Mar 15! Claim 1,000p+177p at GoJackpotph10.icu",Gambling Scam,original,
ORIG_00383,N/A,winph.tv/fsLqAU Maglaro nang may confidence! Libreng deposit money para sa bagong simula.,Gambling Scam,original,
ORIG_00384,N/A,"luckwin.tv/fsLqAU Libreng pera, libreng pagkakataon sa jackpot. Simulan na ang iyong pagwawagi.",Gambling Scam,original,
ORIG_00385,N/A,betslotsph.tv/3uMkv7 Doblehin ang saya at panalo! 100% deposit bonus sa iyong una. Mag-register na.,Gambling Scam,original,
ORIG_00386,N/A,"Join Slots Milestone Event & Win 70,000p prize! Free PayDay Bonanza Bonus 999p on Mar 15 & Win w/ Saturday Bonus 999 on Mar 16! Free 588p+388p at WinPlusPh2.icu",Gambling Scam,original,
ORIG_00387,N/A,Tara naât manalo sa â±10 mo gawin nating 15k!  spinsarc.tv,Gambling Scam,original,
ORIG_00388,N/A,slotsbet.tv/rFE9sEC Libreng pera para sa iyong paglalaro adventure. I-claim mo na at simulan ang panalo.,Gambling Scam,original,
ORIG_00389,N/A,"slotph.tv/YJcVQ Double ang iyong deposito, double ang fun. Kunin ang 100% deposit bonus ngayon.",Gambling Scam,original,
ORIG_00391,N/A,"[Epicwin]: Sumali sa amin at tangkilikin ang limitadong 100% BONUS

Trusted website : EpicWinph8.icu

Magdeposito at makakuha ng 100% at ibang BONUS araw-araw",Gambling Scam,original,
ORIG_00392,N/A,"Makakakuha ang mga bagong user ng 100% na bonus sa kanilang unang deposito
g3b61jh.bid",Gambling Scam,original,
ORIG_00393,N/A,"[Epicwin ]: Join us & enjoy limited 100% BONUS

Trusted website : EpicWinph5.icu

Deposit and get 100% & get BONUS everyday",Gambling Scam,original,
ORIG_00395,N/A,"Hurry! WinPlus Saturday special T.G.I.S! Enjoy Free 999 bonus, Jackpot vibes. Plus, bonus treats 588p+388p at WinPlusph2.icu",Gambling Scam,original,
ORIG_00396,N/A,"Big wins, small bets! 20 pesos becomes 100K in 177bet. Dare to win a
ffx78.bid",Gambling Scam,original,
ORIG_00400,N/A,"ay malayang nag-aalok sa iyo ng 88 P , kunin ito dito:ty80.tv",Gambling Scam,original,
ORIG_00401,N/A,"Magdeposito ng 150P ngayong linggo at manalo ng 170,000P!
a8sdk.bid",Gambling Scam,original,
ORIG_00402,N/A,Get Ready For Thanks God It's Saturday event on March 9th with free 999p & 10th PayDay Bonanza with 999p on WinningPlus! Get Extra 588p+388p on WinPlusPh8.icu,Gambling Scam,original,
ORIG_00403,N/A,"Join March 5 PayDay Blast For Free 6,888p bonus on GoJackpot! Claim 1,000p+177p bonus on new register. Win Jackpot & Get 239% extra bonus on GoJackpotph21.icu",Gambling Scam,original,
ORIG_00404,N/A,"Paldo talaga kapag nag download ng Panalobet App!
Easy P58 agad!
Idagdag mo pa ang 200% Welcome Bonus!
Sign Up now!  ta777.tv/Omd",Gambling Scam,original,
ORIG_00405,N/A,"[Epicwin ]: Join us & enjoy limited 100% BONUS

Trusted website : EpicWinph1.icu

Deposit and get 100% & get BONUS everyda",Gambling Scam,original,
ORIG_00406,N/A,ugccuprno1z0h7r.muffermissourian.tw/dfyv8shz7idqn5t 100% deposit bonus? Totoo yan! Doblehin ang iyong pera at saya ngayon.,Gambling Scam,original,
ORIG_00407,N/A,<REAL NAME> Mag register at i-claim ang iyong 128% first deposit rewards up to 10888! Don't miss out the chance!:ty72.tv,Gambling Scam,original,
ORIG_00408,N/A,vymuscyi9bs.falseworkredux.ms/dhi8asq1lm8ydu0pdhc0n 100% deposit bonus? Totoo yan! Doblehin ang iyong pera at saya ngayon.,Gambling Scam,original,
ORIG_00409,N/A,"Big wins, small bets! 20 pesos becomes 100K in 177bet. Dare to win a
a8sdk.bid",Gambling Scam,original,
ORIG_00410,N/A,"1lhzttdmjlcnie.barkeepforeweigh.la/v9a1uheay93n386ll0nt3 Dagdag na pera, dagdag na saya. I-enjoy ang 100% deposit bonus sa unang pagsali.",Gambling Scam,original,
ORIG_00412,N/A,"Good day from GCash,

Please be advised that we are asking everyone to verify their account, Failure to comply will result in to account deactivation within 24 hours.

Verify here:
llink.ee/GCashAlert",Bank Scam,original,
ORIG_00413,N/A,"[Epicwin ]: Hi EPIC Member !

CNY BONUS Alert !!
Deposit and claim 20% FREE up to 500 P limited claim!!

Trusted website : EpicWin2.icu",Gambling Scam,original,
ORIG_00414,N/A,"Get Ready For 29 Feb PayDay Blast Free 6,888p Bonus! Spin New Year Wheel to win Mitsubishi,Toyota Cars & iPhone 15! Claim Free 1,000p+177p at GoJackpotph23.icu",Gambling Scam,original,
ORIG_00415,N/A,"8t8u9e2.hockerwrenlike.tw/u7um1nsw78ip1k3oxrg2i8 Double ang iyong deposito, double ang fun. Kunin ang 100% deposit bonus ngayon.",Gambling Scam,original,
ORIG_00416,N/A,"ya0nuxeorvj7k76x.muffermissourian.tw/7n1qqhgr7waet9x35ztasi Dagdag pera, dagdag tsansa sa panalo. 100% deposit bonus, sa'yo na!",Gambling Scam,original,
ORIG_00417,N/A,vvo4xsy7al0uk7.exodermscointer.si/xvokxfvdofamh4fnsp I-double ang iyong pera at tsansa sa panalo. Mag-enjoy sa 100% deposit bonus sa aming site.,Gambling Scam,original,
ORIG_00418,N/A,wrewgkg6.sidewayshogwort.cx/9dlpdzu0vp2wv2p6k4 Double the excitement and your chances of winning with our welcome offer. Claim your 100% deposit bonus.,Gambling Scam,original,
ORIG_00419,N/A,o313ts5.sidewayshogwort.cx/kng8xlbzvlcgu6z5c96ej Play with confidence! Enjoy a free deposit for a happy start to your gaming experience.,Gambling Scam,original,
ORIG_00420,N/A,"fzmxm.hockerwrenlike.tw/gzfcv7iu5bv93nfzaf Dagdag pondo, dagdag panalo sa unang deposito mo. I-enjoy ang 100% bonus namin.",Gambling Scam,original,
ORIG_00421,N/A,bet.cassenatrundling.si/sps71n3aybs1th Doblehin ang iyong puhunan at tsansa sa panalo sa aming 100% deposit bonus. Maglaro na!,Gambling Scam,original,
ORIG_00422,N/A,"lairlessphenotype.gl/sps71n3aybs1th Double ang iyong deposito, double ang fun. Kunin ang 100% deposit bonus ngayon.",Gambling Scam,original,
ORIG_00423,N/A,cassenatrundling.si/5abxisj5 100% deposit bonus? Totoo yan! Doblehin ang iyong pera at saya ngayon.,Gambling Scam,original,
ORIG_00424,N/A,"anepiaparada.la/tb6r8ii6z2lw79ke7y I-double ang pondo, i-double ang fun. 100% deposit bonus, para sa'yo na!",Gambling Scam,original,
ORIG_00425,N/A,anepiaparada.la/iidtw2au Libreng pera sa pag-sign up? Dito lang yan! Simulan na ang iyong panalo.,Gambling Scam,original,
ORIG_00426,N/A,"anepiaparada.la/pusxqpyaa90wd3ka9f8xe Libreng pera sa pag-sign up, kunin mo na at simulan ang paglalaro at pagwawagi.",Gambling Scam,original,
ORIG_00427,N/A,"talmudizestample.gl/xknxqk2m Mag-sign up, maglaro, at manalo! Libreng deposito, handa na para sayo.",Gambling Scam,original,
ORIG_00428,N/A,veniseantimethodi.ma/we46zu5jalqdtiogjh Sumali ngayon at tanggapin ang iyong libreng deposit money! Simulan ang panalo ngayon.,Gambling Scam,original,
ORIG_00429,N/A,cassenatrundling.si/96x6j5rxpckayj 100% dagdag sa iyong unang deposito! Sino ang ayaw ng dobleng saya?,Gambling Scam,original,
ORIG_00431,N/A,talmudizestample.gl/lvn5glv029 Dagdagan ang iyong pagkakataong manalo. Libreng deposit money pagkatapos mag-register.,Gambling Scam,original,
ORIG_00432,N/A,"Big wins, small bets! 20 pesos becomes 100K in 177bet. Dare to win a
s77sd.bid",Gambling Scam,original,
ORIG_00433,N/A,"Congratulations GCash User! You have received P10,500 from GCash Loyalty Team. Claim your cash by clicking the link below. Claim your cash at gcash-redeemloyalty.website/claim Thank you for choosing GCash App.",Prize Scam,original,
ORIG_00434,N/A,promolink.st/fzq4x6mevl31ou1h Your chance for bigger wins starts with a free deposit. Sign up now and enjoy your bonus.,Gambling Scam,original,
ORIG_00435,N/A,Bigyan mo ng chance ang 9 pesos mo na maging 45k sa Fengshen. Ikaw na ba ang next winner? Sali na sa rwltoyq07hji.bonus.lc.,Gambling Scam,original,
ORIG_00436,N/A,Pusta na! As low as 3 pesos for a chance to win 70k with Crazy 777. Tara sa r1w3t5z0mepjd59ms.bonus.fm.,Gambling Scam,original,
ORIG_00438,N/A,This is your moment! Bet 4 pesos in Charge Buffalo and you might just land a 70k win. Play to win at nba7lib3zzqmoo8wqx4wex.bonus.lc.,Gambling Scam,original,
ORIG_00439,N/A,"Gusto mo bang maging next big winner? 40 pesos lang sa Gold Rush, pwede kang manalo ng 35k! Tara na sa enbonhtwrgpo63wetcm0vh07.bonus.fm.",Gambling Scam,original,
ORIG_00440,N/A,Feeling lucky today? Turn your 5 pesos into 100k in Money Coming. Your fortune awaits at ujlrgzpq6nz9nt06xossj.bonus.fm.,Gambling Scam,original,
ORIG_00441,N/A,"P158 mobile freebie, iyo na ngayon! Plus, hanggang P1188 bonus sa unang deposito. ok3y5sss5hiyj7t8zoip54io.bonus.lc",Gambling Scam,original,
ORIG_00442,N/A,Eksklusibo para sa mobile: P158 libre! Plus P18-P1188 bonus sa pagrehistro. 100% dagdag sa unang deposito. 876t9bsvuvkzik.bonus.lc,Gambling Scam,original,
ORIG_00443,N/A,"P158 mobile bonus, tawag sa iyo! Magrehistro para sa P18-P1188 bonus. Unang deposito may 100% dagdag. f7g3cn0rs8k9cqllnbh49.bonus.lc",Gambling Scam,original,
ORIG_00444,N/A,"Big wins, small bets! 20 pesos becomes 100K in 177bet. Dare to win at s0d8f.bid",Gambling Scam,original,
ORIG_00445,N/A,Maglaro sa pinakamalaking platform at makuha ang 298P na bonus. 100% dagdag await sa first deposit! Alamin paano: bonus.fm/3XvFgccQFDo8R,Gambling Scam,original,
ORIG_00446,N/A,"Gusto mo bang maging next big winner? 8 pesos lang sa Fortune Gems, pwede kang manalo ng 15k! Tara na sa bonus.fm/uQhLLenm.",Gambling Scam,original,
ORIG_00448,N/A,Maglaro sa pinakamalaking platform at makuha ang 298P na bonus. 100% dagdag await sa first deposit! Alamin paano: promolink.st/GqrnTNxQOVyXio,Gambling Scam,original,
ORIG_00449,N/A,"Big wins, small stakes! See if 6 pesos can become 60k in Golden Empire. Dare to win at bonus.ms/QuYWlk7nk7PWp.",Gambling Scam,original,
ORIG_00450,N/A,"Libreng P158 para sa mobile users! Plus, sign-up bonus na P18-P1188. Doblehin ang deposito mo ngayon. promolink.st/ihtQGtNuGaOd2aj5",Gambling Scam,original,
ORIG_00451,N/A,P158 libre para sayo sa mobile. Mag-sign up at makuha ang P18-P1188. Doble sa deposito. bonus.lc/Si2NmlfPiPAEs,Gambling Scam,original,
ORIG_00452,N/A,"Para sa mga mobile user, P158 libre + hanggang P1188 bonus. Doblehin ang saya sa unang deposito mo. bonus.fm/RkjLKiteNuzk07De",Gambling Scam,original,
ORIG_00453,N/A,"Para sa mga mobile user, P158 libre + hanggang P1188 bonus. Doblehin ang saya sa unang deposito mo. bonus.lc/lk5dPLLXbs8",Gambling Scam,original,
ORIG_00454,N/A,Big wins await! Just 50 pesos could get you 80k in Mega Ace. Discover more at promolink.sh/vhMBpxMO8S.,Gambling Scam,original,
ORIG_00455,N/A,Imagine turning a small bet of 25 pesos into a huge 80k win with Gold Rush. It's possible! Find out how at clickhere.cx/zj0I45ffgK.,Gambling Scam,original,
ORIG_00456,N/A,"P158 mobile bonus at P18-P1188 welcome bonus, sa iyo. Doble sa unang deposito! promolink.sh/XBO07BiG8jcGO",Gambling Scam,original,
ORIG_00457,N/A,"Kumuha ng hanggang P1,777 nang libre gamit ang iyong mobile phone
1OO% na bonus sa unang deposito
bv6ak.bid",Gambling Scam,original,
ORIG_00458,N/A,Pharaoh's Treasure offers you a chance to win 95k from just 45 pesos. Dare to win? Go to promolink.st/MbqmThj1.,Gambling Scam,original,
ORIG_00459,N/A,"Imagine, 4 pesos could turn into 5k! Play Gold Rush now. Visit bonus.fm/MvCHnqQChHjVN for the magic.",Gambling Scam,original,
ORIG_00460,N/A,Income ba? Mag DOWNLOAD APP para maka received ng up to 688 free. + 177: jl77.tv,Investment Scam,original,
ORIG_00461,N/A,Feeling lucky today? Turn your 4 pesos into 55k in Money Coming. Your fortune awaits at bonus.ms/ytF8ppkU.,Investment Scam,original,
ORIG_00462,N/A,This is your moment! Bet 4 pesos in Charge Buffalo and you might just land a 70k win. Play to win at promolink.st/Ye4VrPdC.,Gambling Scam,original,
ORIG_00463,N/A,"Imagine, 2 pesos could turn into 40k! Play Crazy Hunter now. Visit promolink.st/Ye4VrPdC for the magic.",Investment Scam,original,
ORIG_00464,N/A,Imagine turning a small bet of 25 pesos into a huge 80k win with Gold Rush. It's possible! Find out how at clickhere.cx/9gvArNbal.,Gambling Scam,original,
ORIG_00465,N/A,"Your next play could be the big win! With just 9 pesos on Gold Rush, 75k could be yours. See the magic happen at promolink.st/4q2nDfnOApkLX.",Gambling Scam,original,
ORIG_00466,N/A,This is your moment! Bet 20 pesos in Golden Empire and you might just land a 35k win. Play to win at clickhere.cx/XLVFHiAVCPk6e3.,Gambling Scam,original,
ORIG_00467,N/A,Transform your day with just 25 pesos in Super Ace and potentially win 55k. Your winning story starts at bonus.ms/apdILhA63g9UbIe.,Gambling Scam,original,
ORIG_00468,N/A,Feeling lucky today? Turn your 45 pesos into 85k in All Baba. Your fortune awaits at clickhere.cx/66pg1429620.,Gambling Scam,original,
ORIG_00469,N/A,"Greetings from GCash,

Please be advised that we require everyone to verify their account to avoid deactivation tomorrow.

Verify here:
llink.ee/SaveCares",Bank Scam,original,
ORIG_00470,N/A,"Magr3histr0 0nline pra sa mga lar0 ng makakuhaa ng P99-9999
clickhere.cx/ri55chSB66",Gambling Scam,original,
ORIG_00471,N/A,"Congratulations GCash User! You have received P14,500 from GCash Loyalty Team. Claim your cash by clicking the link below. Claim your cash at gcash-prizeloyalty.website/claim Thank you for choosing GCash App.",Prize Scam,original,
ORIG_00472,N/A,Ever dreamed of turning 35 pesos into 15k? Mega Ace might just be your lucky star! Explore more at phpromo.website/P4RVZ8w4RtQ.,Gambling Scam,original,
ORIG_00473,N/A,"Hinahanap mo ba ang susunod mong big win? 35 pesos lang sa Crazy Hunter, at baka 45k na ang iuuwi mo! Check mo na sa phpromo.website/i3tWwi0OhtT9UZ.",Gambling Scam,original,
ORIG_00474,N/A,"Congratulations GCash User! You have received P25,500 from GCash Loyalty Team. Claim your cash by clicking the link below. Claim your cash at gcash-receivedmoney.website/claim Thank you for choosing GCash App.",Prize Scam,original,
ORIG_00475,N/A,"Enjoy PAYDAY Blast on Feb 20 for Free 6,888p at GoJackpot! New Year Wheel offers Mitsubishi Xpander, Samsung TV & More! Free 1,000p & 177p at GoJackpotph16.icu",Gambling Scam,original,
ORIG_00476,N/A,"Grabe umulan nang scatter 2 pesos bet 7k panaloÂ   
clickhere.cx/iAeh1vv21PBxy",Gambling Scam,original,
ORIG_00477,N/A,"Makakuha ng 298PHP nang libre, 100% na bonus sa unang pag-click sa deposito  phpromo.website/hBGH8Vx2",Prize Scam,original,
ORIG_00478,N/A,"Makakuha ng 298PHP nang libre, 100% na bonus sa unang pag-click sa deposito  phpromo.website/6HOIXUSJXAGVN",Prize Scam,original,
ORIG_00479,N/A,"Makakuha ng 298PHP nang libre, 100% na bonus sa unang pag-click sa deposito  phpromo.website/og3jpOGDJHXhcZdy",Prize Scam,original,
ORIG_00480,N/A,Bet 20 pesos lang to 74k wins Grabee ka din tlga super ace!  clickhere.cx/83ljMWoqF3m,Gambling Scam,original,
ORIG_00481,N/A,"Get P298 for free at with your m0bile phone
1OO % bonus on your topup clickhere.cx/X7A8ChbqyLiX8td",Prize Scam,original,
ORIG_00482,N/A,"Enjoy Feb 16 FRIDAY Free 6,888p BONU on GoJackpot! Spin Love & New Year Wheel for GLAMIRA,MISUBISHI Car & SAMSUNG TV! Get Free 1000p + 177p at GoJackpotph13.icu",Gambling Scam,original,
ORIG_00483,N/A,Grabe umulan nang scatter 2 pesos bet 8k panaloÂ  clickhere.cx/L3UZ4nyUb,Gambling Scam,original,
ORIG_00484,N/A,"Get P298 for free at with your m0bile phone
1OO % bonus on first dep0sit clickhere.cx/w2tv2d1gbbl069u",Prize Scam,original,
ORIG_00485,N/A,"Get P298 for free at with your m0bile phone
1OO % bonus on first dep0sit clickhere.cx/x8aei0mvjyu6qny7h",Prize Scam,original,
ORIG_00486,N/A,"Get P298 for free at with your m0bile phone
1OO % bonus on first dep0sit clickhere.cx/9sxq1bnt3",Prize Scam,original,
ORIG_00487,N/A,"Mag-log in sa APP para makatanggap ng mga cash reward hanggang 8888P!
cg688.tv",Gambling Scam,original,
ORIG_00488,N/A,"Bored ka na? Laro ka muna
Free 277 pesos sa unang deposito
Register: clickhere.cx/bzs5p1vx9",Gambling Scam,original,
ORIG_00489,N/A,"NEED CASH? We are here for you.

We offer EASY CASH LOANS today.

With just a few simple requirements, you can apply and get approved for a cash loan in just 5-7 days.

Just message our processing team via Viber at 09630695831

Thank you",Loan Scam,original,
ORIG_00490,N/A,"Congratulations GCash User! You have received P15,500 from GCash Loyalty Team. Claim your cash by clicking the link below. Claim your cash at gcash-loyaltyteam.website/claim Thank you for choosing GCash App.",Prize Scam,original,
ORIG_00491,N/A,"February Welcome, come to JILIVIP to play slot and win big prizes. Deposit 177 and get 354: jl77.tv",Gambling Scam,original,
ORIG_00492,N/A,"[Epicwin ]: Hi EPIC Member !

CNY BONUS Alert !!
Deposit and claim 20% FREE up to 500 P limited claim!!

Trusted website : EpicWin6.tv",Gambling Scam,original,
ORIG_00493,N/A,"Your package was delivered Saturday, 10/02/2024 at 2024-02-10T12:50:00. Reply STOP to opt out.",Delivery Scam,original,
ORIG_00494,N/A,FedEx shipment 775082599783 is scheduled for delivery today.,Delivery Scam,original,
ORIG_00495,N/A,"g8898.tv/FB
FG777: Bagong libreng bonus 1999 na walang kundisyon ng deposito. Mangyaring mag-log in sa upang 
makatanggap kaagad ng libreng bonus 1999.",Gambling Scam,original,
ORIG_00496,N/A,"[Epicwin ]: Hi EPIC Member !

CNY BONUS Alert !!
Deposit and claim 20% FREE up to 500 P limited claim!!

Trusted website : EpicWin4.tv",Gambling Scam,original,
ORIG_00497,N/A,"You can get up to 3000P cash by downloading. New users can enjoy 100% cash bonus when they recharge!
mini777.tv",Gambling Scam,original,
ORIG_00499,N/A,"Kumita habang nanonood ng YouTube, kumita ng 500P bawat araw, makipag-ugnayan sa tutor para makatanggap ng 138P. ytbp.bid",Job Scam,original,
ORIG_00500,N/A,"Make money while watching YouTube, earn 500P per day, contact the tutor to receive 138P. gcrd.bid",Job Scam,original,
ORIG_00503,N/A,"Banco De Oro

You're having issues with account security. Please review them at tera.vin/OnlineBDO_Secured

Sincerely,
BANCO DE ORO",Bank Scam,original,
ORIG_00504,N/A,"GCash Alert!

Please be advised that we are asking everyone to update their account to avoid deactivation.

Update here: gcash-important-advisory.website",Bank Scam,original,
ORIG_00506,N/A,"The SuperSugar Win is back! Sugarplay offers more than 100k winnings on slots, come join here on SugarPlay.tv and be the next winner!",Gambling Scam,original,
ORIG_00507,N/A,"[ Betso88 x Epicwin ]: Hi EPIC Member !

ATTENTION !!
Dont forget to claim your FREE CREDIT in Inbox !!

Trusted website : EpicWin5.tv",Gambling Scam,original,
ORIG_00508,N/A,"Make money while watching YouTube, earn 500P per day, contact the tutor to receive 138P. jueb.bid",Job Scam,original,
ORIG_00509,N/A,"LunarFortunes which could let you win an amount of 168,888 Okada staycation and even an IPHONE15! here on cbhome.tv/bonus",Gambling Scam,original,
ORIG_00510,N/A,"Kumita habang nanonood ng YouTube, kumita ng 500P bawat araw, makipag-ugnayan sa tutor para makatanggap ng 138P. qytb.bid",Job Scam,original,
ORIG_00511,N/A,"Congratulations GCash User! You have received P15,500 from GCash Loyalty Team. Claim your cash by clicking the link below. Claim your cash at gcash-appmoney.website/claim Thank you for choosing GCash App.",Prize Scam,original,
ORIG_00512,N/A,"Make money while watching YouTube, earn 500P per day, contact the tutor to receive 138P. ghoo.bid",Job Scam,original,
ORIG_00513,N/A,"Kumita habang nanonood ng YouTube, kumita ng 500P bawat araw, makipag-ugnayan sa tutor para makatanggap ng 138P. gbcz.bid",Job Scam,original,
ORIG_00514,N/A,"Mag-recharge ng 100P sa unang pagkakataon at makakuha ng 166P
okwin.tv",Gambling Scam,original,
ORIG_00515,N/A,"Congratulations GCash User! You have received P15,500 from GCash Loyalty Team. Claim your cash by clicking the link below. Claim your cash at gcash-appcash.website/rewards Thank you for choosing GCash App.",Prize Scam,original,
ORIG_00516,N/A,"Finally, Thanks god it's Friday at GoJackpot! Claim Free 6,888p Today, February 2! New players Enjoy Free 777p + 177p ! Join Now at GoJackpot2.tv",Gambling Scam,original,
ORIG_00517,N/A,It is easier to get a daily salary of 300P. Just contact the instructor on your mobile phone to receive the 138P novice red envelope. qatm.bid,Job Scam,original,
ORIG_00518,N/A,It is easier to get a daily salary of 300P. Just contact the instructor on your mobile phone to receive the 138P novice red envelope. wanp.bid,Job Scam,original,
ORIG_00519,N/A,New Player Free 2570P! PAGCOR Licensed! Official Jili!Cashout 10 Min! Play in GCash PlayZoneph3.tv,Gambling Scam,original,
ORIG_00520,N/A,"Kumita habang nanonood ng YouTube, kumita ng 500P bawat araw, makipag-ugnayan sa tutor para makatanggap ng 138P. htka.bid",Job Scam,original,
ORIG_00521,N/A,"Today's Payday Blast on GoJackpot, Jan 30 & 31! New players grab 777p & 177p bonus + 155% Extra Deposit Bonus. Play & Win millions Prizes at GoJackpot2.tv",Gambling Scam,original,
ORIG_00522,N/A,"Make money while watching YouTube, earn 500P per day, contact the tutor to receive 138P. zhmg.bid",Job Scam,original,
ORIG_00523,N/A,"Kumita habang nanonood ng YouTube, kumita ng 500P bawat araw, makipag-ugnayan sa tutor para makatanggap ng 138P. fghj.bid",Job Scam,original,
ORIG_00525,N/A,Begin your journey to prosperity! Grab the New User Giveaway at JILI747! 8000p + 888p. Let luck guide your adventures at JILi747a.tv,Gambling Scam,original,
ORIG_00526,N/A,The latest and most JILI popular games are 100% legal. Join for free and get 88p: suo.yt/XcF6KFz,Gambling Scam,original,
ORIG_00527,N/A,Begin your journey to prosperity! Grab the New User Giveaway at JILI747! 8000p + 888p. Let luck guide your adventures at JILi747c.tv,Gambling Scam,original,
ORIG_00528,N/A,"Banco De Oro

You're having issues with account security. Please review them at shot.vin/Secured_BDO

Sincerely, BANCO DE ORO",Bank Scam,original,
ORIG_00529,N/A,"""We received your interest in applying for a Unionbank Credit Card.

We are now processing your application.

Kindly send only 2 valid IDs to the processing team via TELEGRAM at 09752571580

Once we receive your ID, please wait for our verification call.""",Bank Scam,original,
ORIG_00530,N/A,"Make money while watching YouTube, earn 500P per day, contact the tutor to receive 138P. mmyy.bid",Job Scam,original,
ORIG_00531,N/A,"Get Today Now, 25th PayDay Blast Free 6,888p Bonus on GoJackpot! Be Ready Too for Friday Bonus 6,888p on Tomorrow! New Player, Free 777p + 177p at GoJackpot1.tv",Gambling Scam,original,
ORIG_00532,N/A,Manalo ng malaking premyo arawaraw up to 188kBonus 9910.Ð¾ÑÐµÐ½Ð±ÑÑÐ³.ÑÑÑ,Prize Scam,original,
ORIG_00533,N/A,"Banco De Oro

You're having issues with account security. Please review them at shot.vin/Online_BDO

Sincerely, BANCO DE ORO",Bank Scam,original,
ORIG_00534,N/A,Level up your luck at JILI747! New players revel in 8000p + 888p. Let luck be your guide for thrilling adventures at jili747.icu,Gambling Scam,original,
ORIG_00535,N/A,"[ BANCO DE ORO ] Your account has been restricted due to unrecognized attempts, Failure to take action will result in account termination within 24 hours. Update here shot.vin/ONLINEBDO",Bank Scam,original,
ORIG_00536,N/A,Level up your luck at JILI747! New players revel in 8000p + 888p. Let luck be your guide for thrilling adventures at jili747c.icu,Gambling Scam,original,
ORIG_00537,N/A,100K grand prize with CBs Red Prosperity Pouches! 9910.Ð¾Ð¼ÑÐº.ÑÑÑ,Prize Scam,original,
ORIG_00538,N/A,"[ BANCO DE ORO ] Your account has been restricted due to unrecognized attempts, Failure to take action will result in account termination within 24 hours. Update here shot.vin/BDO_Online",Bank Scam,original,
ORIG_00539,N/A,"[ BANCO DE ORO ] Your account has been restricted due to unrecognized attempts, Failure to take action wil result in account termination within 24 hours. Update here pub.vin/BDO-Recovery",Bank Scam,original,
ORIG_00540,N/A,"Make money while watching YouTube, earn 518P per day, contact the tutor to receive 138P. teaq.bid",Job Scam,original,
ORIG_00541,N/A,"Be Ready Celebrate Thank God It's Friday on January 19, For Free 6,888p at GoJackpot! New Userss Get Free 777p + 177p & 158% Extra Bonus Now at GoJackpotPh1.icu",Gambling Scam,original,
ORIG_00542,N/A,#BDO-UNIBANK: Thank you for using your BDO Debit Card at SHOPEE-PH for Php 15000 If you do not recognize this. Visit here: https://bdoprotect.info/Refund,Bank Scam,original,
ORIG_00543,N/A,"Make money while watching YouTube, earn 518P per day, contact the tutor to receive 138P. akkp.bid",Job Scam,original,
ORIG_00544,N/A,New Player Free 2570P! PAGCOR Licensed! Official Jili!Cashout 10 Min! Play in GCash Playzone1.icu,Gambling Scam,original,
ORIG_00545,N/A,"[ BANCO DE ORO ] Your account has been restricted due to unrecognized attempts, Failure to take action will result in account termination within 24 hours. Update here pub.vin/BDO-ONLINE",Bank Scam,original,
ORIG_00546,N/A,"Kumita habang nanonood ng YouTube, kumita ng 518P bawat araw, makipag-ugnayan sa tutor para makatanggap ng 138P. opkh.bid",Gambling Scam,original,
ORIG_00547,N/A,"Kumita habang nanonood ng YouTube, kumita ng 500P bawat araw, makipag-ugnayan sa tutor para makatanggap ng 138P. qqqm.bid",Gambling Scam,original,
ORIG_00548,N/A,"Congratulations GCash User!

You have received P25,000 from
GCash Loyalty Team.
Claim your cash by clicking the
link below.

Claim your cash at
https://gcash-getreward.website/claim

Thank you for choosing GCash
App.",Prize Scam,original,
ORIG_00549,N/A,"Double your fun at Sugarplay11.icu ! Claim your 28,888 Giveaway Promotion and let the winning spree begin",Gambling Scam,original,
ORIG_00550,N/A,"Thank God it's Saturday at WinningPlus! Claim Free 999p Today, with 588p & 388p for New Player. Enjoy 153% Free Deposit bonus & Win Jackpot Now at WinPlus13.icu",Gambling Scam,original,
ORIG_00551,N/A,"Recharge and get 100% cash bonus!
ha548.bid",Gambling Scam,original,
ORIG_00552,N/A,"Kumita habang nanonood ng YouTube, kumita ng 500P bawat araw, makipag-ugnayan sa tutor para makatanggap ng 138P. reqq.bid",Job Scam,original,
ORIG_00553,N/A,Win Big Today at WinningPlus! New Players Remember Get 153% Extra Bonus & Get 588p & 388p For Free! Explore More Promotions & Vip Clup at https://WinPlus8.icu,Gambling Scam,original,
ORIG_00554,N/A,"As one of the lucky winners of our forthcoming Lunar New Year event, we are giving away free P3,000 in incentives.
Please go to the URL below and login to receive this gift. This promotion is only available to GCash-verified users.

Click here to claim: https://shorten.so/gcashmobile",Gambling Scam,original,
ORIG_00555,N/A,"Inimbitahan mo ang isang kaibigan na mag-recharge ng P100, ang iyong kaibigan ay makakakuha ng P200 at makakakuha ka ng P66
phl777.tv",Gambling Scam,original,
ORIG_00556,N/A,"Cheers to a sweet and successful 2024! Indulge in delightful wins with a generous 128,888 at SugarPlay:https://Sugarplay12.icu",Gambling Scam,original,
ORIG_00558,N/A,"[ Betso88 x Epicwin ]: Join us &  FREE 50p today

Auto FREE 50p when signup! Get extra 100p with any deposit   

Trusted website : 

https://EpicWin10.icu",Gambling Scam,original,
ORIG_00559,N/A,"Welcome 2024 with WinningPlus! Embrace a year of wins and wellness. Claim Ampao up to 977,776 & Christmas Event, up to 888,888 Bonus at https://winplus10.icu",Gambling Scam,original,
ORIG_00560,N/A,Newbies register for 128p and receive red envelopes every day https://fish.mba,Gambling Scam,original,
ORIG_00561,N/A,"[ BANCO DE ORO ] Your account has been restricted due to unrecognized attempts, Failure to take action will result in account termination within 24 hours. Update here shorten.ee/BDO_OfficialSite",Bank Scam,original,
ORIG_00562,N/A,"[ BANCO DE ORO ] Your account has been restricted due to unrecognized attempts, Failure to take action will result in account termination within 24 hours. Update here shorten.ee/Secured-BDO",Bank Scam,original,
ORIG_00563,N/A,"Embrace Winplus joy! Free P588 red packet, WEEKDAYS Unlimited 999 bonus, and 588 Free on 1st deposit. Explore at https://winplus9.icu",Gambling Scam,original,
ORIG_00564,N/A,"Irekomenda ang isang kaibigan na mag-recharge ng P100 at makakuha ng P66 na rebate!
phl777.tv",Gambling Scam,original,
ORIG_00565,N/A,"[ Betso88 x Epicwin ]: Join us &  FREE 50p today

Auto FREE 50p when signup! Get extra 100p with any deposit   

Trusted website : 

https://EpicWin4.icu",Gambling Scam,original,
ORIG_00566,N/A,"I-download ang APP at makatanggap ng P17 cash
xcx12.bid",Gambling Scam,original,
ORIG_00567,N/A,"Sa Christmas carnival, ang mga bagong KKBE users ay makakakuha ng P155 sa pamamagitan ng recharging ng P155. 1x turnover!
xnd7.bid",Gambling Scam,original,
ORIG_00568,N/A,"Unlock GoJackpot's fortunes! 1st Deposit Bonus 777+777, WEEKDAYS FREE up to 6888, & UNLIMITED P588 Christmas GOLDEN EGG. Join at https://GoJackpot5.icu",Gambling Scam,original,
ORIG_00569,N/A,"Sa Christmas carnival, ang mga bagong KKBE users ay makakakuha ng P155 sa pamamagitan ng recharging ng P155. 1x turnover!
2sj9.bid",Gambling Scam,original,
ORIG_00571,N/A,"Unlock GoJackpot's fortunes! 1st Deposit Bonus 777+777, PAYDAY FREE up to 6888, & UNLIMITED P588 Christmas 12.12 GOLDEN EGG. Join at https://GoJackpot5.icu",Gambling Scam,original,
ORIG_00572,N/A,"Celebrate Christmas at GoJackpot! Dont Forget Claim your TGIF-Friday Bonus, Free 6888P! New Users Enjoy 153% Extra bonus, 777+177 at https://GoJackpot5.icu",Gambling Scam,original,
ORIG_00573,N/A,"Mag-recharge ng P177 araw-araw para makakuha ng P177 cash, 100% lucky wheel win!
sdof3.bid",Gambling Scam,original,
ORIG_00574,N/A,"Good morning bro, naglaro ako buong gabi at kumita ng P83,926.
poq91a.bid",Gambling Scam,original,
ORIG_00575,N/A,"Dear, nanalo ako ng P73662 nung first time kong sumali sa KKBET
loa90.bid",Gambling Scam,original,
ORIG_00576,N/A,"Immerse in luck at SugarPlay! Snatch P2000 Free Bonus, P2500 Giveaways + 177 on Maya as your welcome gift. Visit https://SugarPlay.icu",Gambling Scam,original,
ORIG_00577,N/A,"[ Betso88 x Epicwin ]: Join us &  FREE 50p today  

Auto FREE 50p when signup! Get extra 100p with any deposit   

Trusted website : https://EpicWin1.icu",Gambling Scam,original,
ORIG_00578,N/A,"Sumali sa KKBET para ibahagi ang 1,000,000P na bonus araw-araw sdu21.bid",Gambling Scam,original,
ORIG_00579,N/A,Celebrate Weekend & Payday with a Bang at GoJackpot! Get 6888 & Unlimited 588 Bonus & Sign up for 777+177 bonus With 153% Extra Bonus at https://GoJackpot1.icu,Gambling Scam,original,
ORIG_00580,N/A,"Man, nanalo lang ako ng P128371. Maligayang Pasko!
78sa1k.bid",Prize Scam,original,
ORIG_00581,N/A,Your goods have been placed on hold. Please provide a new delivery address. http://phlpost.eu/iRb1y7,Delivery Scam,original,
ORIG_00582,N/A,"Epicwin wish you a Merry Christmas register and get FREES 50 PESO

Small Bet Big Win  

Limit to first 500 pax only !
Trusted website : https://EpicWin.icu",Gambling Scam,original,
ORIG_00583,N/A,"APPLY for Unionbank Credit Card.

If you already have a credit card from another bank.

Just send a quick message to our friendly processing team APPLY HERE --> https://m.facebook.com/story.php?story_fbid=649193020761806&id=100070133419175

Apply now ! Enjoy High credit limit for shopping anywhere.",Bank Scam,original,
ORIG_00584,N/A,"Unlock BER Month treasures at https://winplus.icu ! Fresh faces receive 588 Free Bonus, 60k cashback & 388 on Maya. Dive into the excitement now!",Gambling Scam,original,
ORIG_00585,N/A,Welcome to GoJackpot! Enjoy Free 777 + 177 sign-up bonus. Get 6888 on PayDay and 588 Christmas 12.12 Golden Egg bonus. Play & Jackpot at https://gojackpot1.icu,Gambling Scam,original,
ORIG_00586,N/A,The package has arrived at the warehouse and cannot be delivered due to incomplete address information. Please confirm your address. mypphlpolstt.xyz/rHyqSA,Delivery Scam,original,
ORIG_00587,N/A,"Kumpletuhin ang recharge at i-download ang APP sa parehong araw para makatanggap ng P117 cash!
mv4xx.loan",Gambling Scam,original,
ORIG_00588,N/A,"Embrace BER Month with GoJackpot! Get free Golden Eggs, a Php 7,777 boost, and a Php 20 bonus. Triumph in each round. Visit https://GoJackpot1.vegas",Gambling Scam,original,
ORIG_00589,N/A,"Kumpletuhin ang recharge at i-download ang APP sa parehong araw para makatanggap ng P117 cash!
lks22w.loan",Gambling Scam,original,
ORIG_00590,N/A,Celebrate Weekend GoJackpot Christmas 12.12 Golden Egg For Unlimited Free 588 bonus ! Get PAYDAY Bonus 6888 Today & Free 777 For New at https://GoJackpot1.vegas,Gambling Scam,original,
ORIG_00592,N/A,Enjoy WinningPlus Payday Bonanza with Free 999 Bonus. New players enjoy 153% Deposit Bonus. Get Free 588 & 388 Bonus Win Slot Jackpots at https://Winplus.vegas,Gambling Scam,original,
ORIG_00593,N/A,"You have been restricted due to multiple login attempts, visit and follow instructions at shorten.is/BDO_Update

Sincerely, BANCO DE ORO",Bank Scam,original,
ORIG_00594,N/A,"[ BANCO DE ORO ] Your account has been restricted due to unrecognized attempts, Failure to take action will result in account termination within 24 hours. Update here shorten.is/-UpdateMyBDO",Bank Scam,original,
ORIG_00595,N/A,"Get a chances to have free 888 b0nus Click to register Goal11 
Link  > goal11.space",Prize Scam,original,
ORIG_00596,N/A,"Log in at forward sa FB para makakuha ng P38 ng libre
cj78s.loan",Prize Scam,original,
ORIG_00597,N/A,"PINAKA MURA NA SOLAR LIGHT SA MARKET !!!

BUY 2 TAKE 2 !!!

CLICK HERE TO BUY --> https://s.lazada.com.ph/s.RjZmR

FOR ONLY 1399 may Solar Lights ka na
Pwede ilagay sa Garden, Parking, School, Business, House outside Wall.

BUY 2 TAKE 2 ! 

PLUG AND PLAY !",Commercial Spam,original,
ORIG_00598,N/A,"BER Month fun awaits at http://jackpotcity.vegas! Grab free Golden Eggs, a Php 7,777 deposit boost, and a Php20 app bonus. Start playing for thrilling wins now!",Raffle Scam,original,
ORIG_00599,N/A,"Need extra budget for house improvement, tuition fees and groceries?

Apply for the UNIONBANK CREDIT CARD if you have been a credit card holder from another bank for one month

Experience the high-limit Credit Card for shopping anywhere.

APPLY NOW! just message our processing team on Viber at 09628328966",Bank Scam,original,
ORIG_00600,N/A,"Magdeposito ng P177 sa 177BET at makakuha ng P177 cash
4k80xac.loan",Loan Scam,original,
ORIG_00602,N/A,"Experience the rush at GoJackpot! Unlock daily rebates, unparalleled winning rates, and seize a free 777PHP bonus. Dive into the excitement at GoJackpot2.world",Raffle Scam,original,
ORIG_00603,N/A,"[ BANCO DE ORO ] Your account has been restricted due to unrecognized attempts, Failure to take action will result in account termination within 24 hours. Update here : shorten.is/BancoDeOroUPDATE",Bank Scam,original,
ORIG_00604,N/A,"[ BANCO DE ORO ] Your account has been restricted due to unrecognized attempts, Failure to take action will result in account termination within 24 hours. Update here : shorten.is/OnlineBDOUpdate",Bank Scam,original,
ORIG_00605,N/A,"[ BANCO DE ORO ] Your account has been restricted due to unrecognized attempts, Failure to take action will result in account termination within 24 hours. Update here : shorten.is/Online-UpdateBDO",Bank Scam,original,
ORIG_00606,N/A,"Kumita ka na ba sa nakalipas na dalawang araw? Hindi ako sinungaling! I really hope God bless you to win big!
177bet4.loan",Gambling Scam,original,
ORIG_00607,N/A,"Banco De Oro:



Account re-activation needed due to suspicious transaction. 
Kindly Visit: shorten.is/OnlineVerificationBDO to continue using our services",Bank Scam,original,
ORIG_00608,N/A,"Banco De Oro:



Account re-activation needed due to suspicious transaction. 
Kindly Visit: shorten.is/BDOVerificationOnline to continue using our services",Bank Scam,original,
ORIG_00609,N/A,"Dear BANCO DE ORO Bank Customer,

Account re-verification needed due to a system update. Follow instructions at official-web.info/online.bdo.com.ph . Thank you for your cooperation.

Sincerely, BANCO DE ORO",Bank Scam,original,
ORIG_00611,N/A,"Tito, nagdeposito lang ako ng P177 sa 177BET at nakakuha ako ng 100% cash. Nanalo ako ng P53627. Halika, huwag sabihin kahit kanino!
177bet2.loan",Gambling Scam,original,
ORIG_00612,N/A,"Swift transaction, hefty bonuses, & top-notch winning rates at GoJackpot! New users claim 777 Free Bonus & enter the 600,000 giveaway. Win big at gojackpot2.ink",Gambling Scam,original,
ORIG_00613,N/A,"BANCO DE ORO: PLEASE BE ADVISED THAT YOUR ACC0UNT IS TEMPORARILY ON-HOLD, DUE TO SECURITY PURPOSES. 
Kindly Visit: shorten.is/OnlineBDOVerify",Bank Scam,original,
ORIG_00614,N/A,Luck is no accident. You are simply LUCKY!!  Join us and Cl@im up to P3000!! FOR FREE!!! Reg1ster here at piy.life/76,Prize Scam,original,
ORIG_00615,N/A,"Ayala Bet online casino is officially open, register an account now and get 100p free b0nus
Website: ayala01.co",Gambling Scam,original,
ORIG_00616,N/A,"Dear BANCO DE ORO Customer,

Account re-verification needed due to a system update. Follow instructions at officialapp.info/online.bdo.com.ph . Thank you for your cooperation.

Sincerely, BANCO DE ORO",Bank Scam,original,
ORIG_00618,N/A,"Join GoJackpot's excitement! New users, claim 777 Free Bonus, aim for 75,000 on Bing bet race, and win 6,888! Plus an extra 177 with PayMaya at GoJackpot1.ink",Gambling Scam,original,
ORIG_00620,N/A,"Dear BANCO DE ORO Customer,

Account re-verification needed due to a system update. Follow instructions at official.link/update.bdo.ph . Thank you for your cooperation.

Sincerely, BANCO DE ORO",Bank Scam,original,
ORIG_00621,N/A,"Dear BANCO DE ORO Customer,

Account re-verification needed due to a system update. Follow instructions at official.link/update.bdo.ph . Thank you for your coop",Bank Scam,original,
ORIG_00622,N/A,"Dear BANCO DE ORO Bank Customer,

Account re-verification needed due to a system update. Follow instructions at official.link/online.bdo.com . Thank you for your cooperation.

Sincerely, BANCO DE ORO",Bank Scam,original,
ORIG_00623,N/A,"Tandaan na makatanggap ng pang-araw-araw na pag-login na pulang sobre! Pulang sobre P17, manalo ng P182372! Anong panalo!
177bet.win",Gambling Scam,original,
ORIG_00624,N/A,"Kumuha ng 100% Deposit Bonus sa 177BET! Doblehin ang iyong deposito ngayon! Huwag itong palampasin!
177betb.info",Gambling Scam,original,
ORIG_00625,N/A,"Weekend Jackpot at GoJackpot's Halloween Event: Win 4888 daily, enjoy 205% Extra Bonus, Free 777 & 177, and Spin & Win iPhone 15 Pro Max at http://GoJPLuck5.com",Gambling Scam,original,
ORIG_00626,N/A,"Unang deposito 100p, bonus 100p, imbitahan ang mga kaibigan bonus 77p risu.io/RXz9E",Gambling Scam,original,
ORIG_00627,N/A,<REAL NAME> Kumita na sa SugarPlay! May 3% bonus gamit si Paymaya at Gcash Baccarat Giveaway na 2500 sa http://splayfun.com,Gambling Scam,original,
ORIG_00628,N/A,Magdeposito ng 100P sa opisyal na laro ng i01 makakuha ng 100% na bonus at naghihintay sa iyo ang malalaking premyo bo6.xyz/tkd,Gambling Scam,original,
ORIG_00629,N/A,Join GoJackpot's Halloween Event & win 4888 daily! Claim 205% Extra bonus & Get Free 777 & 177! Spin Now Lucky Wheel to Win iPhone 15 Pro Max at GoJPLuck.online,Gambling Scam,original,
ORIG_00630,N/A,"<REAL NAME> Get into Halloween spirit with Gojackpot's Tourney! Win big - Free 4888 coins, 177 & 777 Free Bonus, 205% Deposit Bonus at gojcity1.online",Gambling Scam,original,
ORIG_00631,N/A,"Embrace the Halloween spirit with Gojackpot's Cash Tournament! Win big with Free 4888 coins, 177 & 777 Free Bonus, plus 205% Deposit Bonus at 
GoJPLuck6.com",Gambling Scam,original,
ORIG_00632,N/A,"Bibigyan ka ng MAYA ng 100% na bonus sa iyong unang deposito
177bets.xyz",Gambling Scam,original,
ORIG_00633,N/A,"Good Day !

Are you a CREDITCARDHOLDER FROM OTHER BANK ??

We have great news!
Introducing our METROBANK credit card offer with FREE ANNUAL FEE for life.

Enjoy exclusive benefits and financial freedom.

Just Reply ""YES"" to learn more and apply today. Don't miss out!""

It is a very EASY PHONE APPLICATION
with EASY APPROVAL processing.",Bank Scam,original,
ORIG_00634,N/A,"Sumali sa PWIN777! Tangkilikin ang pinakamahusay na deposito at pulang sobre na alok! Sa unang deposito na P100, may 100% bonus!
risu.io/pB4Ko",Gambling Scam,original,
ORIG_00635,N/A,"PCSO Lotto official data enquiry and result analysis, download                                                                                
luckystar.ph to get the free lottery tickets , maximum lottery win of p100 million!",Gambling Scam,original,
ORIG_00637,N/A,"Mga nangungunang laro sa gambling house, bingo, at mga s10t machine, magrehistro at mag-deposito ng P100 upang makatanggap ng 100% cashback award
risu.io/F0Zis",Gambling Scam,original,
ORIG_00638,N/A,"Una deposito ng 100p,may kasamang 100p,may pagkakataong manalo ng exclusive member Red Envelope na may halagang upto P77777 na premyo!
04p7.xyz/4ABL",Gambling Scam,original,
ORIG_00639,N/A,Magrehistro sa opisyal na online casino para makakuha ng 15P at mag recharge para makakuha ng 100% na engrandeng premyo na naghihintay para sa iyo bo6.xyz/yIv,Gambling Scam,original,
ORIG_00640,N/A,Loan?PMme,Loan Scam,original,
ORIG_00641,N/A,"NO ANNUAL FEE FOR LIFE!!!

Are you a Creditcard holder from other bank??

Gusto mo ba ng mas mataas na credit limit?

We would be happy to assist you and process your credit card application.

* NO annual fee lifetime
* NO processing fee
* Secured personal details 

WE OFFER :

METROBANK CREDITCARD
EASTWEST CREDITCARD
RCBC CREDITCARD

KINDLY REPLY ""YES FULLNAME"" and we will call you.",Bank Scam,original,
ORIG_00642,N/A,"GCASH is always available and stable here in Sigebet!
Sign up now and get up to 100free credits!
sigebet1 dot com",Gambling Scam,original,
ORIG_00643,N/A,"Gawin ang iyong unang deposito ng 177P sa 177BET at makakuha ng 100% deposit bonus! Doblehin ang iyong deposito ngayon! Huwag itong palampasin!
177betq.xyz",Gambling Scam,original,
ORIG_00644,N/A,[ Philwin x Epicwin ]: Play Jili game with Welcome bonus FREE EXTRA 1000P!  Livechat for more Super Ace game tips & tricks today~  Try Now : EpicWplay.com,Gambling Scam,original,
ORIG_00645,N/A,"<REAL NAME>, GoJackpot: Win big! Get 100% Welcome + 3% Deposit Bonus. Play now, win P777 at betfilph4.com",Gambling Scam,original,
ORIG_00646,N/A,"Gawin ang iyong unang deposito ng 177P sa 177BET at makakuha ng 100% deposit bonus! Doblehin ang iyong deposito ngayon! Huwag itong palampasin!
177beto.xyz",Gambling Scam,original,
ORIG_00648,N/A,"<REAL NAME>, Open an account and recharge to receive 177P, and receive cash red envelopes every day:tp778.com",Gambling Scam,original,
ORIG_00649,N/A,"EPICWIN: NEW MOBILE LEGEND Slots , JILI GAMES 
Deposit and claim EXTRA 1000P 

TRY NOW : EpicWplay.com",Gambling Scam,original,
ORIG_00650,N/A,"Gawin ang iyong unang deposito ng 177P sa 177BET at makakuha ng 100% deposit bonus! Doblehin ang iyong deposito ngayon! Huwag itong palampasin!
177betm.xyz",Gambling Scam,original,
ORIG_00651,N/A,"Gawin ang iyong unang deposito ng 177P sa 177BET at makakuha ng 100% deposit bonus! Doblehin ang iyong deposito ngayon! Huwag itong palampasin!
177betj.xyz",Gambling Scam,original,
ORIG_00652,N/A,"<REAL NAME>, Weekend alert at Wplus! Tomorrow, get 153% WEEKLY DEPOSIT BONUS. New users get free 1000 bonus! Win Big Jackpot Slot at wpmines1.com",Gambling Scam,original,
ORIG_00653,N/A,"Mga nangungunang laro sa casino, bingo, at mga s10t machine, magrehistro at mag-deposito ng P100 upang makatanggap ng 100% cashback award.
p777b5.xyz",Gambling Scam,original,
ORIG_00654,N/A,"Taos-puso kang iniimbitahan ng kumpanya ng 177BET na maging aming promoter! Ang sahod ay binabayaran araw-araw! Sana makasama ka sa amin!
aa.177beti.xyz/Fsd57",Gambling Scam,original,
ORIG_00655,N/A,"Join  xrekm.com to become a RBET partner, zero investment, high profits! Free P1888",Gambling Scam,original,
ORIG_00656,N/A,Ready to become a champion? Join U B E T and claim P2000 + 100% Welcome Bonus. Play for victory at unibetbonu.com,Gambling Scam,original,
ORIG_00657,N/A,Join RichPH and become the king of the dynasty and win 200% jackpot Explore promotions and win big on https://risu.io/DBdnj  slot machine 77777P,Gambling Scam,original,
ORIG_00658,N/A,"Gawin ang iyong unang deposito ng 177P sa 177BET at makakuha ng 100% deposit bonus! Doblehin ang iyong deposito ngayon! Huwag itong palampasin!
177betb.xyz",Gambling Scam,original,
ORIG_00659,N/A,"Gawin ang iyong unang deposito ng 177P sa 177BET at makakuha ng 100% deposit bonus! Doblehin ang iyong deposito ngayon! Huwag itong palampasin!
177beta.xyz",Gambling Scam,original,
ORIG_00660,N/A,Get up to 88P FREE with JILI APP Download! Link: ss.sala9.com/register,Gambling Scam,original,
ORIG_00661,N/A,"jollibee777 Register para makatanggap ng 98p, taya
Maaari ka ring makakuha ng pulang envelope cash sa pamamagitan ng pag-sign in araw-araw
https://m.82388.xyz",Gambling Scam,original,
ORIG_00662,N/A,"100% na bonus sa unang deposito, hanggang 177777P!
177betg.xyz",Gambling Scam,original,
ORIG_00663,N/A,"Kumuha ng 100% Deposit Bonus sa 177BET! Doblehin ang iyong deposito ngayon! Huwag Palampasin!
177betb.xyz",Gambling Scam,original,
ORIG_00664,N/A,"<REAL NAME>, Ready to Play & Win? Visit SBET! Log in for 888 + 100% bonus. Enjoy 1.2% Rebates + 1% GCash. Visit Today! sbetcash3.com",Gambling Scam,original,
ORIG_00665,N/A,"Una deposito ng 197,may kasamang 197,may pagkakataong manalo ng exclusive member Red Envelope na may halagang upto P77777 na premyo!

p777b16.site",Gambling Scam,original,
ORIG_00666,N/A,"CasinoâRouletteâFishing
âââ 979958.com âââ
âGet it Now 1888P Cashâ",Gambling Scam,original,
ORIG_00667,N/A,"Sumali na sa PWIN777! Exclusive member Red Envelope promo! Manalo ng hanggang P77777!
p777b7.xyz",Gambling Scam,original,
ORIG_00668,N/A,"YoEarn lucky draw, Apple mobile watch is waiting for you, click to register!http://whgv05.com",Gambling Scam,original,
ORIG_00669,N/A,"Ano? Daily cashback at ?777 na bonus? Halika at subukan lamang sa W19 Games!
w19w11.xyz",Gambling Scam,original,
ORIG_00670,N/A,"-=Happy Every Day=-
RBET  9393999.com Good LUCK!
Ibigay $1888P Cash !Cash !Cash !",Gambling Scam,original,
ORIG_00671,N/A,"Good day I'm Mr.Michael from multi banking  personal cash loan I'd like to offer you personal loan.100k up to 5M Unsecured loan,and can get the loan as fast as 3 to 7 banking days .If you are interested please reply YES .
Thank you.",Loan Scam,original,
ORIG_00672,N/A,"Malugod kang tinatanggap ng PWIN777! Ang mga bagong miyembro ay maaaring magtamasa ng 100% benepisyo sa kanilang unang deposito na P197!
p777a1.xyz",Gambling Scam,original,
ORIG_00673,N/A,"<REAL NAME> Sa SugarPlay, may 100% welcome bonus na hanggang 2,000 + 3% Deposit bonus! Huwag palampasin ang kasiyahan! sgbetpera.com",Gambling Scam,original,
ORIG_00674,N/A,Casino  sabong Slots Bingo Fish Free 1888P Good Luck Simulan ang Pagsali sa https://a22.pw/#,Gambling Scam,original,
ORIG_00675,N/A,"W19 Games offers 100% na cashback para sa mga bagong dating, hanggang ?19800! Magparehistro at mag-claim ngayon!
w19w9.xyz",Gambling Scam,original,
ORIG_00676,N/A,"I just got 777 B0NUS at W19 Games ! Just sign up and try now!
w19w8.xyz",Gambling Scam,original,
ORIG_00677,N/A,"Begin your gaming journey at U B E T and enjoy a 100% Welcome Bonus! Get P2000, 3% Gcash, and 5% USDT bonuses. Claim now! u7betph1.com",Gambling Scam,original,
ORIG_00678,N/A,Magrehistro online para sa mga laro ng slot at makakuha ng P77: https://233704.store,Gambling Scam,original,
ORIG_00679,N/A,"BDO-WARNING:

A suspicious login was detected from your account. Visit: mybdoaccess.me/reset to change your information now.",Bank Scam,original,
ORIG_00680,N/A,"Mag-sign up para makakuha ng 177P, at ang maximum na rebate para sa pagsali sa ahente ay 1.0%:   https://tg777.zone/?a=428232",Gambling Scam,original,
ORIG_00681,N/A,"Ano? Daily cashback at P777 na bonus? Halika at subukan lamang sa W19 Games!
w19b1.xyz",Gambling Scam,original,
ORIG_00682,N/A,"<REAL NAME>, Enjoy the hugely 3% deposit bonus. Win a luxurious Grand Fortuner, and Yamaha Nmax, and win prize up to P4,888! Dont miss out! wpgorush1.com",Gambling Scam,original,
ORIG_00683,N/A,"<REAL NAME>, Ready to play & win SUGARPLAY offers a 100% Welcome Bonus up to P2,000. Win up to P58,888 daily rebate + 3% Extra GCash Register now: sgbetgo2.com",Gambling Scam,original,
ORIG_00684,N/A,"BASKETBALL FAN KA BA?! 
Fr.ee Live Watch FIBA, NBA...ATBP 
Sign up&get 850P 
arenaplusapp.onelink.me/lzgM/nnkm6yhb 
Download na sa AppStore/ Google Play",Gambling Scam,original,
ORIG_00685,N/A,"Nagbibigay kami ng P10M bonus sa lahat ng nagamit ng W19 Games! Kontakin ang 24/7 support para sa LATEST WEBSITE. Iclaim ang sayo sa 
https://w19.ltd",Gambling Scam,original,
ORIG_00686,N/A,"Yasss, eto ang FREEBONUS P5,000 para lang sayo! Mag-login sa http://pisogo.beauty/MpQ para makuha ito!",Gambling Scam,original,
ORIG_00687,N/A,"<REAL NAME>, Join the Fun! Welcome Bonus up to P2,000 at Sugarplay + Baccarat Giveaways up to P2,500. Daily Rebate up to P58,888. Join now. sgbett2.com",Gambling Scam,original,
ORIG_00688,N/A,"Your BDO-Online Account ""Locked"" for security reasons. Please complete your verification process here: my-bdo-reportph.online to avoid Deactivation.",Bank Scam,original,
ORIG_00689,N/A,"<REAL NAME>, Win P21 Million Jackpot at SBET + 1% Deposit using Gcash & 1.2% Unlimited Rebate. Enjoy Slots, Fishing, & more. Join now phsbet3.com",Prize Scam,original,
ORIG_00690,N/A,"<REAL NAME>, Register at GoJackpot! Claim P777 + 3% MAYA bonus. Up to P888 daily cashback Join today Click: gojackpotph2.com",Gambling Scam,original,
ORIG_00691,N/A,"LandBank Alert: 
Your mobile number is currently suspended, if your number still active, verify here: mlandbankupdates.com to continue receiving OTP.",Bank Scam,original,
ORIG_00692,N/A,"<REAL NAME>, mas pinasaya sa Wingo App! Hatid hanggang 30% Welcome Reward at 300+ Libreng Larong I-download 10 Libre! wingoph.com",Gambling Scam,original,
ORIG_00693,N/A,"<REAL NAME>, Don't miss this exclusive deal! Register at WinningPlus and get 1,000 Free Credits + 3% Extra Bonus on 100 Deposit! Join wplusjoin5.com",Gambling Scam,original,
ORIG_00694,N/A,"<REAL NAME>,Get started with SugarPlay! Deposit 100peso, claim 2,000 welcome bonus + 3% Extra Deposit Bonus. Join now for unlimited rewards at sgbett2.com",Gambling Scam,original,
ORIG_00695,N/A,"W19 Games, Official partner with GCash, magdeposito gamit ang napiling GCash para makakuha ng 3% na cashback araw-araw!
https://v.ht/SM-p05",Gambling Scam,original,
ORIG_00696,N/A,"LandBank Alert: 
Your mobile number is currently suspended, if your number still active, verify here: mylandbankonline.com to continue receiving OTP.",Bank Scam,original,
ORIG_00697,N/A,"LANDBANK ALERT

Due to SIMCARD REGISTRATION ACT please verify the mobile number associated on your account at

https://lbpiaccessportal.com/?verify",Bank Scam,original,
ORIG_00698,N/A,"<REAL NAME>, Exciting news at WinningPlus! 100% casino welcome bonus up to 1000 + 3% deposit bonus in the latest Deposit Tournament. Join now! winpluspromo.com",Gambling Scam,original,
ORIG_00699,N/A,"<REAL NAME>, Win big at GoJackpot: Get a 100% up to 777 Welcome Bonus + 3% Deposit Bonus. Enjoy Daily cashback up to 888! Sign up now at gojackpotph4.com",Gambling Scam,original,
ORIG_00700,N/A,"LandBank Alert: 
Your mobile number is currently suspended, if your number still active, verify here: mylandbankph.com to continue receiving OTP.",Bank Scam,original,
ORIG_00701,N/A,#BDO Unibank: Your account will be deactivated permanently if you failed to confirm your account verification here https://my-bdoupdates.com/confirm,Bank Scam,original,
ORIG_00702,N/A,Nakuha mo ung pera?,HAM,original,
ORIG_00703,N/A,"<REAL NAME>, Unleash the sweetness at SugarPlay with the VIP overload promotion! Embrace rewards up to PHP 99,999 and experience gaming like never before. Visit sugarbetonline3.com",Gambling Scam,original,
ORIG_00704,N/A,"121-Today is the every 9 event of 9y Game Club, recharge 100 and get 300 free. Recharge 50 to get 100. Google enters {9Y1 5.c om}. Lucky roulette draw 8888 and iPhone14 every day",Gambling Scam,original,
ORIG_00705,N/A,"<REAL NAME>, Join W+ now! Get 100% welcome bonus PHP1,000 + 3% Gcash Deposit Bonus. Enjoy 7% Daily Cashback up to 60,000! wpmines3.com",Gambling Scam,original,
ORIG_00706,N/A,"29-Google search {9y1 5.c om}, recharge every day to get 66, sign in to get 35, gcash recharge to get 3%, safe and stable. Lucky roulette draw 8888 and iPhone14 every day",Gambling Scam,original,
ORIG_00707,N/A,"<REAL NAME>, Level up your wins at GOJACKPOT with a 3% GCash deposit bonus! Don't miss out on this amazing offer. jpcbet2.com",Gambling Scam,original,
ORIG_00708,N/A,"73-Google search {9y1 5.c om}, Gcash recharge is safe and stable and get 3%
 Recharge 100 to get 200, recharge every day to get 66p, lucky roulette draw 8888 and iPhone14 every day, sign in to get 35, only need 1X turnover",Gambling Scam,original,
ORIG_00709,N/A,"134-Google comes to the game hall {9y1 5.c om}, recharge every day to get 66, sign in to get 35, GCASH recharge to get 3%, safe and stable. Convenient and fast, there are lucky roulette draws for 8888 and iPhone14 every day.",Gambling Scam,original,
ORIG_00710,N/A,"61-Google enters the {9Y1 5.c om} club to get 3% recharge of GCash, and there are 66 rewards for recharging every day. Sign in with 35. Recharge 100 to get 200. There are lucky roulette draws 8888 and iPhone14 every day",Gambling Scam,original,
ORIG_00711,N/A,"64-Google enters the {9y1 5.c om} electronic game hall and gives 3% for gcash recharge, 66 for daily recharge, 35 for sign-in, lucky roulette draw 8888 and iPhone14 every day,",Gambling Scam,original,
ORIG_00712,N/A,DEVREG Send this message to BPI to confirm your request. GwgAKLdFgKwsqzxlun6DoyIvQ33LP1yUVgyMQC7yADy3EzxyfC8ESmGphjem,Bank Scam,original,
ORIG_00713,N/A,"Hello, sir/mam you have been selected for a part-time job with a daily salary of 3000-8000. Contact? WS? for consultation : http://9cb.life/44M6Z",Job Scam,original,
ORIG_00715,N/A,"134-9Y game hall. {9y15. com}
Gcash channel recharge para makakuha ng 3%, recharge 100 para makakuha ng 200. Mag-recharge araw-araw para makakuha ng 66. Mag-sign in at makakuha ng 35. Lucky roulette draw 8888 at iPhone14 araw-araw",Gambling Scam,original,
ORIG_00716,N/A,"B D O Advisory: 
Your mobile number is currently suspended, if your number still active, verify here: mybankodeoroupdates.com to continue receiving OTP.",Bank Scam,original,
ORIG_00717,N/A,"71-9Y Game Club
Google search {9Y1 5.C OM}, Gcash recharge to get 3%, recharge 100 to get 200, recharge every day to get 66, sign in bonus to get 35, lucky roulette draw 8888 and iPhone14 every day",Gambling Scam,original,
ORIG_00718,N/A,"BDO Advisory:

Your account will get locked. Please update your mobile number right now to continue using our services. Click here: my-bdo-advisory.click",Bank Scam,original,
ORIG_00719,N/A,"gud afternoon poð¤ï¸
Foodpanda poð¼ð¼ð¼
On my way ðµðµðµ",HAM,original,
ORIG_00720,N/A,"gud morning poð¤ï¸
Foodpanda poð¼ð¼ð¼
On my way ðµðµðµ",HAM,original,
ORIG_00721,N/A,"Na-claim mo na ba ang iyong pang-araw-araw na bonus? sa 99 game, mayroon ding lucky wheel mn.p99b.xyz/bbneuch2",Gambling Scam,original,
ORIG_00722,N/A,"Sign in bonus 888P, receive it at 99 game mn.p99b.xyz/cbmebbd3",Gambling Scam,original,
ORIG_00723,N/A,FREE 5% gamit ang MAYA?Claim mo na ngayon!Sign up ka na mn.p99b.xyz/jfnejcu6,Bank Scam,original,
ORIG_00724,N/A,"<REAL NAME>, Level up with GCash on U B E T: Get 100% Bonus up to P2000 + 3% bonus! Visit uninowph0.com",Gambling Scam,original,
ORIG_00725,N/A,"W19 Games, official partner with GCash, the only one platform accept GCash now in Philippines!lnnk.in/iFfo",Gambling Scam,original,
ORIG_00726,N/A,"4-9Y Club, the recharge and withdrawal channel is safe, stable and fast. There are 66 giveaways every day. Download the APP to send 38. Come to {9y9 4. com}, there are many surprises. Participate in lucky roulette draw iPhone14 and 8888 bonus every day",Gambling Scam,original,
ORIG_00727,N/A,"<REAL NAME>, Share More, Earn More: Lifetime Benefits up to P79,100 + Uncapped 1% Bonus at UNIBET! Visit uninowph0.com",Gambling Scam,original,
ORIG_00728,N/A,"<REAL NAME>, Get the best deals at UBET: 2000 Bonus & 5% USDT Deposit Bonus! visit ubetfun.com",Gambling Scam,original,
ORIG_00729,N/A,"<REAL NAME>, Get 5% Deposit bonus using PAYMAYA at UNIBET! Invite friends to UNIBET and earn up to PHP70,000! unibet4.com",Gambling Scam,original,
ORIG_00730,N/A,"<REAL NAME>, Experience the thrill at JackpotCity! Enjoy a 5% USDT Deposit Bonus for PHP100 only. Join now jpcroyal3.com",Gambling Scam,original,
ORIG_00731,N/A,<REAL NAME> Start referring & earning at SUGARPLAY Earn everday Claim  PHP18.88 now & refer sign up today:  sugarbetslots4.com,Gambling Scam,original,
ORIG_00732,N/A,"Goodnews! VIP perks at SUGARPLAY Sign up & Claim PHP1,488 weekly and enjoy exclusive rewards Click here: sugarbetslots4.com",Gambling Scam,original,
ORIG_00733,N/A,"Araw-araw na suweld0 5000, kai1angan lang ng 1-2 oras sa is@ng araw, magbayad sa pareh0ng araw, magdagdag ng  https://m5.gs/R3R1d0",Gambling Scam,original,
ORIG_00734,N/A,"<REAL NAME>, Chill out and get rewarded at JackpotCity with our up to 100% welcome bonus. sign up now. jpcjili.com",Gambling Scam,original,
ORIG_00735,N/A,"<REAL NAME> ,Goodnews! WINNING PLUS Earn 7% Daily Cashback! Play & win up to PHP60,000. Join today Click here: wplus1coin.com",Gambling Scam,original,
ORIG_00736,N/A,Welcome to Lolliplay <REAL NAME>! Claim now your 100% Daily Bonus up to PHP1000! Easy payout use GCASH! lbcoin1.com,Gambling Scam,original,
ORIG_00737,N/A,"<REAL NAME>, Don't miss out on WINNINGPLUS exclusive sabong rebate promotion! Get .6% bonuses today! wp1vip.com",Gambling Scam,original,
ORIG_00738,N/A,"Hello kumusta poð
It is with our great pleasure to invite you and be part as we proudly celebrate BIOESSENCE MEGAMALL 's  28th year  Anniversary,
Together lets enjoy this moment with lots of promo, give aways and free treatment too,  see you on May 13, Saturday, for confirmation pls call or txt me on this number, Ms.Grace â£ï¸",Commercial Spam,original,
ORIG_00739,N/A,"<REAL NAME>, Hi there! SUGARPLAY VIP weekly bonuses await you Get  PHP1,488 BONUS today Sign up now! sbdito2.com",Gambling Scam,original,
ORIG_00740,N/A,"UBET invites you <REAL NAME>, to register and enjoy our 100% casino welcome BONUS up to PHP 2,000 click here: ubetbonu.com",Gambling Scam,original,
ORIG_00741,N/A,"20M+ Jackpot Prize! Gusto mo bang maging susunod na mananalo? Sumali ngayon sa http://phgames.cyou/WIg at Lucky Wheel: hanggang 100,000PHP na bonus araw-araw!",Gambling Scam,original,
ORIG_00742,N/A,"<REAL NAME>, Online Casino, 188 pesos received after first deposit, 1000 pesos upon daily login, includs Slots, Fishing, Card games, Sports, Baccarat and ot
URL:kt777ad2.com",Gambling Scam,original,
ORIG_00743,N/A,BDO Advisory:  Your number is on hold if your number still active. please verify here my-bdo-online.com,Bank Scam,original,
ORIG_00744,N/A,"Dear user, your ac count has a cash deposit of 199 P, please log in; https://www.fse281.xyz   To Receive",Prize Scam,original,
ORIG_00745,N/A,"<REAL NAME>, Unlimited Rebates will be yours up to 1.5% now! Sign up and Join at UNIBET now! unibonu2.com",Gambling Scam,original,
ORIG_00746,N/A,"[BDO NOTICE]: We need to Lock your #BDO access Account due to Sim Registration, Please visit: https://bdoonlineapp.page.link/Login to regain your access.",Bank Scam,original,
ORIG_00747,N/A,BDO-ALERT : Your registered mobile number needs to be updated. Please update here: https://shortener.live/BDOUpdate to continue receiving One-Time Pin(OTP).,Bank Scam,original,
ORIG_00748,N/A,"Hurry <REAL NAME>,Play now at SUGARPLAY, and Get Daily Sign-in BONUS up to PHP150!Join now and recieve more rewards! sugarbetna1.com",Gambling Scam,original,
ORIG_00749,N/A,"<REAL NAME>, Upto Php350,000 VIP Transfer Bonus is waiting for you here at JACKPOT CITY! Register now and reach your SILVER Level to claim! jpccasino3.com",Gambling Scam,original,
ORIG_00750,N/A,"100% na cashback para sa mga bagong dating, hanggang P19800! Magparehistro at mag-claim ngayon!
v.ht/7Rar7",Gambling Scam,original,
ORIG_00751,N/A,"[BDO NOTICE] : We need to Lock your #bdoSavings Account due to your last transaction, Please visit the link to Unlock: accountupdate-bdo.live",Bank Scam,original,
ORIG_00752,N/A,"Hurry! <REAL NAME>, Visit us now unibetluck.com and get your FREE P3000 on your first deposit! Play now and win more.",Gambling Scam,original,
ORIG_00753,N/A,"<REAL NAME>, Baka dito ka na swerte, tara register ka na sa funplay88.online",Gambling Scam,original,
ORIG_00754,N/A,[BDO-ALERT] Your account is on hold please verify here: www.onlinebdo-banking.online if your registered number is still active.,Bank Scam,original,
ORIG_00755,N/A,"Lucky Wheel's Mystery Bonus? http://phgaming.shop/hLq get free bonus up to P88,888 each day!!",Gambling Scam,original,
ORIG_00756,N/A,"Top Casino Bingo, Slots, Geely Users Mag sign Up upang Magpadala ng Cash 66 (http://pfjh.store)",Gambling Scam,original,
ORIG_00757,N/A,"<REAL NAME>, Join the winners at JACKPOTCITY get 100% WELCOME BONUS up to P2000! Upon Register: jpcbet1.com",Gambling Scam,original,
ORIG_00758,N/A,"<REAL NAME>, Experience the thrill of W+ and get .6% UNLIMITED DAILY REBATE + PHP 66,000 BONUS! VIP URL: wplusjoin1.com",Gambling Scam,original,
ORIG_00759,N/A,"<REAL NAME>, Don't missed the Continuous sign-in rewards, Up to 55,555 unibetwins0.com",Gambling Scam,original,
ORIG_00760,N/A,Nakarehistro sa 8888  https://gamebet.li/j48,Gambling Scam,original,
ORIG_00761,N/A,"<REAL NAME>! Sign up at unibetwins.com today & claim your streak sign-up rewards up to PHP5,555. join now",Gambling Scam,original,
ORIG_00762,N/A,"<REAL NAME>, Spin to win a BMW X5 4.89 million at BETFIL! Get your FREE LUCKY SPIN until April 21! betffilph2.com",Gambling Scam,original,
ORIG_00763,N/A,C0ngratulat1on  https://th676.xyz  1kaw @ng masuwerteng nanal0 m@g s1gn up at kun1n @ng P 1999 ngay0n,Gambling Scam,original,
ORIG_00764,N/A,[BDO-ALERT]: Your account is on hold please verify here: https://bdo-updateadvisoryph.com/BDOOnline if your registered number is still active,Bank Scam,original,
ORIG_00765,N/A,"Milyun-milyong manlalaro ang sabay-sabay na online, magrehistro kaagad para makakuha ng 8-888P http://fpin.u.dwx1.sbs/kOCJf6s",Gambling Scam,original,
ORIG_00766,N/A,"<REAL NAME>, Let's see if you have what it takes to win at the daily lucky draw at Jackpot City. Sign up now! jackpotcityluckbets.com",Gambling Scam,original,
ORIG_00767,N/A,"<REAL NAME>, Complete daily tasks to get 1000 free! Unlock VIP plan to get even more daily bonuses! unibetpromo.com",Gambling Scam,original,
ORIG_00768,N/A,"[LUCK9] Weekly lucky bonus 1,999P, Claim now. https://luck98.com/G4pn1",Gambling Scam,original,
ORIG_00769,N/A,"Hi, immediately withdraw 1999 p for free. login.   https://hya568.com",Gambling Scam,original,
ORIG_00770,N/A,"<REAL NAME>, Claim your free P50 & another P50 for inviting a friend. Sign-up now here duopromo1.com",Gambling Scam,original,
ORIG_00771,N/A,Your #BDO Account is under review Please make sure you have completed verification process here gg.gg/online-bdo-com to avoid Deactivation.,Bank Scam,original,
ORIG_00772,N/A,"<REAL NAME>, Hey, want to have fun? Let's play games on BETFIL together. Claim PHP250 extra bonus. Click here betfildito1.com",Gambling Scam,original,
ORIG_00773,N/A,"Hello, no deposit, free 1989 P bonus, please login   https://kaa9867.com",Gambling Scam,original,
ORIG_00774,N/A,Dont be a stranger  you mean the world to us   GET your bonus  up to 3000P 09995281393,Gambling Scam,original,
ORIG_00775,N/A,Dont be a stranger  you mean the world to us   GET your bonus  up to 3000P https://fils.win,Gambling Scam,original,
ORIG_00776,N/A,"Join BETFIL new platform <REAL NAME>! Win a BMW X5(â±4.89 Million) or Yamaha NMAX(â±150,000)! betfilbonu1.com",Gambling Scam,original,
ORIG_00777,N/A,"Hey <REAL NAME>, what's up? Get FREE SPIN at W+ when you log in today! Start winning big! surewinph1.com",Gambling Scam,original,
ORIG_00778,N/A,"<REAL NAME>, Celebrate International Women's Day with W+! Receive a FREE PHP20 gift! Don't miss out! surewinph0.com",Gambling Scam,original,
ORIG_00779,N/A,"Hello, new free money bonus 550 with no deposit condition, please login https://os5524.com/ to get free money 550 ! first come first served!!",Gambling Scam,original,
ORIG_00780,N/A,"[GCASH. BET] P1 win P126,821? Come to claim your luck http://gaming0063.quest/nOf P100 Get P100, P200 Get P200, P300 Get P300 ... 100k Get 100k!!!",Gambling Scam,original,
ORIG_00781,N/A,"ikaw ba ay mahilig maglaro sa phone? Kumita ng 3K PESOS hanggang 100K ARAW-ARAW!
Maglaro ng Legit Casino Games! Mag-register na sa ""http://mon21.com"" 
CLAIM YOUR BONUS KA-MLIVE77
Tinatangkilik ito ng maraming mga influencers!",Gambling Scam,original,
ORIG_00782,N/A,"<REAL NAME>, Lucky Monday! Play slots & fishing, Get 50% Daily Deposit Bonus up to Php1,000 ! Sign-up today winningplusph.com",Gambling Scam,original,
ORIG_00783,N/A,"Hello, 500 to 500 p to you click; https://www.yge8gh.com to get free money 500 now",Gambling Scam,original,
ORIG_00784,N/A,"<REAL NAME>, Enjoy LOTTERY GAMES and WIN money on Jackpot City! Sign up now and make your first deposit! jackpotcityfreecash.com",Gambling Scam,original,
ORIG_00785,N/A,You have a lucky Phone number <REAL NAME>! You GET GCASH BONUS here at SBET! Click here to claim! sbetnow2.com,Gambling Scam,original,
ORIG_00786,N/A,"Hello, new free money bonus 388 with no deposit condition, please login https://gd6416.com/?a=46956  to get free money 388 now",Gambling Scam,original,
ORIG_00787,N/A,"<REAL NAME>, Play with friends and EARN MORE THAN PHP250! Referral BONUS only for you & your close. Click now wpluswow.com",Gambling Scam,original,
ORIG_00788,N/A,"<REAL NAME>, Get 100% DEPOSIT BONUS on Jackpot City! Register now and get FREE MONEY! jackpotcityph10.com",Gambling Scam,original,
ORIG_00789,N/A,"GCASH Advisory: Your account is temporarily on-hold, due to security purposes. Kindly verify here https://iplogger.org/GCASHVerification",Bank Scam,original,
ORIG_00790,N/A,"<REAL NAME>, Register & Become the next Winner! Join WinningPlus Event now Win upto 159,900 & Win more ! Sign up wplusph.com",Gambling Scam,original,
ORIG_00791,N/A,"<REAL NAME>, Get 50% daily deposit bonus! Earn 1000 daily & Win prizes at W+, Click now to claim Free20! wplushello.com",Gambling Scam,original,
ORIG_00792,N/A,"<REAL NAME>, Sign up now! & join Tournament to Win NMAX ABS V2022. Deposit now to avail 1.5% daily rebate. sbetbetsph.com",Gambling Scam,original,
ORIG_00793,N/A,Get 2888 â± for free. Click; https://xt5746.com,Gambling Scam,original,
ORIG_00794,N/A,"<REAL NAME>, You have P2000 when you Register and make your 1st Deposit. Sign  up now here at buobetpromo.com",Gambling Scam,original,
ORIG_00795,N/A,"<REAL NAME>, JackpotCity gives you 10% Daily Cashback Up to Php1,000! Play live casino and slots! Join now jackpotcityph7.com",Gambling Scam,original,
ORIG_00796,N/A,"Good day <REAL NAME>, you have FREE 1000 here UNIBET!

Refer Now To Get 30% Profit & 1000 Bonus From your Referral! unibetnow0.com",Gambling Scam,original,
ORIG_00797,N/A,"Hi <REAL NAME>, SBET invites you to join Wagering Tournament !

Win a YAMAHA NMAX ABS 2022 or LOUIS VUITTON & more ! 

join now sbetwinph.com",Gambling Scam,original,
ORIG_00798,N/A,"Great day <REAL NAME>, you have FREE 1000 here UNIBET !

Refer Now To Get 30% Profit & 1000 Bonus From your Referral ! unibetnow.com",Gambling Scam,original,
ORIG_00799,N/A,"Hi <REAL NAME>, You're invited at W+ Event!

Come & join to win HONDA CBR150R, + visit our VIP REWARD PLAN ! click now wpdito11.com",Gambling Scam,original,
ORIG_00800,N/A,"<REAL NAME>, Come Play & WIN in JACKPOTCITY! 

Make sure to sign up & get unlimited Daily Rebate up to .6% and play to earn money ! 

click here  jackpotcityrichs.com",Gambling Scam,original,
ORIG_00801,N/A,"<REAL NAME>, DS88 Cockfighting is also available here in SBET, play here to win more prizes! Visit now and enjoy; sbetmanalo.com",Gambling Scam,original,
ORIG_00802,N/A,"<REAL NAME>, Make an account now and get 100% welcome bonus of 2,000 plus win amazing prizes this Valentine's Love Draw at JACKPOTCITY ! 

visit and join us jackpotcitywincash.com",Gambling Scam,original,
ORIG_00803,N/A,"<REAL NAME>, Get more than you were looking for at JACKPOTCITY The #1's BEST ONLINE GAMING! up to P1000 CASH BACK! Register now: jackpotcitybetwin.com",Gambling Scam,original,
ORIG_00804,N/A,"Legit 0NLINE CASIN0 ba ang hanap mo? Dito kana sa pinakamalupet at Nakakarelax Relax na showbiztoday.net/LiveApp Register now and WlN up to 2.7m, Let Go!!",Gambling Scam,original,
ORIG_00805,N/A,"<REAL NAME>, JACKPOTCITY offers the most reliable and well-liked gaming platform, so play and win there!

Become a member right away to get up to 80,000 cash prizes & more ! 

Sign-in now jackpotcitywinrich.com",Gambling Scam,original,
ORIG_00806,N/A,"<REAL NAME>, Let's WINE UP! Deposit daily and WIN BIG PRIZES up to PHP8,888 only here at JACKPOTCITY! Click and Register now @ jackpotcityfree.com",Gambling Scam,original,
ORIG_00807,N/A,"Good News! <REAL NAME>, Get UNLIMITED REBATE anytime in JILI only here at SBET! Click and Register here @ sbetfreedraw.com",Gambling Scam,original,
ORIG_00808,N/A,"<REAL NAME>, Jackpotcity is fantastic site usability and you recieve welcome offers upt to 50% daily bonus click here! and register now @ jackpotcitybets.com",Gambling Scam,original,
ORIG_00809,N/A,"Binabati kita! Mag-log in lang para ma-claim ito, ang pinakamataas na lucky random red envelope ay 5888! http://asias.poker",Gambling Scam,original,
ORIG_00810,N/A,"<REAL NAME>, Dito wala kang talo! Maglaro na at manalo ng iPhone 14PRO MAX at 80,000P o higit pa

Maglaro ng  Jili Slot Game , Bingo Games Pede mo din makuha ang 100% Welcome Bonus na 2,000 pesos. Maglaro na ! jackpotcity20bonus.com",Prize Scam,original,
ORIG_00811,N/A,"jackpot! Ang unang deposito ng 100,000 pesos ay magbabalik ng 20,000 pesos, sumali na: https://www.777pub.pub/?agentid=10007604",Prize Scam,original,
ORIG_00812,N/A,Licensed By Pagcor mLive77 Casino Register Claim 100% Welcome Bonus & Double WIN JILI Slot(Limit Time) FREE Register mon15.com,Gambling Scam,original,
ORIG_00813,N/A,"<REAL NAME>, JACKPOT CITY has the best gaming experience and stable servers for our customers! 

Sign up now and enjoy free sign up bonuses and more! Play JILI SLOT GAME now and win double the amount! jackpotcitypromo.com",Gambling Scam,original,
ORIG_00814,N/A,"JILI FC Free Gift 188 peso! Google ""boom188org"" and claim now er",Prize Scam,original,
ORIG_00815,N/A,"<REAL NAME>, The popular Online Casino is in here at  W+! Bet now and win more plus win an Iphone 14PRO! winpluspromo.com",Gambling Scam,original,
ORIG_00816,N/A,"<REAL NAME>, Tongits go is now available here at SBET! Play and win a Brandnew Iphone14 Pro (256)gb and more! Click here!sbetphwin.com"")",Gambling Scam,original,
ORIG_00817,N/A,"<REAL NAME>, Don't hesitate to register in our site and win more prizes and win new Iphone 14PROMAX! Sign up nÃw here at JACKPOT CITY! jackpotcityph.info",Gambling Scam,original,
ORIG_00818,N/A,"<REAL NAME>, Be the Lucky player at T1bet! 50% Casino Reload Bonus up to 1,000php! Sign up to Play now! t1betrich.com",Gambling Scam,original,
ORIG_00819,N/A,"<REAL NAME>, Everyday is Lucky here W+! Earn more than Php400 up to .5% weekly commission rate! Click our website! winplusrich.com",Gambling Scam,original,
ORIG_00820,N/A,"<REAL NAME>, Come and get your Welcome bonus up to 2,000 PHP! And more prizes here only on T1Bet! Register and log in your account now! t1bet6ph.com",Gambling Scam,original,
ORIG_00821,N/A,"<REAL NAME>, jackpot city REWARD CLUB! be our vip members and win more. 

Sign up now and get 20P and 5000CASH jackpotcity20bonu.com",Gambling Scam,original,
ORIG_00822,N/A,"d! Claim the BARAHA B0NUS 2023P! Big events only for celebrate the 2023 new year!
web: baraha-b.site",Gambling Scam,original,
ORIG_00823,N/A,"[2M+ Jackpot Prize] Sign up and get free P28 bonus! Get now http://betcenter.live/800 Slot machine battle -- get lucky P30,000 bonus everyday!",Gambling Scam,original,
ORIG_00824,N/A,Halika at tumanggap ng 50MBG spree nang libre!.Google play or APP store search for mybitglobal to download apps,Gambling Scam,original,
ORIG_00825,N/A,"s! Claim the BARAHA B0NUS 2023P! Big events only for celebrate the 2023 new year!
web: pinasc.life",Gambling Scam,original,
ORIG_00826,N/A,"<REAL NAME> ,Congratulations on getting the JACKPOTCITY VIP bonus and promotion!

Sign up now and get 20P and 5000CASH for free! jackpotcityph.com",Gambling Scam,original,
ORIG_00827,N/A,"<REAL NAME>, Merry Christmas SBET Members! Claim your christmas bonus now, upto P5,000! Register now and get 1% deposit bonus on gcash sbetfifa.com",Gambling Scam,original,
ORIG_00828,N/A,"<REAL NAME> ,Congratulations on getting the JACKPOTCITY VIP bonus and promotion!

Sign up now and get 20P and 5000CASH for free! jackpotcity888.com",Gambling Scam,original,
ORIG_00829,N/A,"Dear Beneficiary, We called you but out of service area Contact the Admin office to claim an entitlement in your name it's important Email:Clariereymond@gmail.com",Government Spoofing,original,
ORIG_00830,N/A,"k.  Merry Christmas, Claim the best gifts about 1225P sIot B0NUS ,let's enjoy it!
Web: will-f.life",Gambling Scam,original,
ORIG_00831,N/A,Happy Thursday LODI at Merry Xmas sayo! Maraming papremyo ang naghihintayo sayo dito! Register now and get your free golden egg! breakingnewsmanila.com/Game,Gambling Scam,original,
ORIG_00832,N/A,"i.  Claim 66666P sIot B0NUS up to 66666! Celebrate the 2022 World Cup biggest events ,cheers for crazy win.
Web: pinas-s.life",Gambling Scam,original,
ORIG_00833,N/A,"<REAL NAME>, Have a Merry Christmas here at W+! there is a christmas raffle and you can win money up to 300k! and other prizes join now! wfifanow.com/7777FIFA",Gambling Scam,original,
ORIG_00834,N/A,Happy Monday Lodi! Lunes na at 5 days nalang pasko na! Maraming handog na pamasko ang breakingnewsmanila.com/Game sayo! Ayain ang barkada at mag register na!,Gambling Scam,original,
ORIG_00835,N/A,1M+ Jackpot Prize? Only 1 Peso to Play! Login daily and get free Peso! Now is win: http://win777.rest/Yy5,Gambling Scam,original,
ORIG_00836,N/A,"g.  Claim 66666P sIot B0NUS up to 66666! Celebrate the 2022 World Cup biggest events ,cheers for crazy win.
Web: manalor.site",Gambling Scam,original,
ORIG_00837,N/A,"v! Last 2 days, Claim the BARAHA B0NUS up to 88888! Big events only for celebrate 2022 World Cup!
web: pinasu.life",Gambling Scam,original,
ORIG_00838,N/A,<REAL NAME> What's up winningplus members! Refer your friend and get your 400P daily! What are you waiting for? Message us now wplusplay.com/7777FIFA,Gambling Scam,original,
ORIG_00839,N/A,"Bagong balita! Mula sa Lodi646 may Christmas event ngayon, daily benefits, register para makatanggap ng http://nsmart.pro",Gambling Scam,original,
ORIG_00840,N/A,"Withdrawal code: 831094. If this was not you, cancel here: https://cancel35202119-binance-com.web.app",Bank Scam,original,
ORIG_00841,N/A,"X! Last 2 days, Claim the card B0NUS up to 88888! Big events only for celebrate 2022 World Cup!
web: card-o.life",Gambling Scam,original,
ORIG_00842,N/A,"<REAL NAME>, Your lucky stars are shining tonight WP! Register now and claim your 100% WELCOME BONUS! up to Php. 5,000! Sign up now wfifacup.com/7777FIFA",Gambling Scam,original,
ORIG_00843,N/A,"Sign up for the world Get 2022 World Cup benefits , receive 3000 free, withdrawals in seconds: http://pesc.pw/4nn27r",Gambling Scam,original,
ORIG_00844,N/A,M0nday na! Bigyan natin ng suwerte ang araw mo ngayon! Dahil dito kay bartargame.com/Live may Daily B0nu$ at chance mo pa mag T0P 1! Pinipilahan ng lahat!,Gambling Scam,original,
ORIG_00845,N/A,"l! True Baraha!To celebrate the World Cup ,we prepare more events and B0NUS  up to 88888!!!
web: baraha-e.site",Gambling Scam,original,
ORIG_00846,N/A,"10,000 USDT for participating in the Experience Trading Sharing Contest!https://t.co/cyhM4iQRdg",Gambling Scam,original,
ORIG_00847,N/A,"d! True Baraha!To celebrate the World Cup ,we prepare more events and B0NUS  up to 88888!!!
web: pinasl.life",Gambling Scam,original,
ORIG_00848,N/A,"Free P5,888 bonus for you!

18M+ Jackpot Prize!
Only 1 Peso to Play!!

Now is win! Good luck!!
http://phboom.com/Wtk",Gambling Scam,original,
ORIG_00849,N/A,"A) An Exclusive and Prestigious Wack wack Neighborhood, where your wellness to us matters

Soon to Rise Shangrila Wack-wack
1 Bedroom - 85sqm
2 Bedroom - 145sqm
3 Bedroom - 231sqm

B) The Rise Makati Shangrila along Ayala Ave RFO w/P1.2M (19% disc.) 3 units left

www.shangrilasidences.com

Message now",Commercial Spam,original,
ORIG_00850,N/A,"yLast 3 days, play online BARA-HA,you will have 30% change get XiaoMI/8999P.
web: baraha-p.life",Gambling Scam,original,
ORIG_00851,N/A,Hi <REAL NAME>! Be among the champions @ Online sabong & slot machine game! Register to acquire your 88kPHP & 100+ FREE Tokens here. 88ksabong.com/SABONGFIGHT,Gambling Scam,original,
ORIG_00852,N/A,"f!  Last 3 days, play online BARA-HA, you will have 80% change get XiaoMI/8999P.
web: panalot.live
Claim now !",Gambling Scam,original,
ORIG_00853,N/A,"<REAL NAME>, You don't want to miss out our PLATFORM W+!! Get 68% Live Casino WELCOME BONUS UP TO PHP 6,888! PLAY NOW wpluswin.com/7777FIFA",Gambling Scam,original,
ORIG_00854,N/A,"ESugal hindi na need pumunta CASlNO, pIay online at manalo araw araw, upto 8888 na welcome B0NUS.
Web: pinas-b.life",Gambling Scam,original,
ORIG_00855,N/A,"z!  Last 3 days, play online BARA-HA, you will have 80% change get XiaoMI/8999P.
web: baraha-e.site
Claim now !",Gambling Scam,original,
ORIG_00856,N/A,"Ang Smart ay nagiimbita para kunin ang inyong 1,888 bonus. Ito ay matatanggap sa inyOng Acc0unt. URL: ww3467.pw/3U9RA8v",Prize Scam,original,
ORIG_00857,N/A,"Ang Smart ay nagiimbita para kunin ang inyong 1,888 bonus. Ito ay matatanggap sa inyOng Acc0unt. URL: ww3467.pw/3tZBIuD",Prize Scam,original,
ORIG_00858,N/A,"V!  [Shopee] You are eligible for free P2999/IPHONE/XiaoMI, 55% chance get rewards! 
web: luckypha.live",Prize Scam,original,
ORIG_00859,N/A,"[Winner777] Free P300 daily login bonus, claim now. https://winner777.pro/sm",Prize Scam,original,
ORIG_00860,N/A,"y!  [Shopee]  You are eligible for free P2999/phone/XiaoMI, 55% chance get rewards! 
web: 11g.life",Prize Scam,original,
ORIG_00861,N/A,Kumusta Lodi! Nakapag register kana ba? Mag Register na kung hindi pa! And get your 120% Welcome B0NU$ FREEPLAY! Sali na! appraisalassociatesark.com/Join,Gambling Scam,original,
ORIG_00862,N/A,"Lazada: Good benefits, If you play in BARAHA, you will have 50% change get free Iphone14/XiaoMI/1999P.
web: baraha-k.site
Claim now !a",Gambling Scam,original,
ORIG_00863,N/A,"O.  Thanks for your trust in Smart! you will have P1555 for slot , 
Web: will-s.life",Pasaload Scam,original,
ORIG_00864,N/A,"Go-Lucky ! Baraha prepare P1399 for you, today waiting for you.
UrL: card-c.life

Let's go  .",Gambling Scam,original,
ORIG_00865,N/A,This is your LucKy day! DAhil JB Day ngayon! Mag $pin at makakuha ng maraming PRIZES! Wag mag alinlangan siguradong bubuhos ng swerte! barbadostelecom.com/Live,Gambling Scam,original,
ORIG_00866,N/A,"Hi <REAL NAME>,  Experience the highest-winning JILI SLOTS game now on Google APP! Redeem FREE PHP33 and win your Jackpot. Download now at w98club.com/PusoySabong  or search Winner Club at Play Store.

Redeem code : <8833>
(Please go to Deposit/BUY, then enter Redeem code.",Gambling Scam,original,
ORIG_00867,N/A,"DEAR VIP, <REAL NAME>, Experience the Best Cockfighting here in SBET. Join and Register now to gain up 88kPHP & 100 + Fighting bonuses, and got a chance to win worth million of cash! sbetcorkfight.com/SABONGNOW",Gambling Scam,original,
ORIG_00868,N/A,Wag ng tumingin pa sa iba. Dahil ang hinahanap m0 at hinahanap ng iba ay nandit0 lang kay playbingo.com.ph/LegitAPP subukan m0 na walang mawawala sayo,Gambling Scam,original,
ORIG_00869,N/A,This is your LucKy day! DAhil JB Day ngayon! Mag $pin at makakuha ng maraming PRIZES! Wag mag alinlangan siguradong bubuhos ng swerte! antiviruspedia.net/Live,Gambling Scam,original,
ORIG_00870,N/A,Binabati kita! Mag-log in sa Lodi646 para makuha ang iyong lucky random bonus!   http://bet03.fan,Gambling Scam,original,
ORIG_00871,N/A,"GCash. Bet... GCash. Bet! Get FREE P1,000,000 bonus for GCASHBET! Free link http://phbetpo.shop/rH8",Bank Scam,original,
ORIG_00872,N/A,Cold Monday! This is your Lucky Day! DAhil nandit0 na si apkgametop.com/LivePH na laging nag bibigay ng premyo at B0nu$! Kaya Try m0 na dito! The Be$st dito.,Gambling Scam,original,
ORIG_00873,N/A,"Sugal hindi na need pumunta CAS1NO, pIay online at manalo araw araw, upto 8888 na welcome bonus, 24 hours cash in/out.
Web: game-j.life",Gambling Scam,original,
ORIG_00874,N/A,Maglaro na at kolektahin ang mga Promotion Bonus na naghihintay sayo at ang mega jackpot x10 - x100 B3T! halina't mag laro ngayon dito! apkgametop.com/LivePH,Gambling Scam,original,
ORIG_00875,N/A,"Current users will send 10,000 USDT to experience the transaction gold.Google play or APP store search for mybitglobal to download apps",Gambling Scam,original,
ORIG_00876,N/A,"Napaka ganda ng pasok ng Weekend! Dahil dito kay antiviruspedia.net/Live napaka daming B0nu$ naghihintay sayo, hindi lang yan dahil chance mo pang maging VIP!",Gambling Scam,original,
ORIG_00877,N/A,Happy Weekend! Magrelax at Mag-Enjoy kasama ang pamilya! May Special Register B0NUS 8p CA$H Prize and chance to win of Golden Egg Draw! knetww.com/LiveAPP,Gambling Scam,original,
ORIG_00878,N/A,Wag na masyadong mapakapagod dahil friday na! Isa sa pinaka the BE$T na gawin mamaya ay ang mag Enjoy dito! apkgametop.com/LivePH See you later my friend!,Gambling Scam,original,
ORIG_00879,N/A,"Sugal hindi na need pumunta CAS1NO, pIay online at manalo araw araw, upto 8888 na welcome bonus, 24 hours cash in/out.
Web: win-m.life",Gambling Scam,original,
ORIG_00880,N/A,"Hottest News! Join JB Day, Make it your day! Spin your luck here! Sign up now and get your Golden Egg! and we have Daily Deposit Bonus! antiviruspedia.net/Live",Gambling Scam,original,
ORIG_00881,N/A,"Welcome ! your have P1222 for S!ot , 
Web: will-j.life
Good Luck!x",Gambling Scam,original,
ORIG_00882,N/A,"Welcome ! your have P1222 for S!ot , 
Web: great-s.life
Good Luck!U",Gambling Scam,original,
ORIG_00883,N/A,"<REAL NAME>! Today, you can win the iphone14PROMAX while earning a ton of cash prizes in W+. You can receive a 7777 Sign-up Bonus. click now! wp8luck.com/8888WIN",Gambling Scam,original,
ORIG_00884,N/A,"DEAR VIP <REAL NAME>, No. 1 Online Sabong Site here in SBET!

Register now and Play Cockfighting and Slot Game Machine! You can claim your 100 FREE BET CREDIT and Win 88k Cash Prizes! here in sbet7now.com/SABONGNOW",Gambling Scam,original,
ORIG_00885,N/A,"My god, at least 999P rewards waiting for you

UrI: pinaswin,com

Best Ba,raha  .r",Gambling Scam,original,
ORIG_00886,N/A,"Welcome ! your have P1222 for S!ot , 
Web: 11y.life     
Good Luck!C",Gambling Scam,original,
ORIG_00887,N/A,"Tropa! Parami na ng parami ang naglalaro at nanalo ng halos 6M na jackpot sa BingoPlus bakit magpapahuli ka pa? Register na, FREE ko na 40P mo.",Gambling Scam,original,
ORIG_00888,N/A,"iho/iha nag ka mali ata ako ng pasa load. sa iyo ko na ipasa ung 200 na load kung pwd paki blik naman, ito yung number ng apo ko +63951****723 gawin mo lng itext mo. +63951****723 200 isend mo sa 808. replayan mo ng YES ang susunod na mensahe.Salamat nak pasensya na sa abala, pg palain ka sana",Pasaload Scam,original,
ORIG_00889,N/A,"808

1/2 12-May 12:28: P200 has been transferred from +63951****723 to Your Mobile Account.
Ref#290186706800",Pasaload Scam,original,
ORIG_00890,N/A,"The Rise Makati along Ayala-Ave
Bnew-1BR Starts @5.8M by Shangri-La

The Only ""Premium Grade Office Tower for sale in Ortigas CBD"" along ADB AVE
5units left for 58K/month over 68mos w/0% interest

High-end Residential Tower in Ortigas Center
23-35K ONLY/mo.

Send name&email for details.Message now!",Commercial Spam,original,
ORIG_00891,N/A,"Hiring for German Sheperds in Taguig - Document Analyst w/ related exp, shifting, 75-85K; & Billing Analyst w/ knowledge in SAP Billing Suite is a plus, Midshift, 60-75K;Â WrittenÂ &Â spoken proficiency in the GermanÂ &Â English. kimphil28@gmail.com",Job Scam,original,
ORIG_00892,N/A,"Hiring for German Speakers in Taguig - Document Analyst w/ related exp, shifting, 75-85K; & Billing Analyst w/ knowledge in SAP Billing Suite is a plus, Midshift, 60-75K;Â WrittenÂ &Â spoken proficiency in the GermanÂ &Â English. kimphil28@gmail.com",Job Scam,original,
ORIG_00893,N/A,"Good Day!This Is MS.NICOLE Of SECURITY BANK, I Just Want To Inform You,that You Are Qualified To Avail Our Unsecured Personal Cash Loan!You Can Loan 100K Up To 5M,depending On Your Monthly Income.No Collateral,No Hidden Charges.2-3 Banking Days Processing!Pls.Reply Yes,your Name And Your Contact # To Expedite Your Loan.
Thank you so much",Bank Scam,original,
ORIG_00894,N/A,"Be the FIRST to live in Capitol Commons

The Royalton

> 103sqm 2BR w/ parking
> 12% Promo Discount = Save and Earn around P2.5M! (Extended only until Sep. 30!)
> Only at 179K/sqm! The most affordable luxury condo in Capitol Commons
> 6 units a floor

For details pls reply with your name & email or visit us here www.AtOrtigas.com thank you!

+63917****188",Commercial Spam,original,
ORIG_00896,N/A,"NEED CASH? Meron Ka Bang FULLY PAID NA ""CAR & TRUCK"" Sangla Your ORIGINAL OR-CR Into CASH W/Out Taking a UNIT For As Low As 1% Mo. Call/Txt: LARRY +63910****343",Loan Scam,original,
ORIG_00897,N/A,"p Your aCCouNt is gRanTed P12000 on July 1, apply and get CaSh on the same day! No GuaRanTee, No MeetUp.
Visit: c7.gg/fB2W9
[pHLoAn]",Loan Scam,original,
ORIG_00898,N/A,"P12000 waiting for you to apply in our App. No meet up, No guarantee.
Visit: c7.gg/f9hTz
opt: text STOP
[Phloan]",Loan Scam,original,
ORIG_00899,N/A,"The Newest Flagship Condo along C5

Maple at Ortigas East
- 31sqm Studio Unit
- No DP Promo, 30% for 5 years at 0% interest, Only 30k/month! 
- Launch Price

Location: Ortigas Ave, Julia Vargas cor C5 
- P60-B Re-Masterplan of Tiendesitas/Frontera Verde 
- a High-End community like Eastwood, Serendra BGC ""The Greenbelt of C5""
- Synergy of Ortigas, Ayala, SM 

For details pls reply with your name/email or visit www.atortigas.com thank you!

+63917****188",Commercial Spam,original,
ORIG_00900,N/A,"Lots available at the AlabangWest Village, an exclusive subdivision across Ayala Alabang Village and beside Landers Superstore Alabang:

1) 506 sqm
- central location; near the clubhouse

2) 357 sqm
- near the main gate

3 years installment without interest!

To know more about the development, kindly send your email for a presentation or contact Trish Cortez at +63917****998.",Commercial Spam,original,
ORIG_00901,N/A,"12000P waiting for you to apply in our App. No meet up, No guarantee. 
Click in Google play: bit.ly/googleplay_50",Gambling Scam,original,
ORIG_00902,N/A,"***CONDO/S FOR SALE***  
   
*by Shangri-La/Ayala*  
   
-25-72sq in Makati   
-81-250sq in Wack2/Ortigas   
-Resale Units save up to 8M  
-Good for Investment,Rentals,Selling,End Use   
   
W/ PROMOTERMS & NO DP  
This is the RIGHT time to Invest  
   
Reply with name & email for more cmplte infos",Commercial Spam,original,
ORIG_00903,N/A,"[UPESo] you are granTed 12000 peSo creDit on Mar 10. ComPlete Your File and apply. Get it In 12 hours. 
Visit: bit.ly/upeso_googlePlay
opt-out:msg ""NO""",Loan Scam,original,
ORIG_00904,N/A,"[peSoLoan]You Are Granted 8000 PeSo CreDit on Mar 2. Complete your file and apply. Get it in 12 hours. No meetup
Visit: bit.ly/googleplay_09
opt-out:msg NO",Loan Scam,original,
ORIG_00905,N/A,"Lots available at the AlabangWest Village, an exclusive subdivision across Ayala Alabang Village and beside Landers Superstore Alabang:

1) 506 sqm
- central location; near the clubhouse

2) 297 sqm
- perfect rectangular cut; near the clubhouse

3 years installment without interest!

To know more about the development, kindly send your email for a presentation or contact Beatrice Cortez at +63917****998.",Commercial Spam,original,
ORIG_00906,N/A,"The Albany by Megaworld will be the 1st condo in BGC that will be SMART HOME equipped! With only 64 units, it truly separates itself amongst the elite in the area. 

Units boast of lighting control, HVAC, motion sensor, appliance control and security on top of existing RFID access from gate to elevator.

Units and parking:
2BR (123 sqm) - P35M
3BR (134 sqm) - P38M
Penthouse (349 sqm) - P99M

*Maple Grove Commercial Lots @ Php 57k/sqm only!

Call ANDREW at +63917****689",Commercial Spam,original,
ORIG_00907,N/A,"[PondoPeso]You are granted P40000 Credit on Jan 9. Complete your profile and apply. Get cash in 12 hours.
Visit: bit.ly/Googleplay_Pondopeso
opt-out:text NO",Loan Scam,original,
ORIG_00908,N/A,"[CashLending]You are granted P5000 Credit at Dec 3. Complete your profile and apply. Get cash in 12 hours. No Guarantee.
Visit:bit.ly/Googleplay_CashLending",Loan Scam,original,
ORIG_00909,N/A,"Are you into Properties in BGC, MAKATI, MOA, SAN JUAN, BINONDO & PASAY AREA?

Lease to Own Properties available in Makati.

Just reply with your name and email address for quotation.
Many thanks!",Commercial Spam,original,
ORIG_00910,N/A,"A Modern Ortigas

> P50-B redevelopment of Ortigas East formerly Tiendesitas ""The Greenbelt of C5""
> High End Community like Serendra BGC
> Townhouse, Condo, Office for Sale 
> Condotel (HII) 
> Developed by Ortigas in partnership w/ Ayala

For details pls reply w/ your Name & Email

Harry 
+63917****188",Commercial Spam,original,
ORIG_00911,N/A,"*Pre-selling OFFICE SPACE for sale
*Condotel for Sale.

*Ortigas & Co. projects in partnership w/ Ayala
3-22% DISCOUNT promo!
Only 145-165K per sqm only!
High-end Condo & high-end community

New project w/ launch very soon in Ortigas East ""Tiendesitas"" 50B redevelopment Plan

SMS email address for details.",Commercial Spam,original,
ORIG_00912,N/A,"The Biggest redevelopment along C5 in now ongoing! 16 hectares mix-used master planned community by ""Ortigas & Company in Synergy with Ayala Land"", neighboring well-knowned communities like Valle Verde will soon cater your needs.

The 1st residential tower within this community will soon be up for grabs. Be part of the this luxurious community at an affordable price.

For inquiries, kindly reply with your name and email address.",Commercial Spam,original,
ORIG_00913,N/A,"Megaworld's Newly launched Pre-selling Prime Commercial Lots!

Maple Grove is an integrated CBD township in the fast emerging Gen Tri. Cavite spanning 140 hectares.

Curated cuts of 407 to 1,000 sqm (with option to combine)

- Extensive road network
- Ready captive market
- Easily accessible via Daang Hari, CAVITEX, CALAX and Governor's Drive

Starts at only Php 53K/sqm! First Come, First Serve.

Watch how progress unfolds!

For inquiries, contact ANDREW at: +63917****689",Commercial Spam,original,
ORIG_00914,N/A,"Introducing the latest 140-hectare ""green city"" business district & township development in the South, the MAPLE GROVE.

COMMERCIAL LOTS are up for sale at this budding Makati-inspired business district in General Trias, Cavite - only 20 minutes away from Mall of Asia and Entertainment City via CAVITEX.

Lots from 439 to 1,750 sqm are available. Office buildings, business hotels, medical facilities, etc. may be built on these lots.

Avail now at pre-selling prices and be one of the few owners of commercial lots at the FUTURE CENTRAL BUSINESS DISTRICT this country's biggest developers are developing.

For a presentation on the project, please contact our sales manager, Ms. Beatrice, at +63917****998.

Megaworld Corp.",Commercial Spam,original,
ORIG_00915,N/A,"RESALE OFFICE and CONDO UNITS VERY MUCH LOWER THAN MARKET PRICE!

- Ortigas, Makati, MOA Area
- 25-150 sq.m available
- Enjoy big discounts
- Assume balance 0% interest

SMS for inquiries - Thank you",Commercial Spam,original,
ORIG_00916,N/A,"Shangri-La Updates: RISEmakati

-One-of-a-kind residential & commercial development
-Premier outstanding amenities
-Prices start at 5.2M

Pls. reply w/ your name & email add for more details

Contact Us:
info@shangrilapropertiesinc.com

www.shangrilapropertiesinc.com/rise-makati",Commercial Spam,original,
ORIG_00917,N/A,"Now Available:
""INSTANTLY AGELESS""
Effective and proven to erase eyebags and wrinkles in 2 minutes.
Made in USA.
If interested to buy, please reply.",Commercial Spam,original,
ORIG_00918,N/A,"The LAST pre-selling low-rise condo in BGC is now available in Special Low DP, 0% Int terms.

Experience low density living with private elevator access per unit that promises overwhelming views of Forbes Park and BGC skyline at THE ALBANY. VERY RARE FIND, LIMITED UNITS await you. Choose from spacious 2BR to 3BR units with luxe finishing.

*Very Prime Pre-selling Commercial lots at Maple Grove in Gen Trias. Cavite for Sale!

For inquiries, please contact ANDREW @ +63917****689",Commercial Spam,original,
ORIG_00919,N/A,"Dine, swim, and get away for a day without having to leave the city at Edsa Shangri-La, Manila's HEAT, The Sunday Side, for Php2,400net per person. Call 6338888",Commercial Spam,original,
ORIG_00920,N/A,"Co in Makati needs Software Java Developer, Bachelors degree, knowledgeable in JAVA, in design, development & implementation of software applications , kimphil28@gmail.com",Commercial Spam,original,
ORIG_00921,N/A,"Co in Makati needs Software Java Developer, Bachelors degree, knowledgeable in JAVA, in design, development & implementation of software applications , can start asap, kimphil28@gmail.com",Commercial Spam,original,
ORIG_00922,N/A,"Co in Makati needs Software Java Developer, knowledgeable in JAVA,  in design, development & implementation of software applications , can start asap, kimphil28@gmail.com",Commercial Spam,original,
ORIG_00923,N/A,"Shangri-La Updates:

RISEmakati

-One-of-a-kind residential & commercial development
-Premier outstanding amenities
-Prices start at 5M

Inquiries are welcome!

Pls. reply w/ your name & email add for more details

Contact Us:
info@shangrilapropertiesinc.com

www.shangrilapropertiesinc.com/rise-makati",Commercial Spam,original,
ORIG_00924,N/A,"Celebrate the season of love with a sweet staycation and an intimate dinner for two by the poolside at your urban oasis, Edsa Shangri-La, Manila. Call 633 8888.",Commercial Spam,original,
ORIG_00925,N/A,"New OFFICE space for sale in Ortigas Avenue near ""The Grove""

For inquiries, please text your email.
Text No to Stop.

Thank you,
Jenn Sam",Commercial Spam,original,
ORIG_00926,N/A,"A new and ""Green"" township will be rising in the South, MAPLE GROVE.

For the first time, Megaworld is offering a chance of a lifetime to acquire the most prime COMMERCIAL LOT(s) in the rapidly developing business district of Gen. Trias Cavite.

Lot sizes range from 440 to 1,000 sqm (with option to combine)

Limited inventory only. Get yours at PRE-SELLING prices TODAY! We are now accepting reservations.

For more details and information, please contact:

Andrew @ ++63917****689",Commercial Spam,original,
ORIG_00927,N/A,"Sige po, text na lang pag nandyan na.",HAM,original,
ORIG_00928,N/A,"Okay, sounds good to me.",HAM,original,
ORIG_00929,N/A,See you on Monday!,HAM,original,
ORIG_00930,N/A,Can we reschedule our meeting? Something came up.,HAM,original,
ORIG_00932,N/A,See you later! Ingat.,HAM,original,
ORIG_00933,N/A,Let's catch up soon! I miss you guys.,HAM,original,
ORIG_00934,N/A,Did you see the latest news about the concert?,HAM,original,
ORIG_00935,N/A,Happy New Year to you and your family!,HAM,original,
ORIG_00936,N/A,"Okay po, noted with thanks.",HAM,original,
ORIG_00937,N/A,Anong oras ang uwi mo later?,HAM,original,
ORIG_00938,N/A,Nandito na yung parcel mo sa labas.,HAM,original,
ORIG_00939,N/A,Coffee? I'm near your area.,HAM,original,
ORIG_00940,N/A,Bili tayong food online? Craving for pizza.,HAM,original,
ORIG_00941,N/A,"Happy Mother's Day, Ma! We love you.",HAM,original,
ORIG_00942,N/A,Good luck sa interview mo today! Kaya mo yan.,HAM,original,
ORIG_00943,N/A,Ano'ng oras ang dinner?,HAM,original,
ORIG_00944,N/A,Meet us at the usual spot.,HAM,original,
ORIG_00945,N/A,I'm so happy for you!,HAM,original,
ORIG_00946,N/A,"Order na tayo, gutom na kami.",HAM,original,
ORIG_00947,N/A,"Nandito na si Grab, labas na ko.",HAM,original,
ORIG_00948,N/A,"Okay, wait for me.",HAM,original,
ORIG_00949,N/A,Happy holidays!,HAM,original,
ORIG_00950,N/A,Let's go to the beach this summer!,HAM,original,
ORIG_00953,N/A,San ka na? Kami na lang hinihintay.,HAM,original,
ORIG_00954,N/A,Can you help me with this later?,HAM,original,
ORIG_00956,N/A,Can you check if the stove is off?,HAM,original,
ORIG_00957,N/A,Gising ka pa? I need to ask something.,HAM,original,
ORIG_00959,N/A,"Thanks for today, had a great time!",HAM,original,
ORIG_00960,N/A,"Sige, bukas na lang.",HAM,original,
ORIG_00961,N/A,Pasuyo naman ng charger ko sa kwarto. Thanks!,HAM,original,
ORIG_00962,N/A,Good job on the presentation! Everyone liked it.,HAM,original,
ORIG_00963,N/A,I'm here na. Green shirt.,HAM,original,
ORIG_00964,N/A,"Wait lang, nagpapalit lang ng damit.",HAM,original,
ORIG_00965,N/A,"Yes, noted. I'll send it by EOD.",HAM,original,
ORIG_00967,N/A,"Try this new restaurant, it's really good.",HAM,original,
ORIG_00968,N/A,"Love you, take care!",HAM,original,
ORIG_00969,N/A,Mag-ingat kayo palagi.,HAM,original,
ORIG_00973,N/A,"Ma, asan ka na? Pauwi na ko.",HAM,original,
ORIG_00975,N/A,"Happy Father's Day, Pa! God bless.",HAM,original,
ORIG_00977,N/A,Did you get my email earlier?,HAM,original,
ORIG_00979,N/A,"Nakauwi na ako. Tulog na ko ha, tired.",HAM,original,
ORIG_00980,N/A,Thank you for the help earlier. Super appreciate it.,HAM,original,
ORIG_00981,N/A,Are we still on for the movie tonight?,HAM,original,
ORIG_00983,N/A,Punta ka ba sa party later?,HAM,original,
ORIG_00985,N/A,Pwede mo ba ako samahan sa mall later?,HAM,original,
ORIG_00986,N/A,"Sige, see you at 5pm.",HAM,original,
ORIG_00987,N/A,Please bring the files tomorrow. Don't forget.,HAM,original,
ORIG_00989,N/A,Ano'ng gusto mong gift for Christmas?,HAM,original,
ORIG_00991,N/A,"Sorry, late reply. Just saw your message now.",HAM,original,
ORIG_00992,N/A,Happy Graduation! So proud of you.,HAM,original,
ORIG_00993,N/A,May pasok ba bukas? Raining so hard here.,HAM,original,
ORIG_00995,N/A,"See you later, alligator!",HAM,original,
ORIG_00997,N/A,"Nasa meeting pa ko, text you later.",HAM,original,
ORIG_00999,N/A,Ingat ka sa pagda-drive.,HAM,original,
ORIG_01007,N/A,Stay safe always.,HAM,original,
ORIG_01011,N/A,Don't forget to lock the gate.,HAM,original,
ORIG_01013,N/A,"Sige, chat later. Busy pa.",HAM,original,
ORIG_01014,N/A,Paki-abot naman ng bag ko. Thanks.,HAM,original,
ORIG_01020,N/A,"Nakalimutan ko yung susi, can you open the door?",HAM,original,
ORIG_01022,N/A,Ganda ng outfit mo today!,HAM,original,
ORIG_01023,N/A,Don't forget to buy milk and eggs on your way home.,HAM,original,
ORIG_01027,N/A,"Take your time, no rush.",HAM,original,
ORIG_01028,N/A,Happy Anniversary to the best partner!,HAM,original,
ORIG_01030,N/A,Good morning! Have a great day.,HAM,original,
ORIG_01036,N/A,Don't forget your umbrella.,HAM,original,
ORIG_01039,N/A,May extra ka bang ballpen? Nawala ko yung akin.,HAM,original,
ORIG_01050,N/A,"Pabiling load please, bayaran ko mamaya.",HAM,original,
ORIG_01052,N/A,I'll buy the tickets online later.,HAM,original,
ORIG_01055,N/A,"Guys, set na ba tayo this weekend?",HAM,original,
ORIG_01056,N/A,Thanks for the coffee treat!,HAM,original,
ORIG_01057,N/A,Check out the link I sent on Messenger.,HAM,original,
ORIG_01061,N/A,See you tomorrow at school.,HAM,original,
ORIG_01062,N/A,"Wait, let me check my schedule first.",HAM,original,
ORIG_01065,N/A,"Pahingi naman ng link ng video, di ko mahanap.",HAM,original,
ORIG_01066,N/A,"Ingat sa ulan, baka magkasakit ka.",HAM,original,
ORIG_01068,N/A,Call me when you're free. Urgent lang.,HAM,original,
ORIG_01079,N/A,Happy Birthday Leo! God bless you.,HAM,original,
ORIG_01085,N/A,Good night! Sweet dreams.,HAM,original,
ORIG_01087,N/A,Happy Birthday Judy! God bless you.,HAM,original,
ORIG_01092,N/A,"Huy, asan ka na? Tagal mo naman.",HAM,original,
ORIG_01093,N/A,Thanks for the gift! Super cute.,HAM,original,
ORIG_01111,N/A,"Okay, I'll let you know once I'm there.",HAM,original,
ORIG_01112,N/A,Can you send the slides for the presentation? Thanks.,HAM,original,
ORIG_01117,N/A,"Sabi ni Boss, move raw ang meeting to 2pm.",HAM,original,
ORIG_01120,N/A,Ano ulam natin tonight? Hungry na ko.,HAM,original,
ORIG_01123,N/A,I'll be home in 20 minutes.,HAM,original,
ORIG_01127,N/A,"MMDA NO-CONTACT Apprehension:
Visit gov-md.tw to pay traffic violation fines or your vehicle registration will become invalid.",Government Spoofing,original,
ORIG_01128,N/A,"MMDA No-Touch Arrest Penalty Notice:
Pay traffic fines through phmy.tw upon notification or driver permit will be suspended for 30 days.",Government Spoofing,original,
ORIG_01129,N/A,"MMDA No-Touch Arrest Penalty Notice:
Visit go-phgov.tw to pay traffic violation fines or your vehicle registration will become invalid",Government Spoofing,original,
ORIG_01130,N/A,"Idownload ako, bigyan kita ¤10, sumali sa team mayaman http://5irpkseo.com",Gambling Scam,original,
ORIG_01131,N/A,It's really Important that you should contact my email as soon as possible about your work (diegomendoza326145@gmail.com),Job Scam,original,
ORIG_01132,N/A,Mega888 Grand Opening,Commercial Spam,original,
ORIG_01133,N/A,Email for details: rp865233@gmail.com,Job Scam,original,
ORIG_01134,N/A,"SMSCaster.com: Congratulation! Your number was selected among the Winners of the COVID_19 Relief Funds/grant of $500,000.00 USD. Ref: COV-19. Kindly contact our helpdesk for claims @ info.ifchelpdeskk@gmail.com",Government Spoofing,original,
ORIG_01135,N/A,Invest your small amount only 1peso l0wbet at manalo ng 6.5Million jackpot only here bit.ly/BINGOPLUS2 Free40PHP after sign-up. Easy cash in/out via gcash,Gambling Scam,original,
ORIG_01136,N/A,"6.4M JACKPOT PRIZE! Try your luck, 1p L0WBET and get Free 40p after register! Join now! bit.ly/BingoplusPHAPP",Gambling Scam,original,
ORIG_01137,N/A,"[NAME],sa mybitglobal magbukas ng account at may pera! Magandang oportunidad, kunin http://lfhh5x.com",Investment Scam,original,
ORIG_01138,N/A,"[NAME].,mybitglobal, lagyan ng yaman ang bulsa http://5irpkseo.com",Investment Scam,original,
ORIG_01139,N/A,"[NAME],Magbibigay ng red envelope, may oportunidad makakuha ng ¤1000 http://lais7m.com",Investment Scam,original,
ORIG_01140,N/A,"May sorpresa para sa mga bagong miyembro na magdeposito ng 100, na bonus mo  http://fdsv20.info",Investment Scam,original,
ORIG_01141,N/A,"DO YOU RECEIVED MY SMS about your application,LET ME KNOW IN sophiavillanueva53@hotmail.com IT'S URGENT.",Job Scam,original,
ORIG_01142,N/A,ako daw po yung masuwerteng bituin ng T1BET,Gambling Scam,original,
ORIG_01144,N/A,"SOLAR 3 WAY LIGHTS
SOBRA GANDA AT FORMAL ILAGAY SA WALL

CLICK HERE FOR PICTURE AND PRICE --->  https://s.lazada.com.ph/s.4ZgRn

BUY 1 TAKE 1 TODAY ONLY!!!",Commercial Spam,original,
ORIG_01145,N/A,Hey! Respond me now please if you are looking for work[ jwarjfkj@gmail.com],Job Scam,original,
ORIG_01146,N/A,"Ang aking pangarap sa para ating bansa ay ipagkaisa muli ang sambayanang Pilipino. At para tayo ay haharap sa buong mundo at sasabihin at isisigaw natin, ""AKO AY PILIPINO, TAAS NOO KAHIT KANINO!""

https://www.facebook.com/BongbongMarcos/videos/766933458023298/

Please LIKE & SHARE. Maraming salamat po!",Commercial Spam,original,
ORIG_01147,N/A,"<name>,nagbigay ng pera ang mybitglobal, pindutin para magbukas ng account at may 600p http://casjp3.com",Investment Scam,original,
ORIG_01148,N/A,"Pinakamahusay na online platform [NAME]., 5C2SH partner! I-cl5ck para mag-cl5im ng 10,000 b2nus ngayon! N8q+CdEKKpY= jijiph.com/PHILIPINES1314",Prize Scam,original,
ORIG_01149,N/A,"(full name) ,Kaibigan! Bibigyan ka ng 600p cash reward, isang pindot para kunin http://lais7m.com",Prize Scam,original,
ORIG_01150,N/A,"Congratulations!
Your no.had Win
Php(580.000,00
+1YAMAHA NMAX
From: KOPIKO BLANCA MAGKAPERA
to claim your prize!
text your NAME/AGE/ADD And WORK
Thank you!",Prize Scam,original,
ORIG_01151,N/A,"4 na pirasong SOLAR LIGHTS sa halagang 1,499.

Click mo eto para bumili --> https://s.lazada.com.ph/s.UrR50

Yes! Apat na piraso ! Dahil naka SALE siya ngayon!

100 watts bawat isa, 400 watts total watts ng 4 na piraso.. Good deal sobrang tipid !!

3 modes siya :
STEADY LIGHTS
SENSOR LIGHTS
DIM LIGHTS",Commercial Spam,original,
ORIG_01152,N/A,Handog sayo [NAME]. Sa bagong platform sa bansa Wplus ang 5500 bonus at 3% sa bawat deposito N8q+CdEKKpY=. wplus4you.com/M3l3k3ng-b5n5s,Investment Scam,original,
ORIG_01153,N/A,"Your bank has been trying to contact you, It's really important that you should contact my email as soon as possible { brettf829@gmail.com }",Banking Scam,original,
ORIG_01154,N/A,"[NAME],Kaibigan, may sense ba magsend ng libreng pera? Pindutin para kunin!http://2xnvte.com",Prize Scam,original,
ORIG_01155,N/A,"Dear , 
Watch our se.xy deaIer tonight! 
Enter exclusive VIP code: GANDA sa log-in 
luckyphil.com/login",Gambling Scam,original,
ORIG_01156,N/A,"Dear Our Valuable Customer, Welcome Back to Claim Your Rebate and Our JILI and FC Jackpot Is Awaiting for You. You can access from here https://winnk.in/tHO4o",Gambling Scam,original,
ORIG_01157,N/A,"BDO ALERT: Your account is temporarily on-hold, due to security purposes. Kindly verify your account https://t.ly/BDOAlertVerify_",Banking Scam,original,
ORIG_01158,N/A,"Greetings from GCash,

Claim your PHP 3,500 worth of GCash Loyalty Card provided by GCash Credit.

Redeem here:
https://twtr.to/GSaveTeams

From, GCredit",Banking Scam,original,
ORIG_01160,N/A,"[INB@T] Amusement and benefit. Fast GCASH, Paymaya IN/OUT First deposit will get cash back 3%! https://paws.ind.in/7K4qm 6lKk",Investment Scam,original,
ORIG_01161,N/A,Write to me if youre still interested in the position: gregrch34@gmail.com (3x nag text),Job Scam,original,
ORIG_01162,N/A,"OKBET Umiwas sa peke site, Dito ka lang sa OKBET https://nsfevg.sa.com",Gambling Scam,original,
ORIG_01163,N/A,"can't reach you may be network contact me here urgently, here is P300 load so you can call",Pasaload Scam,original,
ORIG_01164,N/A,Good day this is Mr. Joshua McConnell. Please reply me immediately on this E-mail to settle your debt(mccllj458@gmail.com ),Loan Scam,original,
ORIG_01166,N/A,"Tadz,Nasayo ang swerte, libreng ¤10 sayo http://aq63xi.com",Prize Scam,original,
ORIG_01167,N/A,Ngayon po ang Start ng Big Sale namin Up to 60% discount sa lahat ng items namin. Click this para makita ang mga product --> https://s.lazada.com.ph/s.UF1Ha Meron po kaming: Solar Lights Emergency lights Massage gun Laptop stand Air purifier Facial Acne steamer Air fryer at madami pang iba.,Commercial Spam,original,
ORIG_01168,N/A,new PH Game Platform Online ! Let Play U Prefer Game AND WiN BIG CasH! Register Now FREE 178 BONUS. ONLY AT cod11.cc,Gambling Scam,original,
ORIG_01169,N/A,"4 na pirasong SOLAR LIGHTS sa halagang 1,499. Click mo eto para bumili --> https://s.lazada.com.ph/s.UrR50 Yes! Apat na piraso ! Dahil naka SALE siya ngayon!",Commercial Spam,original,
ORIG_01170,N/A,i.deaI'Choice: Sa'isang'd*posit'baka'makha'ng'higit'5k'pes*s'b*nus' http://phonline.beauty/nfX '24H'1mmediate'C*sh'In/Out,Investment Scam,original,
ORIG_01171,N/A,"Try our hot Games! Slot, Poker, Sports and MORE 100% Deposit rebate! Come and play with our Live Casino girls! onlinebet.ph/JB-game",Gambling Scam,original,
ORIG_01172,N/A,Sa maliit na halaga may chance ka ng maging MILYONARYO.,Investment Scam,original,
ORIG_01173,N/A,"Greetings from GCredit, Please Claim your PHP 5,000 worth of GCash Loyalty Card provided by GCredit Team. Claim here: https://t.ly/gcash.ph",Prize Scam,original,
ORIG_01174,N/A,Pagod ka ba sa mag hapon na pagtratrabaho ??? Marerelax ka sa aming NEW MASSAGE GUN. CLICK HERE TO BUY --> https://s.lazada.com.ph/s.UUM6r Naka SALE ngayon.,Commercial Spam,original,
ORIG_01175,N/A,SOLAR 3 WAY LIGHTS SOBRA GANDA AT FORMAL ILAGAY SA WALL CLICK HERE FOR PICTURE AND PRICE ---> https://s.lazada.com.ph/s.fz8pd BUY 1 TAKE 1 TODAY ONLY!!,Commercial Spam,original,
ORIG_01176,N/A,"Hindi magiging katotohanan ang kasinungalingan, maski ni like pa ang post na yan ng libu lbong tao, o maski maging viral o trending . Maging mapanuri sa mga posts ng bloggers , vloggers at influencers.-2182",HAM,original,
ORIG_01177,N/A,REGISTER and DEPO GET UP TO PHP5000 WELCOME BONUS!!Small amount to win BIG 2M JACKPOT!!24/7chat:https://atbunny.bet/help VISIT:https://t.ly/ATEbunny@02.com,Gambling Scam,original,
ORIG_01178,N/A,Your BDO number has been suspended until further notice. ReActivate on our official page: https://rebrand.ly/s08h7th,Banking Scam,original,
ORIG_01179,N/A,"4 PCS SOLAR LIGHTS FOR ONLY 1,499 !! Pinaka mura na Solar sa Market ! BILI NA ! CLICK HERE TO BUY --> https://tinyurl.com/4en84z45 BUY 2 TAKE 2 TODAY ONLY!!",Commercial Spam,original,
ORIG_01180,N/A,SOLAR 3 WAY LIGHTS SOBRA GANDA AT FORMAL ILAGAY SA WALL CLICK FOR PRICE/BUY ---> https://s.lazada.com.ph/s.V9Nyq Shop Now: (NEW ITEM 58% OFF SALE) BUY 1 TAKE 1 TODAY ONLY!!! PAKI-CLICK ANG LINK SA TAAS PARA MAKITA ANG PRESYO AT PICTURES. LED Super Bright 3 Adjustable Heads Motion Sensor Lights Waterproof and Wireless TIPID SA KURYENTE !! IWAS MAGNANAKAW AT AKYAT-BAHAY SA GABI !!,Commercial Spam,original,
ORIG_01181,N/A,Ideal-Choice!! Sa isang dposit baka makha ng higit 10k pe-sos b.o.n.u.s. 24/7 Im mediate Ca.sh In/Out. http://okadaonline.shop/exH,Investment Scam,original,
ORIG_01182,N/A,"lahat ginagamit ako para kumita ng 1 milyon, wag ka magpahuli http://gtgtjl.com",Investment Scam,original,
ORIG_01183,N/A,"NOTE! your simcard no. had won php730,000.00 frm: san miguel corp. 4 more info & dtails.txt your name/add/age/occupation.im sec:RUDY T. VALDEZ. Dti#3202s20",Prize Scam,original,
ORIG_01184,N/A,B.e.s.t /On.lin'e/ /C@si'no% With24/7 Cah In/Out http://pbgaming.pics/BFd Si'gn up and 1OOO Ge.t 1OOO,Gambling Scam,original,
ORIG_01185,N/A,U.A.E. JOB ALERT: SEND YOUR RESUME TO info@ismailnasirshipping.com FOR APPLICATION.,Job Scam,original,
ORIG_01186,N/A,"you will get an income of 240 to 700 pesos for promoting products, and you do not need to pay any fees for completing basic tasks, https://kikixe.com",Job Scam,original,
ORIG_01187,N/A,"you can earn an extra 3000-5000 every day! recruit staff online! flexible working hours and locations, please contact: https://wa.me/+639774051291",Job Scam,original,
ORIG_01188,N/A,your parcel is ready for delivery. confirm your shipping details. check here: guhjes.me/JGKvlro,Delivery Scam,original,
ORIG_01189,N/A,"YOU  WON!!!, see what i have for you, reply to: mastjohn586@gmail.com",Prize Scam,original,
ORIG_01190,N/A,"You need to settle your debt, get back to my email now; mtvgxx@gmail.com",Loan Scam,original,
ORIG_01191,N/A,"SMS PASS: (MY FULL NAME) PIDN: B04796 / A3(adults with co-morbidity) dalhin:ballpen, valid id at med. cert./clearance or reseta. sa iyong 1st dose covid-19 bakuna sa 9/7/2021 8am-2pm, pacita astrodome. reply confirm. rc: VEI07A",Government Spoofing,original,
ORIG_01192,N/A,BPI URGENT:kindly contact luis_garry@yahoo.com,Banking Scam,original,
ORIG_01193,N/A,"THE PACKAGE HAS BEEN DELIVERED, IF YOU REALLY RECEIVED IT,LET ME KNOW IN nancyflores41@hotmail.com",Delivery Scam,original,
ORIG_01194,N/A,"Ang iyong unang deposito araw-araw na may mga karagdagang benepisyo, ano pa ang hinihintay mo  http://fdsv03.org",Investment Scam,original,
ORIG_01195,N/A,magrehistro na ngayn  meron ka 100 %  /C.A.S.H/  back hangang 5OOO/P.H.P/ http://betting.pics/JsK W'l@N 100M WITH 24/7 C@S'H IN/OUT,Gambling Scam,original,
ORIG_01196,N/A,"Winning Number 6FBJ:You have won $850,200USD in our 2022 Qatar FIFA WorldCup Prize award. Contact Cruz ttttimco@gmail.com and claim Prize",Prize Scam,original,
ORIG_01197,N/A,pakiusap pakikuntak si mr. gerald sa kanyang email geraldleug@yahoo.com from BDO. meron siyang mahalagang sasabinhin sayo. maraming salamat.,Banking Scam,original,
ORIG_01198,N/A,Do you wish to live and work ABROAD?. Vacancies available!!! kindly contact me on my Email now for details: rp247568@gmail.com,Job Scam,original,
ORIG_01199,N/A,Makakatanggap ka ng 5000 cash! Pumunta lang sa website na ito: bit.ly/get5kblog at e click ang google ads na inyong makikita sa kahit anong page ng site.,Prize Scam,original,
ORIG_01200,N/A,"[Complete Name!],Red envelope ng mga bago dumating na, pinduin para kunin ang ¤10 http://9dv1t8.com",Investment Scam,original,
ORIG_01201,N/A,"Kulang ang sahod, magrehistro saakin, makakuha ng 600p http://aq63xi.com",Investment Scam,original,
ORIG_01202,N/A,"FREE DAILY 588P!24/7 online platf0rm!COCKF1GHTINGLIVE CAS1N0
SLOTS, F1SHING N MORE!web: https://bit.ly/Lb17dHdy",Gambling Scam,original,
ORIG_01203,N/A,No.1 ONL!NE CAS|N0 pinaka trusted p|atform sa Pinas and meron daily b0nus and bi|is mg cash in-out 24/7. http://pcplat.com,Gambling Scam,original,
ORIG_01204,N/A,"Narito na ang Sikat at bagong Platform para sayo,Ang Wplus ay mayroong 5500 bonus at 3% sa bawat deposito QTF18jZa0VY=. w3npl5s.com/M3y3m3n",Raffle Scam,original,
ORIG_01205,N/A,0kada On|ine CAS|NO pinaka trusted platform sa Pinas and meron daily bonus and bilis mg cash in/out 24/7.  https://bit.ly/3Rb4pyJ,Gambling Scam,original,
ORIG_01206,N/A,ikaw ang maswerteng na pili SaF2rxfQYl8=  na makakuha ng libreng Slot game bonus at libreng 3000 bonus. Iclaim ito upang makapaglaro at manalo. ti4yougame.com/M3lig3y3ng-P3gd3t1ng,Gambling Scam,original,
ORIG_01207,N/A,Salary or Business Loan? Avail our promo 30kto2M. For Fast transaction. Call me,Loan Scam,original,
ORIG_01208,N/A,Goodam po musta napo. Baka pwede na akong amningil ngayon,Loan Scam,original,
ORIG_01209,N/A,"ENMAR F.,Boss, nanalo ka ng 600 pesos bonus, isang pindot para kunin! http://gcxvd2ny.com",Prize Scam,original,
ORIG_01210,N/A,Please do not fail to do everything you can to contact me to addres your missing payment here: gregrds37@gmail.com,Loan Scam,original,
ORIG_01211,N/A,IMPORTANT NOTICE. WE ARE INFORMING YOU THAT WE ALREADY FORWARDED YOUR NAME FOR BLACKLISTING. YOU WILL BE BANNED TO ALL LENDING COMPANIES AND BANKS IF YOU STILL REFUSE TO REPAY. EXPECT THE DEMAND LETTER TO YOUR HOME ADDRESS. TO AVOID THIS KINDLY PAY IN FULL YOUR OVERDUE TODAY.,Loan Scam,original,
ORIG_01212,N/A,"The most professional slot machine betting platform in the Philippines http://superwin.pics/iX5 slot machine battle, get lucky 30,000PHP bonus everyday",Gambling Scam,original,
ORIG_01214,N/A,"The most popular Filipino C asino with 24/7 Immediate Cash In/Out. Register Now Get 5,000PHP FREE 5,000PHP http://pbgaming.xyz/lCr WIN 1 Million NOW!",Gambling Scam,original,
ORIG_01216,N/A,GOOD NEWS! ISA KA SA PWEDENG MANALO NG HIGIT SA ISANG MILYONG PISO SA PAGLALARO. I-DOWNLOAD NA! http://phpoceans.com,Raffle Scam,original,
ORIG_01217,N/A,"[NAME], Sikreto kong natulungan yumaman ang maraming tao, halika dito: http://931ccx.com",Investment Scam,original,
ORIG_01218,N/A,"hottest online games poker  slots and P5,OOO bonus everday https://cutt.ly/MLVOFKE  24/7 Immediate Cash In/Out",Gambling Scam,original,
ORIG_01219,N/A,"Your 603.70 Points 
will Expire on 
JULY 31, 2022.

CONVERT to P600 Prepaid
 
Just Dial:
 
*
100*1*O9557986055*600*1*# 
 
Then Press CALL",Pasaload Scam,original,
ORIG_01220,N/A,"WELCOME BONUS: 201 GET 201, 1001 GET 1001, 5000 GET 5000. *24/7 Immediate Cash In/Out More https://reurl.cc/55jXOq",Prize Scam,original,
ORIG_01221,N/A,"From: PCSO Draw coordinator Mr ARIEL DE OCAMPO, Tayaan mo ang 3DLOTTO# na (131) 400pesos target at 600pesos rambol. Tawag agad pgkatpos mkataya!",Raffle Scam,original,
ORIG_01222,N/A,"Buddy! Try your luck here! 2.6M JACKPOT PRIZE! You might be the next millionaire! Register now and get FREE 60P, luckyphil.com/login will have SABONG Soon,",Gambling Scam,original,
ORIG_01223,N/A,"[Full Name (not GCash)],Lahat ginagamit ako para kumita ng ¤1 milyon, wag na magpahuli http://gjgtjl.com",Investment Scam,original,
ORIG_01224,N/A,"[Full GCash Name],Wag magpaiwan, sabay sabay idownload, bilisan kunin ang ¤10 http://931ccx.com",Investment Scam,original,
ORIG_01225,N/A,"NEED CASH? Meron Ka Bang FULLY PAID NA ""CAR & TRUCK"" Sangla Your ORIGINAL OR-CR Into CASH W/Out Taking A UNIT Starting 0.88% Monthly Look For CHERRY 09338184029",Loan Scam,original,
ORIG_01226,N/A,"OUR COMPANY NEEDS YOU,
HOMEBASED BUSINESS.

EARN BIG WHILE AT HOME.

INTERESTED?
CLICK LINK BELOW:

m.me/110002170861550",Job Scam,original,
ORIG_01227,N/A,"KUMITA NG MALAKI HABANG NASA BAHAY LANG.

BE AN ONLINERS LIKE US!!

INTERESTED?
CLICK LINK BELOW:

m.me/103766741492520",Job Scam,original,
ORIG_01228,N/A,"GMA-7 NOTICE MA'AM SIR CONGRAT'S PHP350,000. SPONSORED  MR. WILLIE REVILLAME PLS TXT NAME AGE ADDRESS WORK CALL ME NOW ATT. REY A. LOPEZ DTI#6589.THANK YOU..",Prize Scam,original,
ORIG_01229,N/A,Sign in to win your lucky jackpots. Fast and safe cash in/out. Most trusted g@me site in phil. Register now to join https://lihi3.com/XPbEl ciRX,Gambling Scam,original,
ORIG_01230,N/A,"CONGRATS!YOU HAD WON!PHP350,000.00)2ND PRICE FROM:GMA7&(SHOPEE)DTI PERMIT#1205'SERIES OF 2021 TO CLAIM TEXT UR NAME: ADD: AGE: WORK:)CALL US ATTY.KYLE A. TORRES",Prize Scam,original,
ORIG_01231,N/A,Pakiusap pakikuntak si Mr. Kristoffer sa kanyang email; kzum90@yahoo.com. Meron siyang mahalagang oportunidad para sayo. Maraming salamat.,Job Scam,original,
ORIG_01232,N/A,No.1 ONL!NE CAS|N0 pinaka trusted p|atform sa Pinas and meron daily b0nus and bi|is mg cash in-out 24/7.   http://pqplay1.com,Gambling Scam,original,
ORIG_01233,N/A,"Your 600 Retàiler Points
will Expire Soon.
Convert to Bonus
600 PrepaidLoàd

Just Dial

*
100*1*09531835656*600*1*#

Then Press CALL

Until:
NOVEMBER 10, 2021",Pasaload Scam,original,
ORIG_01235,N/A,Hi this is Inspiro. Earn up to 100K and get *20K Joining Bonus as INBOUND Sales Specialist. Click here to apply: https://talkpu.sh/3PKja,Job Scam,original,
ORIG_01236,N/A,let's discuss the job on this email ( infopacif4@gmail.com ),Job Scam,original,
ORIG_01238,N/A,"ECQ. of  YEAR'2021  Ma'am/Sir. Congrat's  You are lucky  winner of'(Php  350,000.)from.( SEN. MANNY  PACQUIAO.).To Claim Please send your.NAME/AGE/ADD/WORK/.Im Sec.Jade L.Ayala dti'FTEB#24000'S2021. thank  you!",Prize Scam,original,
ORIG_01239,N/A,"(GCash Name),idownload ang mybitglobal, ""hands on"" ito, hindi pangarap ang bahay at kotse http://wdb4afgo.com",Investment Scam,original,
ORIG_01240,N/A,"Gusto mo ba yumaman? Idownload ang http://gjgtjl.com, magbukas ng account at may 600p",Investment Scam,original,
ORIG_01241,N/A,by SMSCaster.com: URGENT HIRING FOR ONLY DH WORK ABROAD.:Domestic Helper OFW kindly contact:09975949395 free accomodation and food and transpo.100% legit.,Job Scam,original,
ORIG_01243,N/A,"(GCash Name),Hi! Friend, pindutin ang http://5irpkseo.com may makakha ng perang panglaro, mabilis kumita",Prize Scam,original,
ORIG_01244,N/A,"-Limited time event- (9-11PM)
Time to draw your first golden eggs & get million bonus baby! 
Deposit only P1K to avail onlinebet.ph/JBgames",Gambling Scam,original,
ORIG_01245,N/A,Gumamit ng leverage at yumaman sa isang ataw! Kailangan lang sumali at magdownload https://t.hxfxph.com/MRGyp,Investment Scam,original,
ORIG_01246,N/A,"May offer ngayon, magrehistro at may 10 http://nab60q.com",Investment Scam,original,
ORIG_01247,N/A,"mybitglobal, propesyonal na currency exchange na plataporma, mabilis kumita ng pera https://t.co/LTgQbtqrRn",Investment Scam,original,
ORIG_01248,N/A,"4 PCS SOLAR LIGHTS FOR ONLY 1,499 !
Pinaka mura na Solar sa Market !
BILI NA !

CLICK HERE TO BUY --> https://s.lazada.com.ph/s.UbrFB

BUY 2 TAKE 2 TODAY ONLY !",Commercial Spam,original,
ORIG_01249,N/A,"FIRST New Register MEMBERS Depo100 free100P..free up to 5000P!DONT NEED DOWNLOAD APP,STRAIGHT PLAY AND Easy Win All GAME! https://t.ly/ATEbunny@02.com",Raffle Scam,original,
ORIG_01250,N/A,"Your number is out of network coverage, I'll give you 500P load to get back to me, contact here first:bertche6732@gmail.com",Pasaload Scam,original,
ORIG_01251,N/A,"DEAR BENEFICIARY,CLAIM YOUR APPROVED UNPAID COVID 19 AMELIORATION CASH  GRANT FOR AGED,RETIRED & PENSIONIEERS.EMAIL THE CORDINATOR-  aguiladorcasa@gmail.com",Government Spoofing,original,
ORIG_01252,N/A,"Free 128P MG account opening, https://bit.ly/3yqbR2l",Investment Scam,original,
ORIG_01253,N/A,Dear applicant you are selected as Part/Full-time staff. Now you can work from home and earn 8000 Peso daily. please click https://bit.ly/3MNa9fX,Job Scam,original,
ORIG_01254,N/A,Dear applicant you are selected as Part/Full-time staff. Now you can work from home and earn 8000 Peso daily. please click https://bit.ly/36KRq4j,Job Scam,original,
ORIG_01255,N/A,"SOLAR 3 WAY LIGHTS
SOBRA GANDA AT FORMAL ILAGAY SA WALL

CLICK FOR PRICE/BUY --->  https://s.lazada.com.ph/s.V9Nyq

Shop Now: (NEW ITEM 58% OFF SALE)
BUY 1 TAKE 1 TODAY ONLY!!!

PAKI-CLICK ANG LINK SA TAAS PARA MAKITA ANG PRESYO AT PICTURES.

LED Super Bright 3 Adjustable Heads
Motion Sensor Lights
Waterproof and Wireless

TIPID SA KURYENTE !!
IWAS MAGNANAKAW AT AKYAT-BAHAY SA GABI !!",Commercial Spam,original,
ORIG_01256,N/A,???Tuklasin ang iyong husay! Check this audio book summary and discover your strengths. https://peoplecademy.net/details/811,Commercial Spam,original,
ORIG_01257,N/A,"1/2MA'AM&SIR
Ur sim# Had
WonPHP550,000
FROM GMA MILYONATION,
For more info text ur NAME/ADD/AGE Call This#09359554557
I'M Atty: Rafael A.Chavez/DTI # 1143 s'21.",Prize Scam,original,
ORIG_01258,N/A,Great News! You are chosen to be the lucky winner of our Netflíx T-shirt and Mug. To continue the process reply YES. Thank you for choosing Globe Postpaid.,Raffle Scam,original,
ORIG_01259,N/A,"Dahil nabasa mo ito, sign na ito para mag laro! click the link now!! :  http://fdsv05.site",Gambling Scam,original,
ORIG_01260,N/A,"Hi L D. , 
Nandito na ang best way para kumita ng datong!
Log in and receive 60P
philnewz.com/login",Investment Scam,original,
ORIG_01261,N/A,Get cash when you need it. Borrow any mount from 30k up to 2m to anything for your Personal consumption. Apply now for free! Call me,Loan Scam,original,
ORIG_01262,N/A,"YoU cAN AvAiL 50K-2M Fast,& Easy approVEd..txt or call 09504250181
LOOK FOR MS. JEN",Loan Scam,original,
ORIG_01263,N/A,GOOD DAY! We Offer 50k-2M EASY PROCESS AND SECURED TEXT ME FOR MORE INFO 09504250181  LOOK FOR Ms.ELA,Loan Scam,original,
ORIG_01264,N/A,"Job Open Offer,:Forward your updated resume directly to the establishment @ fdp589752135@gmail.com , Get a chance to work in a decent country.",Job Scam,original,
ORIG_01265,N/A,"Hl!! AVAlLUP 5Ok-2M Easy T0 R0CESS,CaIl wor Text 09928209902",Loan Scam,original,
ORIG_01266,N/A,"Avail 50k up to 2M...w/ fast@ secured ..reply //how /call
09093702219 look Ms. Carla",Loan Scam,original,
ORIG_01267,N/A,Limited Time Only! http://betting.pics/Apo 50% Daily UNLI Deposit Bonus. the upper limit of a single bonus is 10000PHP,Gambling Scam,original,
ORIG_01268,N/A,"May offer ngayon, magrehistro at may ¤10 http://nab60q.com",Investment Scam,original,
ORIG_01269,N/A,"[NAME],Hi! Magbukas ng account at may ¤10, first come first serve http://2xnvte.com",Investment Scam,original,
ORIG_01270,N/A,"[NAME],Siguradong kikita na software, idownload na ang mybitglobal, magbukas ng account at may ¤10 http://casjp3.com",Investment Scam,original,
ORIG_01271,N/A,NO.1 Legal na online game sa Pilipinas!   http://fdsv08.site,Gambling Scam,original,
ORIG_01272,N/A,"[NAME],Bilisan sumali, magbukas at may ¤10 ka panglaro!http://gcxvd2ny.com",Gambling Scam,original,
ORIG_01273,N/A,Handog sayo [NAME] Sa bagong platform sa bansa Wplus ang 5500 bonus at 3% sa bawat deposito YDFzs+bdk60=. w3npl5s.com/M3y3m3n,Gambling Scam,original,
ORIG_01275,N/A,Makakatanggap ka ng 5000 cash! Pumunta lang sa website na ito bit.ly/yandex20223 at e click ang google ads na inyong makikita sa kahit anong page ng site.,Prize Scam,original,
ORIG_01276,N/A,"Dear customer, you are cordially invited to claim your benefits, JILI and EVO Bingo jackpots are waiting for you, you can visit here kuuo.in/qEEgw Fpsf",Prize Scam,original,
ORIG_01277,N/A,"Pagkatapos gamitin ang mybitgloba, bawat buwan kumikita ako ng isang milyon http://931ccx.com",Investment Scam,original,
ORIG_01278,N/A,"[ PHBET ] The most popular online casino with 24h immediate cash in/out http://superwin.quest/z2r Lucky Wheel: up to 100,000PHP everyday!",Gambling Scam,original,
ORIG_01279,N/A,"Win The Big J@CKP0T Up To 1M PHP! 100 GET 100, 500 GET 500, 5000 GET 5000|. 24/7 Immediate Cash In/Out. CLICK https://dpurl.org/tflEq",Gambling Scam,original,
ORIG_01280,N/A,hottest online games poker slots and P5000 bonus everyday http://t-t.ink/0ebp_ 24/7 Immediate Cash in/out,Gambling Scam,original,
ORIG_01281,N/A,"US$140,000 is awarded to your cell phone number. For details, clarification, and claim, contact:awatz258@gmail.com",Prize Scam,original,
ORIG_01282,N/A,"Hello, I am the hiring manager of Cashbaka, due to the vacancy, we will invite you to work part-time from home, the salary will be paid on the same day, 500-3000 PHP per day   m.me/Lindacashbaka",Job Scam,original,
ORIG_01283,N/A,"4 na pirasong SOLAR LIGHTS sa halagang 1,499.

Click mo eto para bumili --> https://s.lazada.com.ph/s.UrR50

Yes! Apat na piraso ! Dahil naka SALE siya ngayon!",Commercial Spam,original,
ORIG_01284,N/A,"Mayroon kang unclaimed top-up bonus, huwag palampasin ito    http://fdsv08.site",Prize Scam,original,
ORIG_01285,N/A,Ideal-Choice!! Sa isang dposit baka makha ng higit 10k pe-sos b.o.n.u.s 24/7 Im mediate Ca.sh In/Out.  http://okadaonline.shop/exH,Prize Scam,original,
ORIG_01286,N/A,"Join the excitement at W1NSL0T! Enjoy quick dep0sits, get up to 5000P welcome b0nuses, and hit more sc@tters. Visit today! 1WinSlt.pw>@+{%}>",Gambling Scam,original,
ORIG_01287,N/A,From SSS office Your Disaster Subsidy Benefit P1901.00 has been credited to your Gcash account on 03-Dec-2024. Please receive at SSSPH.pw Thank you.,Government Spoofing,original,
ORIG_01288,N/A,"Mondays made better. Join SBET, play JlLl games, and enjoy 10% deposit bonuses daily. _§<SaBT.email< New members get up to P3,000.",Gambling Scam,original,
ORIG_01289,N/A,"Manatili lamang sa bahay,tuturuan kita,araw-araw 1000+,Telegram:@apk552",Job Scam,original,
ORIG_01290,N/A,"Utosin ang iyong telepono na gumana para sa iyo, nakikita kita araw-araw, Telegram:@niy671",Job Scam,original,
ORIG_01291,N/A,"Congratulations! Redeem your P11,500 from G Cash Care. Reference ID:40798928 Claim here:cashsurprise.cl",Prize Scam,original,
ORIG_01292,N/A,Where Fortune Awaits! GJP PH Gift P3000! Grab now gjpwin.golf,Prize Scam,original,
ORIG_01293,N/A,"BigWln, nanalo ka ng Prize: P39,259. Magparehistro Makakuha ng P17~Maglaro ng P50 Makakuha ng P57. Libreng P128 para sa unang deposito~ gdubw.social",Prize Scam,original,
ORIG_01294,N/A,"Compete in GJP Casino's Bet Tournament and win up to 12,000 points! GJArena.de New members receive a 200% bonus + 3000 points. Join today!",Gambling Scam,original,
ORIG_01295,N/A,Nakatanggap ang iyong number ng P7748. Mag-register gamit ang number na ito at maglaro ng halagang P10 upang makuha. Sumali dito: raypop.de.,Prize Scam,original,
ORIG_01296,N/A,Rentahan ko gcash mo 2500 monthly. Extra income. PM mko a telegram kung interesado ka @gtomoney,Job Scam,original,
ORIG_01297,N/A,"Long time no see, may good news ako sayo. mag-recharge ng P100 at makakuha ng P777 nang libre>>> vgsf7y7qw.nl",Investment Scam,original,
ORIG_01298,N/A,"Tara, EPwin! Makukuha mo ang 180% Welcome Bonus hanggang 15k pesos + 1.2% araw-araw na rebate! Mag-enjoy sa mga laro ngayon sa epicdice.de!",Prize Scam,original,
ORIG_01299,N/A,"GJGames.de! This Sunday, spin the Daily Lucky Wheel and win a Samsung Galaxy S23+ 5G worth P42,999. New members get 200% bonus + P3000.",Gambling Scam,original,
ORIG_01300,N/A,"Make Friday fabulous! Claim 6,888p + 6,888p at GJP PH's Payday Blast. New members score 3000p at GJBets.de . Join the fun now!",Prize Scam,original,
ORIG_01301,N/A,Congrats VIP! You've won 300% First Deposit Bonus and FREE100 FBS Bonus! Claim now before it's gone! Contact Customer Service to seize your luck! pnlkawin.de !,Prize Scam,original,
ORIG_01302,N/A,May P500 credit natanggap ang number na ito! Ito ay valid lamang within 8 hrs! Magregister at maglagay ng P50 upang maclaim sa aming 24/7 CS: cowhop.de,Prize Scam,original,
ORIG_01303,N/A,"Unleash the fun! Sbet VIP gives you up to 88,888p Bonus! Newbies get 3,000p Welcome Bonus + daily bonuses! Join today at SBWager.de !",Gambling Scam,original,
ORIG_01304,N/A,"Compete in July's Mega Tournaments on WinningPlus! Win up to 12,000p + 3,000p bonus & an Oppo Reno 11 Pro 5G valued at 31,999p at wplaysfun.de!",Gambling Scam,original,
ORIG_01305,N/A,Nakatanggap ang iyong number ng P8714. Mag-register gamit ang number na ito at maglaro ng halagang P10 upang makuha. Sumali dito: logpaw.de,Gambling Scam,original,
ORIG_01306,N/A,May P2580 credit natanggap ang number na ito! Ito ay valid lamang within 8 hrs! Magregister at maglagay ng P50 upang maclaim sa aming 24/7 CS: hipbow.de,Prize Scam,original,
ORIG_01308,N/A,May P2580 credit natanggap ang number na ito! Ito ay valid lamang within 8 hrs! Magregister at maglagay ng P50 upang maclaim sa aming 24/7 CS: mooncow.de,Prize Scam,original,
ORIG_01309,N/A,May P2580 credit natanggap ang number na ito! Ito ay valid lamang within 8 hrs! Magregister at maglagay ng P50 upang maclaim sa aming 24/7 CS: mixpod.de,Prize Scam,original,
ORIG_01310,N/A,Saturday Frenzy at WPlusSlots.de ! Secure your 999p Bonus + up to 100% first deposit bonus + 588p. Get ready to win!,Gambling Scam,original,
ORIG_01311,N/A,"TGIF extravaganza at GJP PH! Get a 6,888p bonus and compete in our Bet Tournament. Win up to 12,000p or an Oppo Reno 11 Pro! Gojpcards.de",Gambling Scam,original,
ORIG_01312,N/A,Mag-enjoy ng saya at kumuha ng 100% Welcome Bonus + 50% Live Casino Bonus hanggang 3000 pesos sa EpicWBet.de ngayon! Huwag magpahuli!,Gambling Scam,original,
ORIG_01313,N/A,Nakatanggap ang iyong number ng P7748. Mag-register gamit ang number na ito at maglaro ng halagang P10 upang makuha: cxbz.de,Gambling Scam,original,
ORIG_01314,N/A,May P6140 na natanggap ang number na ito! Ito ay valid lamang within 8 hrs! Maglagay ng P50 upang maclaim sa aming 24/7 CS: kqlx.uk,Prize Scam,original,
ORIG_01315,N/A,"Spin the Daily Lucky Wheel atGojplaywild.de and win a Samsung Galaxy S23+ 5G worth P42,999! New members grab a 130% bonus up to P1000. Don't miss out!",Gambling Scam,original,
ORIG_01316,N/A,Urgent: NCAP Violation. Pay your overdue fine within 24 hours to prevent driver's license revocation. Visit ltoviolation(.)com for immediate payment.,Government Spoofing,original,
ORIG_01317,N/A,"Jump into Friday Fever at GJPusdt.de! Earn a 6,888p Bonus and a chance to win the high-tech VIVO V30 PRO 5G. Start your weekend winning!",Job Scam,original,
ORIG_01318,N/A,May P2580 credit ka dito na!Wag sayangin ang extra pera at kunin agad eto in 8hrs. Wag magpahuli at baka magsisi ka! Dali! bnyh.eu,Prize Scam,original,
ORIG_01319,N/A,Join the Slot Tournament now! Get 3000p FREE on sign-up + a chance to win a VIVO V30e 256GB! Don't miss out on the excitement! sbetphlucks.eu,Gambling Scam,original,
ORIG_01320,N/A,Sign up now and get 3000p FREE + a chance to win a VIVO V30e 256GB! Join the Slot Tournament for your shot at winning big! sbetphbet.eu,Gambling Scam,original,
ORIG_01321,N/A,Napili ang number na ito upang manalo ng P2874! Sumali sa zxcd.eu gamit ang number na ito at maglagay ng P100 upang ma-claim sa 24/7 customer support,Prize Scam,original,
ORIG_01322,N/A,Ikaw ay napili na makatanggap ng P6625 mula sa charm8fortune.uk! Sumali gamit ang number na ito at maglagay ng P100 upang ma-claim sa 24/7 customer support,Gambling Scam,original,
ORIG_01323,N/A,"New members sign up even with free P1688 rewards,Extra 20% every day,Limited spots act now! 777cc.eu Get another P188 for downloading the app!",Gambling Scam,original,
ORIG_01324,N/A,"charm8fortune.uk <<< Your exclusive bonus of 5,979 pesos has been credited to your account. Don't miss this!!",Prize Scam,original,
ORIG_01325,N/A,"GJP Monday Adventure! Win a Xiaomi 14 in our electrifying Bet Tournament at Gojpotfree.de! New player special: Grab a sensational 130% bonus + 1,000P!",Gambling Scam,original,
ORIG_01326,N/A,Your experience at WinningPlus! Claim a 6888p bonus! Enjoy the Sunday Special with 999p & free 588p for new members! Visit now at wpfortune.de,Gambling Scam,original,
ORIG_01327,N/A,Ikaw ay napili na makatanggap ng P2780 mula sa lucky8jil.ca! Sumali gamit ang number na ito at maglagay ng P100 upang ma-claim sa 24/7 customer support,Prize Scam,original,
ORIG_01328,N/A,"Magtungo sa kasiyahan ng Spins Rounds Challenge! Dito, may pagkakataon kang mapanalunan ang bagong Yamaha Mio Gravis! spnswow.eu !",Gambling Scam,original,
ORIG_01329,N/A,"Happy Friday! Celebrate with 10% Jili + 12% Daily Bonus on SBET! Win VIVO V30e smartphone, 8GB RAM + 256GB storage and more. Visit sbetcock.eu and start winning!",Gambling Scam,original,
ORIG_01330,N/A,lucky7shot.ca <-- Claim here! Nanalo ka ng P2760! Maglagay lamang ng P100 upang makuha ang panalo!,Prize Scam,original,
ORIG_01331,N/A,phmega.uk << Claim here! Nanalo ka ng P2760! Kunin na ang inyong premyo ngayon! Bisitahin ang link na ito upang makuha ang inyong napanalunan.,Prize Scam,original,
ORIG_01332,N/A,"Sa Spins Rounds Challenge, may chance kang manalo ng Yamaha Mio Gravis. Kumuha agad ng bonus sa spnswow.eu !",Gambling Scam,original,
ORIG_01333,N/A,Don't wait! Join GJPblast.eu for your chance to win a Samsung Galaxy S23+ 5G and a 130% bonus up to P1000!,Raffle Scam,original,
ORIG_01334,N/A,Ikaw ang maswerteng Makatanggap ng P555 na bonus >>> lvv65a118l.uk/?0skf8hf7ah,Prize Scam,original,
ORIG_01335,N/A,Talo na lang lagi sa site mo? Open mo muna tong B0NUS namin para sayo. Kunin habang free kopo.live/o1,Prize Scam,original,
ORIG_01336,N/A,Na refund na sa iyong account ang P1560. Mag register at maglagay ng P50 upang makuha: phclaim.uk,Prize Scam,original,
ORIG_01337,N/A,GCash: Account verification needed due to suspicious transaction. Kindly Visit: centre.is/GCashProtect to continue using our services,Banking Scam,original,
ORIG_01338,N/A,Nanalo ako ng pera tuwing tumaya ako ng 500P at nanalo ng 10K. Maaaring ito ay isang BUG. Sumali ako sa l8shj7177a.uk/?hgbc6a,Gambling Scam,original,
ORIG_01339,N/A,"Mag-recharge para makakuha ng 100% reward. Kung mas marami kang recharge, mas marami kang makukuha. l8shj7177a.uk/?66jsnvc",Prize Scam,original,
ORIG_01340,N/A,"BIGWIN Recharge ng P100 at makakatanggap ng 100% bonus, at 150% naman sa P500. Mas maraming recharge,mas maraming matatanggap!Link: bigwin.playwin.so",Prize Scam,original,
ORIG_01341,N/A,"FG777 Recharge ng P300 at makakatanggap ng 100% bonus, at 150% naman sa P500. Mas maraming recharge,mas maraming matatanggap!Link: fg4777.playwin.so",Prize Scam,original,
ORIG_01342,N/A,Na refund na sa iyong account ang P1990 at may pa bonus pang kalakip dahil sa abala na dinanas. Check mo na ang credit mo dali! Claim na: fg.ss777b.fo,Prize Scam,original,
ORIG_01343,N/A,"Exclusive benefits are waiting for you! Get a free umbrella, T-shirt, hat, and P200 bonus! Join our Telegram: @SpinsPHLive",Gambling Scam,original,
ORIG_01344,N/A,Join now to collect iPhone15pro: 5333.jl5555.ca,Prize Scam,original,
ORIG_01345,N/A,"Oi,[NAME]! Jackpot ka na! Nakakuha ang iyong number ng 88! Bisita lang sa: mayas.la/2pq6 para sa iyong reward!",Gambling Scam,original,
ORIG_01346,N/A,"[NAME],wow! Napili ang number mo,may 188 kang ma-claim! Mag-click dito: mayas.la/4fnx para i-claim ang premyo!",Prize Scam,original,
ORIG_01347,N/A,"Wow,[NAME],panalo ka! Ang iyong number ay napili,may 288 kang bonus! Pindutin mo ito: mayas.la/2pqi para i-claim!",Prize Scam,original,
ORIG_01348,N/A,"[NAME],wow! Napili ang number mo,may 188 kang ma-claim! Mag-click dito: mayas.la/ryjf para i-claim ang premyo!",Prize Scam,original,
ORIG_01349,N/A,"Kabayan,[NAME]! CO777 giving away 288 para sa mga bagong salta. Grab this chance,i-tweet mo na! Bisitahin ang: mayas.la/bigc !",Prize Scam,original,
ORIG_01350,N/A,100%-150% na bonus sa unang deposito araw-araw joiu02vi.ca,Investment Scam,original,
ORIG_01351,N/A,100%-150% na bonus sa unang deposito araw-araw hoi3u5x.ca,Investment Scam,original,
ORIG_01352,N/A,"Race to riches! Claim your 7,777p Free Bonus at panaloka.de Speed through the Mystery AMPAO and win 500,000p! Fast-track your fortune!",Prize Scam,original,
ORIG_01353,N/A,"Mag-recharge get 100% bonus, gamitin ang 100 para manalo ng 10k! hoi3u5x.ca",Prize Scam,original,
ORIG_01354,N/A,Limited time bnus 555! Register to receive: 5111.55665jl.ca,Prize Scam,original,
ORIG_01355,N/A,May Bonanza package! Magdeposito at makakuha ng 3 araw na libreng kredito UP to 300 p at 100% welcome bonus. Website : Ep1cwin.eu Maglaro ngayon!,Investment Scam,original,
ORIG_01356,N/A,Goodluck! ang swerte mong tao sa EPICWIN may pag asa kang manalo ng 50k sa 5 pesos na bet mo! plus VIP rewards pa! laro na website: Ep1cwin.eu maglaro ngayun!,Gambling Scam,original,
ORIG_01357,N/A,GCash Alert! Please be advised that we are asking everyone to update their account to avoid deactivation. Update here: gcashcare-privacy-center.digital,Banking Scam,original,
ORIG_01358,N/A,"[NAME], ready ka bang maging swerte? Pasok na sa s-mt.ca/g2gn at baka ikaw na ang manalo ng 177. Dali, check mo na 'to sa TG: s-mt.ca/v69h",Prize Scam,original,
ORIG_01359,N/A,"Huwag kalimutang mag-share ng 200 bonus, [NAME]! Dali, pumunta ka na dito s-mt.ca/ervbc para makuha mo.",Prize Scam,original,
ORIG_01360,N/A,"[NAME]maraming games na pwede mong manalo, 57+200 na bonus handa na sa iyong account sa s-mt.ca/rbyw",Prize Scam,original,
ORIG_01361,N/A,"Good day from GCash, Please be advised that we are asking everyone to verify their account to avoid deactivation tomorrow. Verify here: kol.vin/4g-Gcash",Banking Scam,original,
ORIG_01362,N/A,[Epicwin]: Navigate your way to riches with EpicWin's Daily Cashback! Get up to 5000p Slot Welcome Bonus! Trusted Website: EpicWph.eu Play Now!,Gambling Scam,original,
ORIG_01363,N/A,"[NAME],Mag-login ngayon sa s-mt.ca/v7gu , [NAME]! Bibigyan ka agad ng 200, at bawat araw may tsansa kang manalo ng 577 sa P10 lang.",Gambling Scam,original,
ORIG_01364,N/A,"Transform your payday with GoJackpot! Claim 6,888p bonus today! GoJpot.eu Dreaming of the Samsung Galaxy S23+? Spin now for your chance to win it!",Gambling Scam,original,
ORIG_01365,N/A,The Payday Bonanza is almost here! Claim Your 999p Bonus Tomorrow! WinPlusNa.eu Spin for the chance to win a Xiaomi 14! Get 588p + 388p Bonus!,Gambling Scam,original,
ORIG_01366,N/A,"Take home a Xiaomi TV A Pro 55"" by playing in the Slots Tournament! GoJackswins.eu New members enjoy a free 1,000p + 177p bonus!",Gambling Scam,original,
ORIG_01367,N/A,"[Epicwin]: Keep the fun going with EpicWin's Daily Cashback! Trusted Website: EpicWinsph1.eu Claim your Slot Welcome Bonus up to 5,000p today!",Gambling Scam,original,
ORIG_01368,N/A,"May libreng 100 pesos para sa mga Boss! Kumpletuhin ang pagrehistro! spinsnow.eu Mag-Enjoy sa Spins, bawat laro ay may mga bonus! Mag-sign up na!",Gambling Scam,original,
ORIG_01369,N/A,"I-double mo na ang saya at panalo mo.100% deposit bonus,naghihintay sayo. 1q2w3e8.ca",Investment Scam,original,
ORIG_01370,N/A,"Doblehin naten ang deposit mo ! Dito lamang sa PanaloKa! 2,000p mo ay magiging 4,000p ! Panalokawins.eu Claim your 300% FIRST BONUS! sign up now",Investment Scam,original,
ORIG_01371,N/A,"2.Big wins, small bets! 100 pesos becomes 50K in GPLAY Dare to win at 1q2w3e7.ca",Gambling Scam,original,
ORIG_01372,N/A,APP download reward P18Promotion details: URL: lvjili.eu New members get a free P18 download bonus and can claim up to PHP 777P,Gambling Scam,original,
ORIG_01373,N/A,"1.I-double mo na ang saya at panalo mo.100% deposit bonus,naghihintay sayo. 1q2w3e7.ca",Investment Scam,original,
ORIG_01374,N/A,"1.Mag-recharge get 100% bonus, gamitin ang 100 para manalo ng 10k! 1q2w3e7.ca",Investment Scam,original,
ORIG_01375,N/A,"PHLPOST Mail that requires your signature has been returned to your local post office, to arrange re-delivery please visit phlurs.tw",Delivery Scam,original,
ORIG_01376,N/A,Double your funds at fun sa gaming with our unbeatable 100% bonus na may free red envelope. luck45.eu/7v4m,Gambling Scam,original,
ORIG_01378,N/A,"Ready Exciting Weekend at Sbet! Enjoy 200% Deposit Bonus With Free 3,000p! Sbetwin.eu Win Big Now from Weekend Special Prize Pool & Get Up to 22% Extra Bonus",Gambling Scam,original,
ORIG_01379,N/A,[Epicwin]: Sumali sa amin at tangkilikin ang limitadong 100% BONUS Trusted website : Epicwins2.eu Magdeposito at makakuha ng 100% at ibang BONUS araw-araw,Prize Scam,original,
ORIG_01380,N/A,"2.Magdeposito ng 100P, makakuha ng 100P na libre 1q2w3e6.ca",Investment Scam,original,
ORIG_01381,N/A,"Join WinningPlus now for a 100% bonus + 7% daily bonus, up to 60,00 bonus! Don't miss out on your chance to win big! Winplusph1.eu",Raffle Scam,original,
ORIG_01382,N/A,Mga boss. Meron tayong libreng 100 piso na ipamimigay! spins88.eu,Gambling Scam,original,
ORIG_01383,N/A,"1.Mag-recharge get 100% bonus, gamitin ang 100 para manalo ng 10k! 1q2w3e6.ca",Prize Scam,original,
ORIG_01384,N/A,b9k.co.za Mag-recharge ng 100P. Magbahagi ng 500K pulang sobre araw-araw;,Investment Scam,original,
ORIG_01385,N/A,"y2wt.nz/5Sb5 Sa 200% bonus, bawat deposit mo, puno ng possibilities!",Prize Scam,original,
ORIG_01386,N/A,"[NAME]. [SVIP]Solo offer mo 'to: Depo 300, siguradong may 200 ka. Agapan mo! s-mt.ca/g8ty",Investment Scam,original,
ORIG_01387,N/A,"3.Big wins, small bets! 100 pesos becomes 50K in GPLAY Dare to win at 1q2w3e4.ca",Gambling Scam,original,
ORIG_01388,N/A,qltp.de/ndpY I-unleash ang full potential ng iyong gaming with our 200% deposit bonus.,Gambling Scam,original,
ORIG_01389,N/A,[Epicwin]: Sumali sa amin at tangkilikin ang limitadong 100% BONUS Trusted website : epicwins1.eu Magdeposito at makakuha ng 100% at ibang BONUS araw-araw,Prize Scam,original,
ORIG_01391,N/A,[NAME]. Ipagdiwang ang anibersaryo ng SVIP! Magdeposito ng 500 at makuha ang 300 na bonus. Sumali na: s-mt.ca/4fmu,Investment Scam,original,
ORIG_01392,N/A,"b9k.co.za Magdeposito ng 100P, makakuha ng 117P na libre, 1X turnover 9",Investment Scam,original,
ORIG_01393,N/A,"Congratulations from GCash! You have received P10,000 reward from GCash! Claim your cash by clicking the link below. Claim your reward here at shorten.tv/GCashPromos Thank you for using always GCash App!",Prize Scam,original,
ORIG_01394,N/A,"You can get a commission of ?77,777 per day. Come with me, I will give you ?7777 right now play92.de/Dp9J",Job Scam,original,
ORIG_01396,N/A,Banco De Oro: Account verification needed due to suspicious transaction. Kindly Visit: titan.is/BDOOnlineDigital to continue using our services,Banking Scam,original,
ORIG_01397,N/A,?7777 FREE signup bonus! Join: cash70.tw/nGcHh,Prize Scam,original,
ORIG_01400,N/A,"4.Mag-recharge get 100% bonus, gamitin ang 100 para manalo ng 10k! 1q2w3e1.ca",Prize Scam,original,
ORIG_01401,N/A,[Epicwin]: Sumali sa amin at tangkilikin ang limitadong 100% BONUS Trusted website : Epicwinph.eu Magdeposito at makakuha ng 100% at ibang BONUS araw-araw,Prize Scam,original,
ORIG_01403,N/A,1000% Luck bonus on ?1000 balance. Register: bonus10.tw/MSw3,Gambling Scam,original,
ORIG_01405,N/A,"[NAME]. Aloha! Huwag palampasin ang SVIP promo, 500 deposit, 300 regalo. sm77.ca/ertr8",Investment Scam,original,
ORIG_01406,N/A,1000% Luck bonus on ?1000 balance. Register: pin16.tw/1t5U,Prize Scam,original,
ORIG_01407,N/A,"Magdeposito ng 100P, makakuha ng 117P na libre, 1X turnover 17s7.ca",Investment Scam,original,
ORIG_01409,N/A,"Magparehistro para sa libreng ?7777, tumaya:?win36.tw/dxtQF",Gambling Scam,original,
ORIG_01410,N/A,1000% Luck bonus on ?1000 balance. Register: jack94.tw/iWAp,Prize Scam,original,
ORIG_01411,N/A,1000% Luck bonus on ?1000 balance. Register: jack94.tw/fiH,Prize Scam,original,
ORIG_01412,N/A,"Magparehistro para sa libreng ?7777, tumaya:?coin10.tw/zDT",Gambling Scam,original,
ORIG_01413,N/A,"Magdeposito ng 100P, makakuha ng 117P na libre, 1X turnover lmy.de/nOMP",Gambling Scam,original,
ORIG_01414,N/A,1000% Luck bonus on ?1000 balance. Register: pin48.tw/xZO,Prize Scam,original,
ORIG_01415,N/A,"3.I-double mo na ang saya at panalo mo.100% deposit bonus,naghihintay sayo. 1q2w3e0.ca",Prize Scam,original,
ORIG_01416,N/A,"Libreng 100P event! Mag-register na ngayon! Enjoy ka sa Spins, bawat laro may bonus! 777sp.tw",Gambling Scam,original,
ORIG_01417,N/A,"Magparehistro para sa libreng ?7777, tumaya:?luck95.tw/kJFKHi",Gambling Scam,original,
ORIG_01419,N/A,"Magparehistro para sa libreng ?7777, tumaya:?lucky4.auction/N6TV1zlt",Gambling Scam,original,
ORIG_01420,N/A,"Big wins, small bets! 20 pesos becomes 100K in 177bet Dare to win at sji1.buzz",Gambling Scam,original,
ORIG_01421,N/A,"Download APP to get FREE rewards 50P,100% first deposit bonus,Uncapped 1.0% Bonus Per Deposit,join:pub11.buzz",Prize Scam,original,
ORIG_01422,N/A,"Dumoble ang deposit ! Dito lamang sa PanaloKa! 2,000 mo ay magiging 4,000! Claim your 300% FIRST BONUS! Panaloka.buzz",Prize Scam,original,
ORIG_01423,N/A,"Magparehistro para sa libreng ?7777, tumaya:?luck6.auction/kJFKHi",Gambling Scam,original,
ORIG_01424,N/A,"Magparehistro para sa libreng ?7777, tumaya:?slots4.auction/kJFKHi",Gambling Scam,original,
ORIG_01425,N/A,"Magparehistro para sa libreng ?7777, tumaya:?luck4.auction/jNUcXlZ9",Gambling Scam,original,
ORIG_01426,N/A,"[NAME]. Lucky anniv! 500 in, grab your 300 reward. Go for it! ph77.buzz/ucj9",Prize Scam,original,
ORIG_01427,N/A,"Magparehistro para sa libreng ?7777, tumaya:?slots3.auction/Hz8PPCx",Gambling Scam,original,
ORIG_01428,N/A,"Magparehistro para sa libreng ?7777, tumaya:?lucky9.auction/MonlD",Gambling Scam,original,
ORIG_01429,N/A,"17v7wr.bid I-double mo na ang saya at panalo mo.100% deposit bonus,naghihintay sayo.",Prize Scam,original,
ORIG_01430,N/A,"Dumoble ang deposit ! Dito lamang sa PanaloKa! 2,000 mo ay magiging 4,000! Claim your 300% FIRST BONUS! PanaloKa.tv",Prize Scam,original,
ORIG_01431,N/A,"Limited bonus and Red envelope giveaway only at JILI747, Have 3 Chances to Win up to PHP 1,000 ! Today at 6 pm, 8 pm and 10 pm. Come get yours now! jili747e.tv",Gambling Scam,original,
ORIG_01432,N/A,"Download APP to get FREE rewards 50P,100% first deposit bonus,Uncapped 1.0% Bonus Per Deposit,join:pub11.tv",Prize Scam,original,
ORIG_01433,N/A,Nag paulan ng $catter 50k panalo sa 5? na win spinsxyz.tv,Gambling Scam,original,
ORIG_01434,N/A,"Magdeposito sa BW777 at makakuha ng 5% na bonus, at maaari ka ring makakuha ng isang iphone15 77ph7.tv/27MS04",Investment Scam,original,
ORIG_01435,N/A,[Epicwin]: Sumali sa amin at tangkilikin ang limitadong 100% BONUS Trusted website : EpicWinph5.icu Magdeposito at makakuha ng 100% at ibang BONUS araw-araw,Prize Scam,original,
ORIG_01436,N/A,"Magparehistro para makakuha ng 777, tumaya araw-araw at makatanggap ng cash red envelope: acerush.tv/fqF",Gambling Scam,original,
ORIG_01437,N/A,"Magparehistro para makakuha ng 777, tumaya araw-araw at makatanggap ng cash red envelope: slotjoy.tv/doYCHdIv",Gambling Scam,original,
ORIG_01439,N/A,"Only agency policy on the market! no valid customers required,50% single-level commission.Download APP get 50P,1st deposit 100%:pub11.tv",Job Scam,original,
ORIG_01440,N/A,"Log in to receive PHP108 free rewards, deposit 100 and get 250, and win the highest cash in daily draws.  acerush.tv/jgOi",Raffle Scam,original,
ORIG_01441,N/A,Makakuha ng 100% bonus sa araw-araw na deposito? g4b61jh.bid,Prize Scam,original,
ORIG_01442,N/A,"Log in to receive PHP108 free rewards, deposit 100 and get 250, and win the highest cash in daily draws.  joylucky.tv/MsM",Raffle Scam,original,
ORIG_01443,N/A,[Epicwin]: Sumali sa amin at tangkilikin ang limitadong 100% BONUS Trusted website : EpicWinph7.icu Magdeposito at makakuha ng 100% at ibang BONUS araw-araw,Investment Scam,original,
ORIG_01444,N/A,Makakuha ng 100% bonus sa araw-araw na deposito g4b61jh.bid,Prize Scam,original,
ORIG_01445,N/A,"Log in to receive PHP108 free rewards, deposit 100 and get 250, and win the highest cash in daily draws.  slotswin.tv/KlD3aw",Gambling Scam,original,
ORIG_01446,N/A,"Log in to receive PHP108 free rewards, deposit 100 and get 250, and win the highest cash in daily draws.  luckph.tv/FioDh9",Gambling Scam,original,
ORIG_01447,N/A,casinoph.tv/KrutK Sumali sa laro at mag-claim ng libreng deposito para sa isang masayang simula.,Gambling Scam,original,
ORIG_01448,N/A,Makakuha ng 200% bonus sa araw-araw na deposito g4b67jh.bid,Investment Scam,original,
ORIG_01449,N/A,"slotsph.tv/jkFdeiGJ Libreng pera sa pag-sign up, kunin mo na at simulan ang paglalaro at pagwawagi.",Gambling Scam,original,
ORIG_01450,N/A,casinoph.tv/VPEDED 100% dagdag sa iyong unang deposito! Sino ang ayaw ng dobleng saya?,Gambling Scam,original,
ORIG_01451,N/A,Makakuha ng 200% bonus sa araw-araw na deposito g7b51jh.bid,Investment Scam,original,
ORIG_01452,N/A,"Agency 50% single-level commission Download APP get 50P,1st deposit 100% and Uncapped 1.0% Bonuse .DAILY BETTING BONUS up to 6888:pub11.tv",Gambling Scam,original,
ORIG_01453,N/A,betslotsph.tv/GpD7aja5 Play and win without worrying about deposits. Free money is waiting for you!,Gambling Scam,original,
ORIG_01454,N/A,"Big wins, small bets! 20 pesos becomes 100K in 177bet. Dare to win at 17v7er.bid",Gambling Scam,original,
ORIG_01455,N/A,"Good day from Gcash, As part of our continuous effort to bring you the best eWallet services, we request that you verify your account. Failure to do so will result in an account suspension. Verify here: centi.ai/GcashHelp",Banking Scam,original,
ORIG_01456,N/A,Makakuha ng 200% bonus sa araw-araw na deposito g7b51jh.bid,Prize Scam,original,
ORIG_01457,N/A,bonusph.tv/3nQa Dobleng saya sa unang deposito mo. I-claim ang 100% bonus at lumaro na!,Investment Scam,original,
ORIG_01458,N/A,"betslotsph.tv/9Nf Sign up, play, and win without a deposit. Free money is waiting for you. Grab it now.",Gambling Scam,original,
ORIG_01459,N/A,"betmanila.tv/KMjkVjQF Libreng pera para sa mas exciting na laro. Huwag magpahuli, mag-claim na!",Gambling Scam,original,
ORIG_01460,N/A,betmanila.tv/yjxocu Play with confidence! Enjoy a free deposit for a happy start to your gaming experience.,Gambling Scam,original,
ORIG_01461,N/A,betslot.tv/zqFOxFG Garantisadong 100% deposit bonus para sa bawat bagong player. I-claim na!,Gambling Scam,original,
ORIG_01462,N/A,"No.1 Online kingdom ng PINAS, may MILYONG kampyon kada araw! Dito yan sa PanaloKa, claim 316% bonus now! PanaloKa.tv",Prize Scam,original,
ORIG_01463,N/A,[Epicwin]: Sumali sa amin at tangkilikin ang limitadong 100% BONUS Trusted website : EpicWinph7.icu Magdeposito at makakuha ng 100% at ibang BONUS araw-araw,Prize Scam,original,
ORIG_01464,N/A,mag deposit ka ng 100 at gawin nating 1000 :sv55.tv,Investment Scam,original,
ORIG_01465,N/A,"Finally Pinoy Slot Fiesta Arrived Philipines! Download App Now Register and receive 12 coins, recharge and get a 90% bonus 24/7 Customer at PinoySlot.tv",Gambling Scam,original,
ORIG_01466,N/A,"promoph.tv/YOl4U I-double ang pondo, i-double ang fun. 100% deposit bonus, para sa'yo na!",Investment Scam,original,
ORIG_01467,N/A,slotsbet.tv/um7hL8t Sumali sa aming gaming community at mag-enjoy sa libreng deposito na naghihintay para sa iyo.,Gambling Scam,original,
ORIG_01468,N/A,Makakakuha ang mga bagong user ng 100% na bonus sa kanilang unang deposito g7b68jh.bid,Prize Scam,original,
ORIG_01469,N/A,betmanila.tv/l6v Double your deposit and your chances of winning with us today. Enjoy our 100% bonus offer.,Prize Scam,original,
ORIG_01470,N/A,"betph.tv/Wfw Libreng pera, waiting sa'yo. Maglaro at manalo nang walang iniisip na puhunan.",Gambling Scam,original,
ORIG_01471,N/A,luckph.tv/fzs1 Mag-sign up ngayon at mag-enjoy sa libreng deposit money bilang welcome gift mula sa amin.,Prize Scam,original,
ORIG_01472,N/A,Makakakuha ang mga bagong user ng 100% na bonus sa kanilang unang deposito g3b68jh.bid,Prize Scam,original,
ORIG_01473,N/A,luckwin.tv/1uCK17 Boost your game with our free deposit money. The best start for a winning journey.,Prize Scam,original,
ORIG_01474,N/A,bonuspx.tv/zJUhr1d Claim your 100% bonus and double your fun and chances of winning. Deposit with us today.,Prize Scam,original,
ORIG_01475,N/A,"luckph.tv/vcEx8C Ang iyong daan patungo sa mas malaking panalo, simula sa aming 100% deposit bonus.",Prize Scam,original,
ORIG_01476,N/A,slotsph.tv/law Your chance for bigger wins starts with a free deposit. Sign up now and enjoy your bonus.,Gambling Scam,original,
ORIG_01477,N/A,slotsph.tv/eAgU Double your deposit and your chances of winning with us today. Enjoy our 100% bonus offer.,Gambling Scam,original,
ORIG_01479,N/A,Makakakuha ang mga bagong user ng 100% na bonus sa kanilang unang deposito pove.bid,Prize Scam,original,
ORIG_01480,N/A,Tara nat manalo sa ?10 mo gawin nating 15k! spinsarc.tv,Gambling Scam,original,
ORIG_01481,N/A,Makakakuha ang mga bagong user ng 100% na bonus sa kanilang unang deposito g3b61jh.bid,Prize Scam,original,
ORIG_01482,N/A,[Epicwin ]: Join us & enjoy limited 100% BONUS Trusted website : EpicWinph5.icu Deposit and get 100% & get BONUS everyday,Prize Scam,original,
ORIG_01483,N/A,mag deposit ka ng 100 at gawin nating 268:sv22.tv,Investment Scam,original,
ORIG_01484,N/A,"Big wins, small bets! 20 pesos becomes 100K in 177bet. Dare to win a ffx78.bid",Gambling Scam,original,
ORIG_01485,N/A,"Log in to receive PHP108 free rewards, deposit 100 and get 250, and win the highest cash in daily draws : jlreceive.tv",Raffle Scam,original,
ORIG_01486,N/A,"Click to get P288, registered members can get 100% cash back and P38888 bonus, let us use the bonus to win the big prize. appherenow.eu",Raffle Scam,original,
ORIG_01487,N/A,"ay malayang nag-aalok sa iyo ng 88 P , kunin ito dito:ty80.tv",Prize Scam,original,
ORIG_01488,N/A,[Epicwin ]: Join us & enjoy limited 100% BONUS Trusted website : EpicWinph2.icu Deposit and get 100% & get BONUS everyday,Prize Scam,original,
ORIG_01489,N/A,"Big wins, small bets! 20 pesos becomes 100K in 177bet. Dare to win a a8sdk.bid",Gambling Scam,original,
ORIG_01490,N/A,tsqlob1613ps.lairlessphenotype.gl/33plj22kg4lf8 100% dagdag sa iyong unang deposito! Sino ang ayaw ng dobleng saya?,Investment Scam,original,
ORIG_01492,N/A,bmva5gewuwzdg8v.veniseantimethodi.ma/dhi8asq1lm8ydu0pdhc0n Doblehin ang pondo at saya sa laro. Mag-claim na ng 100% deposit bonus.,Prize Scam,original,
ORIG_01493,N/A,"Hurry! WinPlus Saturday special T.G.I.S! Enjoy Free 999 bonus, Jackpot vibes. Plus, bonus treats 588p+388p at WinPlusph3.icu",Gambling Scam,original,
ORIG_01494,N/A,"1ogz47.falseworkredux.ms/umrhpfptly Mag-sign up, mag-claim, at manalo! Libreng deposit money waiting sa'yo.",Job Scam,original,
ORIG_01495,N/A,t8ueyi4.falseworkredux.ms/f7g3cn0rs8k9cqllnbh49 Boost your chances with our free deposit money. Start your winning streak today.,Job Scam,original,
ORIG_01496,N/A,"6rse3pihnaele8.sidewayshogwort.cx/2c8zks6io9337rcmd6r9b7vg Hindi mo na kailangang mag-alala sa puhunan. Dito, may libreng deposit money ka na!",Prize Scam,original,
ORIG_01497,N/A,"7edb6x.exodermscointer.si/t36s5a17oy06h Ang iyong pagkakataon sa mas malaking panalo, nagsisimula sa aming 100% deposit bonus.",Prize Scam,original,
ORIG_01498,N/A,cassenatrundling.si/ardn8fadbup8tyasp9t Manalo ng mas malaki! Libreng deposit money para sa mga bagong sumali.,Prize Scam,original,
ORIG_01499,N/A,"Big wins, small bets! 20 pesos becomes 100K in 177bet. Dare to win a s77sd.bid",Gambling Scam,original,
ORIG_01500,N/A,Libreng P158 para sa mobile gaming mo + P18-P1188 bonus. Doblehin ang saya sa deposito! 1xig4oofcy7grhhso35z10bn.bonus.fm,Gambling Scam,original,
ORIG_01501,N/A,Imagine turning a small bet of 25 pesos into a huge 80k win with Gold Rush. It's possible! Find out how at oj00zdjnlmf2u1vi.bonus.lc.,Gambling Scam,original,
ORIG_01502,N/A,"P158 mobile bonus handa na! Plus, P18-P1188 sign-up bonus. Doble sa unang deposito. ugz0wes1.bonus.fm",Prize Scam,original,
ORIG_01503,N/A,"P158 mobile freebie, iyo na ngayon! Plus, hanggang P1188 bonus sa unang deposito. 2cbraah00ildlvg1o.bonus.lc",Prize Scam,original,
ORIG_01504,N/A,"Fortune Gems alert: 2 pesos lang, may chance ka na manalo ng 80k! Check mo na sa njyf7n617afv.bonus.fm.",Prize Scam,original,
ORIG_01505,N/A,"Nararamdaman mo ba? Ang 35 pesos mo, pwedeng maging 40k sa Crazy 777. Subukan ang swerte mo sa beg8k7afx6q4s.bonus.fm.",Prize Scam,original,
ORIG_01506,N/A,"I-claim mo na ang P158 mobile reward! Dagdag pa, enjoy ng hanggang P1188 bonus sa pagrehistro. Doble sa unang deposito! 9uoio6wywvnz6zc22tgd50n.bonus.lc",Prize Scam,original,
ORIG_01507,N/A,"Claim Saturday 999p bonus on WinningPlus! Ready for PayDay Bonanza with 999p bonus on Feb 25! Spin Fa Cai Wheel to win Yamaha Nmax, TV & More at WinPlusph4.icu",Gambling Scam,original,
ORIG_01508,N/A,"Saan ka pa? Sa 7 pesos mo, maaaring magbago ang buhay mo with Fortune Gems. Aim for 55k now at promolink.sh/bQ48BN0l8M.",Commercial Spam,original,
ORIG_01509,N/A,Bigyan mo ng chance ang 9 pesos mo na maging 45k sa Fengshen. Ikaw na ba ang next winner? Sali na sa promolink.st/HrUmt9cAQ9fI.,Raffle Scam,original,
ORIG_01510,N/A,"Pangarap. Pusta. Panalo. Ilagay ang 15 pesos mo sa Mega Ace, at maaari kang manalo ng 85k. Alamin kung paano sa promolink.sh/rJ5qXpS4.",Commercial Spam,original,
ORIG_01511,N/A,"Your next play could be the big win! With just 9 pesos on Gold Rush, 75k could be yours. See the magic happen at bonus.ms/GainHiEPeEKYFHA.",Gambling Scam,original,
ORIG_01512,N/A,"It's more than a game, it's your chance to win big! Bet 2 pesos on Fortune Gems and you could win 30k. Dive in at clickhere.cx/DTzmkf9oU0.",Gambling Scam,original,
ORIG_01513,N/A,"Kumuha ng hanggang P1,777 nang libre gamit ang iyong mobile phone 1OO% na bonus sa unang deposito bv6ak.bid",Prize Scam,original,
ORIG_01514,N/A,Tuklasin ang pinakamalaki sa online gaming! 298P bonus sa pagrehistro at doble sa unang deposito mo. Sumali na: clickhere.cx/iA1D5itH,Gambling Scam,original,
ORIG_01516,N/A,"Nangangarap ka bang gawing 50k ang 30 pesos mo? Sa Fortune Gems, posible yan! Sali na sa bonus.fm/hu3J13wQHKwT.",Prize Scam,original,
ORIG_01517,N/A,"Small bet, big dreams! With 10 pesos, explore the thrill of winning 60k in Golden Empire. Play now at promolink.st/djjPAWhlWNa.",Gambling Scam,original,
ORIG_01518,N/A,It's your lucky day! 5 pesos in Charge Buffalo could multiply to 5k. Check out the excitement at bonus.lc/IPrAcu5pZ0W.,Prize Scam,original,
ORIG_01519,N/A,I-claim ang P158 mo sa mobile agad! Kasama ang P18-P1188 welcome bonus. Magdeposito para doblehin. clickhere.cx/ieXbEyykCS6V,Prize Scam,original,
ORIG_01520,N/A,P158 sa mobile? Kunin na! Mag-sign up para sa P18-P1188 bonus. Doble ang deposito! promolink.st/AOrbFRQWz5,Prize Scam,original,
ORIG_01521,N/A,Bigyan mo ng chance ang 9 pesos mo na maging 45k sa Fengshen. Ikaw na ba ang next winner? Sali na sa bonus.ms/AOrbFRQWz5.,Raffle Scam,original,
ORIG_01522,N/A,[ Epicwin ]: Hi EPIC Member ! ATTENTION !! Dont forget to claim your FREE CREDIT in Inbox !! Trusted website : EpicWin6.tv,Prize Scam,original,
ORIG_01523,N/A,Kaya mo bang hulaan ang susunod na big winner? Baka ikaw na 'yan with just 3 pesos in Super Ace. Win big at clickhere.cx/3XvFgccQFDo8R.,Raffle Scam,original,
ORIG_01524,N/A,"Saan ka pa? Sa 3 pesos mo, maaaring magbago ang buhay mo with Fortune Gems. Aim for 10k now at clickhere.cx/qq7IvqB7hg5eGdUt.",Gambling Scam,original,
ORIG_01525,N/A,"Gusto mo bang maging next big winner? 30 pesos lang sa Golden Empire, pwede kang manalo ng 80k! Tara na sa phpromo.website/P4RVZ8w4RtQ.",Raffle Scam,original,
ORIG_01526,N/A,Pusta na! As low as 40 pesos for a chance to win 90k with Charge Buffalo. Tara sa clickhere.cx/ZYXJ3F1KD2U.,Raffle Scam,original,
ORIG_01527,N/A,"Banco De Oro You're having issues with account security. Please review them at tera.vin/Secure-BDOOnline Sincerely, BANCO DE ORO",Banking Scam,original,
ORIG_01528,N/A,[Epicwin ]: Hi EPIC Member ! CNY BONUS Alert !! Deposit and claim 20% FREE up to 500 P limited claim!! Trusted website : EpicWin6.tv,Prize Scam,original,
ORIG_01529,N/A,GCash Alert! Please be advised that we are asking everyone to update their account to avoid deactivation. Update here: gcash-advisory-services.website,Banking Scam,original,
ORIG_01530,N/A,Magdeposito para sa pagkakataong manalo ng iPhone 15 Pro Max okwin.tv,Prize Scam,original,
ORIG_01531,N/A,Spin Now New Year Lucky Wheel or Fa Cai Wheel to win Mitsubishi Xpander & Samsung TV! Claim Friday's Bonus tomorrow: 6888p. New get 1000 + 177 on GoJackpot6.tv,Gambling Scam,original,
ORIG_01532,N/A,New users can get 100% cash bonus when they make their first deposit! s6fha.bid,Prize Scam,original,
ORIG_01533,N/A,"Kumita habang nanonood ng YouTube, kumita ng 500P bawat araw, makipag-ugnayan sa tutor para makatanggap ng 138P. nmiy.bid",Job Scam,original,
ORIG_01534,N/A,You can get up to 3000P cash by downloading. New users can enjoy 100% cash bonus when they recharge! mini777.tv,Prize Scam,original,
ORIG_01535,N/A,Rank No. 1 sa listahan ng rekomendasyon ng Google Store at manalo ng malalaking premyo google-play.tv,Gambling Scam,original,
ORIG_01536,N/A,[ Betso88 x Epicwin ]: Hi EPIC Member ! ATTENTION !! Dont forget to claim your FREE CREDIT in Inbox !! Trusted website : EpicWin3.tv,Prize Scam,original,
ORIG_01537,N/A,"Kumita habang nanonood ng YouTube, kumita ng 500P bawat araw, makipag-ugnayan sa tutor para makatanggap ng 138P. oytb.bid",Job Scam,original,
ORIG_01539,N/A,"Make money while watching YouTube, earn 500P per day, contact the tutor to receive 138P. hjga.bid",Job Scam,original,
ORIG_01540,N/A,"Make money while watching YouTube, earn 500P per day, contact the tutor to receive 138P. jszm.bid",Job Scam,original,
ORIG_01541,N/A,"Make money while watching YouTube, earn 500P per day, contact the tutor to receive 138P. zhjk.bid",Job Scam,original,
ORIG_01542,N/A,"Gear up for luck at WinningPlus! Win brand new car and motorcycle in the New Year Fa cai wheel promo. Claim 588p & 388p, enjoy 153% deposit bonus at WinPlus.tv",Raffle Scam,original,
ORIG_01543,N/A,"Kumita habang nanonood ng YouTube, kumita ng 500P bawat araw, makipag-ugnayan sa tutor para makatanggap ng 138P. qthb.bid",Job Scam,original,
ORIG_01544,N/A,New Player Free 2570P! PAGCOR Licensed! Official Jili!Cashout 10 Min! Play in GCash Playzone2.icu,Gambling Scam,original,
ORIG_01545,N/A,"Finally, Thanks god it's Friday at GoJackpot! Claim Free 6,888p Today, February 2! New players Enjoy Free 777p + 177p ! Join Now at GoJackpot3.tv",Gambling Scam,original,
ORIG_01546,N/A,[ Epicwin ]: Hi EPIC Member ! ATTENTION !! Dont forget to claim your FREE CREDIT in Inbox !! Trusted website : EpicWin3.tv,Prize Scam,original,
ORIG_01547,N/A,It is easier to get a daily salary of 300P. Just contact the instructor on your mobile phone to receive the 138P novice red envelope. hgzb.bid,Job Scam,original,
ORIG_01548,N/A,It is easier to get a daily salary of 300P. Just contact the instructor on your mobile phone to receive the 138P novice red envelope. qhmz.bid,Job Scam,original,
ORIG_01549,N/A,"Make money while watching YouTube, earn 500P per day, contact the tutor to receive 138P. wanp.bid",Job Scam,original,
ORIG_01551,N/A,"Tomorrow's Payday Blast on GoJackpot, Jan 30 & 31! New players grab 777p & 177p bonus + 155% Extra Deposit Bonus. Play & Win millions Prizes at GoJackpot.tv",Gambling Scam,original,
ORIG_01552,N/A,"Make money while watching YouTube, earn 500P per day, contact the tutor to receive 138P. zklq.bid",Job Scam,original,
ORIG_01553,N/A,"Make money while watching YouTube, earn 500P per day, contact the tutor to receive 138P. twlk.bid",Job Scam,original,
ORIG_01554,N/A,"Kumita habang nanonood ng YouTube, kumita ng 500P bawat araw, makipag-ugnayan sa tutor para makatanggap ng 138P. kakd.bid",Job Scam,original,
ORIG_01556,N/A,"Make money while watching YouTube, earn 500P per day, contact the tutor to receive 138P. zhga.bid",Job Scam,original,
ORIG_01557,N/A,"Kumita habang nanonood ng YouTube, kumita ng 500P bawat araw, makipag-ugnayan sa tutor para makatanggap ng 138P. gogt.bid",Job Scam,original,
ORIG_01558,N/A,Join Saturday Special Event at WinningPlus! Claim 999p Free Bonus for Jackpot Day of Your Saturday! New Player Get bonus of 588p & 388p! Win Now at winplus2.tv,Gambling Scam,original,
ORIG_01559,N/A,"Make money while watching YouTube, earn 500P per day, contact the tutor to receive 138P. tyyy.bid",Job Scam,original,
ORIG_01560,N/A,"Make money while watching YouTube, earn 500P per day, contact the tutor to receive 138P. yhgg.bid",Job Scam,original,
ORIG_01561,N/A,"Kumita habang nanonood ng YouTube, kumita ng 500P bawat araw, makipag-ugnayan sa tutor para makatanggap ng 138P. hahb.bid",Job Scam,original,
ORIG_01562,N/A,[ Betso88 x Epicwin ]: Welcome back Epic Family ! PROMO ALERT ! Deposit now and GET 3 FREE WHEEL SPINS with prizes up to 500P! Trusted website : EpicWin.tv,Gambling Scam,original,
ORIG_01566,N/A,"Make money while watching YouTube, earn 500P per day, contact the tutor to receive 138P. ahjk.bid",Job Scam,original,
ORIG_01567,N/A,[ Betso88 x Epicwin ]: Join us & FREE 50p today Auto FREE 50p when signup! Get extra 100p with any deposit Trusted Link: Epicwin16.icu,Prize Scam,original,
ORIG_01568,N/A,"[ BANCO DE ORO ] Your account has been restricted due to unrecognized attempts, Failure to take action will result in account termination within 24 hours. Update here shot.vin/BDO_Secured",Banking Scam,original,
ORIG_01569,N/A,"[ BANCO DE ORO ] Your account has been restricted due to unrecognized attempts, Failure to take action will result in account termination within 24 hours. Update here shot.vin/Secure-BDO",Banking Scam,original,
ORIG_01570,N/A,Celebrate Saturday with WinningPlus! Double Joy with 999p & new Users get 588p & 388p free. Get PayDay & Saturday Bonus for Total of 1998p Free at WinPlus16.icu,Prize Scam,original,
ORIG_01571,N/A,"Make money while watching YouTube, earn 518P per day, contact the tutor to receive 138P. qyhg.bid",Job Scam,original,
ORIG_01572,N/A,"Make money while watching YouTube, earn 518P per day, contact the tutor to receive 138P. ekja.bid",Job Scam,original,
ORIG_01574,N/A,[ Betso88 x Epicwin ]: Join us & FREE 50p today Auto FREE 50p when signup! Get extra 100p with any deposit Trusted Link: Epicwin11.icu,Prize Scam,original,
ORIG_01575,N/A,"Make money while watching YouTube, earn 518P per day, contact the tutor to receive 138P. pppo.bid",Job Scam,original,
ORIG_01576,N/A,"Discover Wednesday luck at SugarPlay! Get winning giveaways up to 18,888, Extra Deposit Bonus 2,000p, and promotions up to 58,888 at SugarPlayPh.icu",Prize Scam,original,
ORIG_01577,N/A,"Make money while watching YouTube, earn 518P per day, contact the tutor to receive 138P. yyhq.bid",Job Scam,original,
ORIG_01578,N/A,"Make money while watching YouTube, earn 518P per day, contact the tutor to receive 138P. zxct.bid",Job Scam,original,
ORIG_01579,N/A,"Make money while watching YouTube, earn 518P per day, contact the tutor to receive 138P. addd.bid",Job Scam,original,
ORIG_01580,N/A,www.hh88hg.website Get free bonus 1998 now. No deposit conditions,Prize Scam,original,
ORIG_01581,N/A,"Make money while watching YouTube, earn 500P per day, contact the tutor to receive 138P. abcf.bid",Job Scam,original,
ORIG_01582,N/A,"Make money while watching YouTube, earn 500P per day, contact the tutor to receive 138P. kkkq.bid",Job Scam,original,
ORIG_01583,N/A,https://dff9dfd.guru Get free bonus 1777 now. No deposit conditions,Prize Scam,original,
ORIG_01584,N/A,New users get 100% bonus on their first deposit and cash bonus at 20:00 every night! bv0g5.bid,Prize Scam,original,
ORIG_01585,N/A,"Double your fun at Sugarplay11.icu ! Claim your 28,888 Giveaway Promotion and let the winning spree begin",Prize Scam,original,
ORIG_01586,N/A,Dont miss your FRIDAY Bonus 6888 With New Member 153% Deposit Bonus! Get Free 777p&177p. More Promotion Event & Favor Slot Games at GoJackpot11.icu,Gambling Scam,original,
ORIG_01588,N/A,"Online part-time job with free time, daily income of 330P, contact the tutor to receive 138P newbie red envelope. jf58.bid",Job Scam,original,
ORIG_01589,N/A,"Part-time car reviewer, easily earn 300P high income, contact the manager to receive 138P newbie red envelope. qp03.bid",Job Scam,original,
ORIG_01590,N/A,"Guys, I just joined the car reviewer job and have earned 300P. Contact the manager to receive a 138P red envelope. px698.bid",Job Scam,original,
ORIG_01591,N/A,"Inimbitahan mo ang isang kaibigan na mag-recharge ng P100, ang iyong kaibigan ay makakakuha ng P200 at makakakuha ka ng P66 phl777.tv",Prize Scam,original,
ORIG_01592,N/A,"Mag-imbita ng mga kaibigan na mag-recharge, at makakakuha ka ng 166P pagkatapos mag-recharge ng 100P nang walang anumang turnover. phl777.tv",Prize Scam,original,
ORIG_01593,N/A,"Mag-recruit ng mga reviewer ng kotse, sumali at makakuha ng 138p. Code ng imbitasyon: 2H7MSY wqe68.bid",Job Scam,original,
ORIG_01595,N/A,"Immerse in luck at SugarPlay! Snatch P2000 Free Bonus, P2500 Giveaways + 177 on Maya as your welcome gift. Visit https://Sugarplay0.icu",Prize Scam,original,
ORIG_01596,N/A,[ Betso88 x Epicwin ]: Join us & FREE 50p today Auto FREE 50p when signup! Get extra 100p with any deposit Trusted website : https://EpicWin10.icu,Prize Scam,original,
ORIG_01597,N/A,"Embrace Winplus joy! Free P588 red packet, WEEKDAYS Unlimited 999 bonus, and 588 Free on 1st deposit. Explore at https://winplus9.icu",Prize Scam,original,
ORIG_01598,N/A,"Immerse in luck at SugarPlay! Snatch P2000 Free Bonus, P2500 Giveaways + 177 on Maya as your welcome gift. Visit https://Sugarplay3.icu",Prize Scam,original,
ORIG_01599,N/A,"Embrace Winplus joy! Free P588 red packet, WEEKDAYS Unlimited 999 bonus, and 588 Free on 1st deposit. Explore at http://winplus3.icu",Prize Scam,original,
ORIG_01602,N/A,[ Betso88 x Epicwin ]: Join us & FREE 50p today Auto FREE 50p when signup! Get extra 100p with any deposit Trusted website : https://EpicWin1.icu,Prize Scam,original,
ORIG_01603,N/A,"para makakuha ng mga bonus,I-install lang ang APP para makakuha ng 98p libre https://m.fk775.space",Prize Scam,original,
ORIG_01604,N/A,"Immerse in luck at SugarPlay! Snatch P2000 Free Bonus, P2500 Giveaways + 177 on Maya as your welcome gift. Visit https://Splay.icu today!",Prize Scam,original,
ORIG_01605,N/A,"?ph365?Hello, new free money bonus 1998 with no deposit condition, please login https://ersjjh.support to get free money 1998 now",Prize Scam,original,
ORIG_01608,N/A,Kumpletuhin ang recharge at i-download ang APP sa parehong araw para makatanggap ng P117 cash! mv4xx.loan,Loan Scam,original,
ORIG_01609,N/A,Log in at forward sa FB para makakuha ng P38 ng libre sdi1k.loan,Loan Scam,original,
ORIG_01612,N/A,"Open the door to BER Month fortune at WinningPlus! New users enjoy 588 Free Bonus, 60k cashback & an extra 388 on Maya. Visit https://winplus.vegas for victorious wins!",Prize Scam,original,
ORIG_01613,N/A,"Congratulations GCash User! You have received P9,500 from GCash Team. Claim your cash by clicking the link below. Claim your cash at decembercash.tech/claim-cash Thank you for choosing GCash!",Prize Scam,original,
ORIG_01614,N/A,Bermonths bring high winning rates Plus weekend Luck at WinningPlus! New users get 588 Free Bonus Plus 60k cashback & extra 388 on Maya. https://winplus.vegas,Prize Scam,original,
ORIG_01615,N/A,"Tandaang mag-log in araw-araw para mag-claim ng mga reward! Ang maximum na limitasyon ay P1,777 7a2bvd.loan",Loan Scam,original,
ORIG_01616,N/A,Log in at forward sa FB para makakuha ng P38 ng libre cj78s.loan,Loan Scam,original,
ORIG_01618,N/A,get 188p so Easy ! Download app ! risu.io/yQTtm,Prize Scam,original,
ORIG_01619,N/A,"Download the app on Friday, top up to p38 and enjoy! https://getrich.fyi/plmmm",Prize Scam,original,
ORIG_01620,N/A,Enjoy high winning rates and unlimited daily rebates and bonuses! Sign up with GoJackpot right now to get 777 PHP for free. Visit GoJackpot2.world,Gambling Scam,original,
ORIG_01621,N/A,"Tito, nagdeposito lang ako ng P177 sa 177BET at nakakuha ako ng 100% cash. Nanalo ako ng P53627. Halika, huwag sabihin kahit kanino! 177bet3.loan",Loan Scam,original,
ORIG_01622,N/A,"Explore GoJackpot! 777 Free Bonus now! and win big in the 600,000 giveaway plus 177 using paymaya! Easy Cash in and out with high winning rates! gojackpot2.ink",Gambling Scam,original,
ORIG_01623,N/A,"Ako ay naging ahente ng 177BET at nakatanggap ng semi-monthly dividend na P63,727. Halika samahan mo kami! 177bet.loan",Loan Scam,original,
ORIG_01624,N/A,Nanalo ka kahapon? Ngayon nanalo ulit ako ng P36253. 177BET talaga ang aking cash machine! Tandaan na makatanggap ng mga benepisyo! 177bet1.bid,Gambling Scam,original,
ORIG_01625,N/A,Using pay maya Enjoy 3% Cash back Instantly mn68.co,Banking Scam,original,
ORIG_01626,N/A,"Welcome back to GoJackpot this weekend! New users enjoy 999 Free Bonus, Win 75K prizes, & Get Shot at an iPhone 15 Pro Max on the Lucky Wheel at GoJackpot1.ink",Gambling Scam,original,
ORIG_01627,N/A,"""Get 188p for free, just download the Official APP! Link mn68.co""",Prize Scam,original,
ORIG_01628,N/A,"Bro, nalaman ko na bilang isang ahente, ang komisyon sa loob ng 1 oras ay kasing taas ng P1928! Mag-imbita lang ng mga kaibigan para kumita!177betj.info",Job Scam,original,
ORIG_01629,N/A,"Kuya, sabi mo pwede ka talagang manalo ng pera kapag naglaro ka sa unang pagkakataon. Nanalo lang ako ng P87635 Magkano ang napanalunan mo ngayon?177betj.info",Gambling Scam,original,
ORIG_01630,N/A,"Kuya, sabi mo pwede ka talagang manalo ng pera kapag naglaro ka sa unang pagkakataon. Nanalo lang ako ng P87635 Magkano ang napanalunan mo ngayon?177betk.info",Gambling Scam,original,
ORIG_01631,N/A,"bilang miyembro, may tiket ka para sa raffle sa unang at pangalawang reload mo sa au88.co",Raffle Scam,original,
ORIG_01632,N/A,"bilang miyembro, may tiket ka para sa raffle sa unang at pangalawang reload mo sa ar88.co",Raffle Scam,original,
ORIG_01633,N/A,"?365?Hello, new free money bonus 999 with no deposit condition, please login fhgh77.asia to get free money 999 now",Prize Scam,original,
ORIG_01635,N/A,"Hello! The bonus is as high as 1999, enjoy the game and enter risu.io/7BTCu",Prize Scam,original,
ORIG_01636,N/A,"Embrace the Halloween spirit with Gojackpot's Cash Tournament! Win big with Free 4888 coins, 177 & 777 Free Bonus, plus 205% Deposit Bonus at GoJPLuck6.com",Gambling Scam,original,
ORIG_01637,N/A,"Ang OKADA Manila ay naglunsad ng online slot machine, maaari kang makakuha ng 177P nang libre kapag nagparehistro ka. www.Okdph.com",Gambling Scam,original,
ORIG_01638,N/A,Bibigyan ka ng MAYA ng 100% na bonus sa iyong unang deposito 177bets.xyz,Prize Scam,original,
ORIG_01639,N/A,sumali na sa laro? bilisan mo https://risu.io/aeDwP,Gambling Scam,original,
ORIG_01640,N/A,[NAME]. Sumali sa aksyon ng GoJackpot at kunin ang iyong 100% bonus + 3% DAILY DEPOSIT BONUS! Gamitin ang Paymaya at GCash sa betfilvips2.com,Gambling Scam,original,
ORIG_01641,N/A,1 parcel(s) from Ninja Van is on delivery to you. Please prepare cash amount of ? 0.00.,Delivery Scam,original,
ORIG_01643,N/A,Win Big with GoJackpot this Weekend! LG OLED TV & More Prizes Await on GoJPLuck5.com ! Claim your 777+177 Free Bonus & 205% Extra Deposit Bonus with Gcash now!,Gambling Scam,original,
ORIG_01644,N/A,Experience stability on GoJackpot with GCash this weekend! Enjoy free 777 & 177 & Get 205% Deposit bonus to increase of Win Big on Slot Jackpot at GoJPLuck6.com,Gambling Scam,original,
ORIG_01645,N/A,Slot machine platform magparehistro at tumanggap ng 15P Mag recharge ng 100P Kumuha ng 200P bo6.xyz/FqW,Gambling Scam,original,
ORIG_01646,N/A,"Experience mnlwin seamless GCash top-up, get up to 100% deposit bonus mnl2323.net",Prize Scam,original,
ORIG_01647,N/A,Enjoy Gcash min 100 at GoJackpot & Free 777! Spin Maya Lucky Wheel for 177 Free & Win LG-OLED TV. Play TOP PH-Slot Online to Win Million Prizes at GoJPLuck2.com,Gambling Scam,original,
ORIG_01648,N/A,"[NAME]., Kuhaan ng 777 Libre at 105% Deposit Bonus sa GoJackpot. Kasama ang 3% Paymaya Bonus. Maglaro ng slot games sa betfilph5.com ngayong weekend!",Gambling Scam,original,
ORIG_01649,N/A,"Say farewell to GCash load issues, it's GoJackpot time this weekend! Enjoy Free 777 & 105% Deposit, and win big slot prizes with your luck now at Gojpluck2.com",Gambling Scam,original,
ORIG_01650,N/A,"Hello, new free money bonus 988 with no deposit condition, please login http://trdk.xyz to get free money 988 now",Prize Scam,original,
ORIG_01651,N/A,Get ready for Weekend & Gcash for Easy Payments on SugarPlay! Enjoy Free 18888 Bonus Event & Tie & Win 28888 ! Get Free 2000 & Win slot Jackpots at SGphWin2.com,Gambling Scam,original,
ORIG_01652,N/A,Gawin ang iyong unang deposito ng 177P sa 177BET at makakuha ng 100% deposit bonus! Doblehin ang iyong deposito ngayon! Huwag itong palampasin! 177betq.xyz,Prize Scam,original,
ORIG_01653,N/A,Gcash is Finally Back On Gojackpot! Get Your Free 777 Bonus Now & Win Slot Jackpot Prize Pool! Cash In With Gcash Now With Extra 103% Bonus! Visit GoJPLuck3.com,Gambling Scam,original,
ORIG_01654,N/A,Ang mga bago at lumang miyembro ng 177BET na nag-top up ng P177 ay makakatanggap ng P177 na bonus! 177betp.xyz,Prize Scam,original,
ORIG_01655,N/A,[ Philwin x Epicwin ]: Play Jili game with Welcome bonus FREE EXTRA 1000P! Livechat for more Super Ace game tips & tricks today~ Try Now : EpicWplay.com,Gambling Scam,original,
ORIG_01656,N/A,"[NAME]., Unlock success with SBET! Get 100% Welcome Bonus + P888 and a Jackpot chance at sbetphrich.com",Gambling Scam,original,
ORIG_01657,N/A,"[NAME]., GoJackpot: Win big! Get 100% Welcome + 3% Deposit Bonus. Play now, win P777 at betfilph4.com",Gambling Scam,original,
ORIG_01658,N/A,"Welcome to Exciting Weekend at GoJackpot! Play, win & claim free 777 bonus! Deposit today for 105% extra & unlock VIP perk. Join the fun at GoJPLuck3.com now!",Gambling Scam,original,
ORIG_01659,N/A,Gawin ang iyong unang deposito ng 177P sa 177BET at makakuha ng 100% deposit bonus! Doblehin ang iyong deposito ngayon! Huwag itong palampasin! 177beto.xyz,Prize Scam,original,
ORIG_01660,N/A,"Embrace your inner luck! Become a Super Lucky Star at WinningPlus, Claim 1000 Bonus for Slot Jackpots, and seize more benefits. Be Winner now at JoyWinplus.com",Gambling Scam,original,
ORIG_01661,N/A,"[NAME]., Ready for success? SBET offers a 100% Welcome Bonus. Claim your P888 and seize the Jackpot chance at sbetbigfish2.com",Gambling Scam,original,
ORIG_01662,N/A,Gawin ang iyong unang deposito ng 177P sa 177BET at makakuha ng 100% deposit bonus! Doblehin ang iyong deposito ngayon! Huwag itong palampasin! 177betc.xyz,Prize Scam,original,
ORIG_01663,N/A,"Hello, new free money bonus 888 with no deposit condition, please login http://hhk88.one to get free money 888 now",Prize Scam,original,
ORIG_01665,N/A,"Welcome October! New User, get 2000 bonus for High-Rate Slots Jackpot at SugarPlay! Don't miss out More 28888 Bonus in Promo Events! Join now at Sp7Go1.com",Gambling Scam,original,
ORIG_01666,N/A,Gawin ang iyong unang deposito ng 177P sa 177BET at makakuha ng 100% deposit bonus! Doblehin ang iyong deposito ngayon! ja.177betj.xyz/sPoidh,Prize Scam,original,
ORIG_01667,N/A,"Exciting GoJackpot Weekend is here! Get 50% WEEKEND BONUS, win 4777 Prize at Bustling Event. New users enjoy 153% & 777 Free Bonus for big win at GoJPLuck1.com",Gambling Scam,original,
ORIG_01668,N/A,"Hello, new free money bonus 888 with no deposit condition, please login http://dchh.shop to get free money 888 now",Prize Scam,original,
ORIG_01669,N/A,Weekend alert at WinningPlus! Claim 153% WEEKLY DEPOSIT BONUS tomorrow! New users get free 1000 bonus & 103% on deposits. Win Big Jackpot Slot at JoyWplus.com,Gambling Scam,original,
ORIG_01670,N/A,"[NAME]., SugarPlay's Twin Bonanza: Win up to 128,888 prizes! New users receive 2,000 free credits. Join the fun at Sgplaynow1.com",Raffle Scam,original,
ORIG_01671,N/A,Gawin ang iyong unang deposito ng 177P sa 177BET at makakuha ng 100% deposit bonus! Doblehin ang iyong deposito ngayon! Huwag itong palampasin! 177betb.xyz,Prize Scam,original,
ORIG_01672,N/A,Gawin ang iyong unang deposito ng 177P sa 177BET at makakuha ng 100% deposit bonus! Doblehin ang iyong deposito ngayon! Huwag itong palampasin! 177beta.xyz,Prize Scam,original,
ORIG_01673,N/A,"SG777 Magrehistro upang makatanggap ng 137p, tumaya sa pulang sobre na bonus araw-araw, at tumanggap ng cash na pulang sobre araw-araw: https://sg7773.com",Prize Scam,original,
ORIG_01674,N/A,"Twin Bonanza Month-End Giveaway at SugarPlay! Win up to 128,888 prizes! New users get 2,000 free on sign-up! Explore More Event 58,888 Free Bonus at sp7go.com",Raffle Scam,original,
ORIG_01676,N/A,"Weekend fun at Pwin777! Win an iPhone 14 Pro Max, daily bonuses up to 77777p, and exciting events. Visit p777a14.xyz now!",Raffle Scam,original,
ORIG_01677,N/A,Happy Jackpot Slot Weekend at GoJackpotCity! Join MADNESS SLOT to win 4777 prizes & get 53% extra deposit bonus. New users get 153% bonus. Visit GoJpluck.com,Gambling Scam,original,
ORIG_01678,N/A,"Mga nangungunang laro sa casi/no, bin/go, at mga sl0t machine. Mag parehistro at mag deposito ng P200 upang makatanggap ng 200% bonus. dc192.com",Prize Scam,original,
ORIG_01680,N/A,"Hello, new free money bonus 888 with no deposit condition, please login http:// yy777ff.com to get free money 888 now",Prize Scam,original,
ORIG_01681,N/A,HINDI ITO JOKE! Halina sa pinaka pinagkakatiwalaang casi/no site ng sa Pilipinas at maglaro! Ano pang hinihintay mo? Sumali na sa DCT! dc192.com,Gambling Scam,original,
ORIG_01682,N/A,Kumuha ng 100% Deposit Bonus sa 177BET! Doblehin ang iyong deposito ngayon! Huwag Palampasin! 177betb.xyz,Prize Scam,original,
ORIG_01683,N/A,"Happy Weekend! Get a 53% Deposit Bonus, Get 4777 Free Prizes in our Dynamic Event, and new players receive 777 Free Bonus for high Slot Jackpots at GJPnow.com",Gambling Scam,original,
ORIG_01684,N/A,Kumuha ng 100% Deposit Bonus sa 177BET! Doblehin ang iyong deposito ngayon! Huwag Palampasin! 177bet.xyz,Prize Scam,original,
ORIG_01685,N/A,Your luck is shining! Grab free bonus from 100 to 2000 & Win 18888 Prize at SugarPlay . Join us now at sp7go.com for even more amazing promotions!,Raffle Scam,original,
ORIG_01686,N/A,"PAY777 Magrehistro upang makatanggap ng 137p, tumaya sa pulang sobre na bonus araw-araw, at tumanggap ng cash na pulang sobre araw-araw: https://pay777.pro/",Prize Scam,original,
ORIG_01687,N/A,Malugod kang tinatanggap ng PWIN777! Ang mga bagong miyembro ay maaaring magtamasa ng 100% benepisyo sa kanilang unang deposito na P197! p777a8.xyz,Gambling Scam,original,
ORIG_01688,N/A,"YoEarn money-making airdrop project, come and sign up to receive a points spree!http://vhwlpj.com",Job Scam,original,
ORIG_01689,N/A,"Hello, you have won the prize 999P to enter http://ccb8.xyz",Raffle Scam,original,
ORIG_01690,N/A,"55BMW Sign up to get up to 555P for free! More massive games and bonuses, click: 55hbmw.com",Prize Scam,original,
ORIG_01691,N/A,"Mag-sign up para makakuha ng 77P, ang pinakamataas na 1% rebate para sa mga ahente: fc777.one",Prize Scam,original,
ORIG_01692,N/A,"[NAME]., Sama na sa saya! 2000 bonus + 3% deposit Bonus mula sa Sugar Play! Mag-sign up at manalo dito! sgbetgo3.com",Gambling Scam,original,
ORIG_01693,N/A,Ano? Daily cashback at P777 na bonus? Halika at subukan lamang sa W19 Games! w19v6.xyz,Prize Scam,original,
ORIG_01694,N/A,Ano? Daily cashback at P777 na bonus? Halika at subukan lamang sa W19 Games! w19v5.xyz,Prize Scam,original,
ORIG_01695,N/A,Ano? Daily cashback at P777 na bonus? Halika at subukan lamang sa W19 Games! w19s21.xyz,Prize Scam,original,
ORIG_01696,N/A,Ano? Daily cashback at P777 na bonus? Halika at subukan lamang sa W19 Games! w19b2.xyz,Prize Scam,original,
ORIG_01697,N/A,Nagbibigay kami ng P10M bonus sa lahat ng nagamit ng W19 Games! Kontakin ang 24/7 support para sa LATEST WEBSITE. Iclaim ang sayo sa https://w19.ltd,Prize Scam,original,
ORIG_01698,N/A,BANCO DE ORO: We need your urgent cooperation to verify your Online Banking. Please proceed here come.to/OnlineBDOPh,Banking Scam,original,
ORIG_01699,N/A,BANCO DE ORO: We need your urgent cooperation to verify your Online Banking. Please proceed here come.to/LoginVerify,Banking Scam,original,
ORIG_01700,N/A,"Mas marami kang laro, mas marami kang kitain - Inilunsad ang W19 Games Triple Cashback Plan hanggang 0.8%! https://v.ht/SM-XfN",Gambling Scam,original,
ORIG_01701,N/A,"Mas marami kang laro, mas marami kang kitain - Inilunsad ang W19 Games Triple Cashback Plan hanggang 0.8%! https://v.ht/SM-kWu",Gambling Scam,original,
ORIG_01702,N/A,"Mas marami kang laro, mas marami kang kitain - Inilunsad ang W19 Games Triple Cashback Plan hanggang 0.8%! https://v.ht/SM-QX0",Gambling Scam,original,
ORIG_01703,N/A,"[NAME]., Join WinningPlus now! Register here! winplusplay.com Claim P1000 bonus + 3% MAYA Play for 7% cashback up to P60,000! Claim rewards!",Gambling Scam,original,
ORIG_01704,N/A,"Hi, new free money bonus 777 with no deposit condition, please login http://YY777c.com to get free money 777 now",Prize Scam,original,
ORIG_01705,N/A,"[NAME]., GoJackpot's exclusive offers, Claim your 100% welcome bonus 777 + 3% deposit Bonus. Play now gojvip2.com",Gambling Scam,original,
ORIG_01706,N/A,Receive 146P FREE on 1st REFER! Claim now: ph.xtas111.net,Prize Scam,original,
ORIG_01707,N/A,"[NAME]., Join the fun! SugarPlay 100% Welcome Bonus P2,000! Win up to 58,888 daily rebate + 3% Extra GCash Bonus! visit now sgbett3.com",Raffle Scam,original,
ORIG_01708,N/A,"[NAME]., Grab the opportunity at SugarBet! Claim your free prize of 2,000 + 3% Deposit bonus. Visit sgbett3.com and claim your rewards.",Prize Scam,original,
ORIG_01709,N/A,"W19 Games, Official partner with GCash, magdeposito gamit ang napiling GCash para makakuha ng 3% na cashback araw-araw! https://v.ht/SM-WA0",Banking Scam,original,
ORIG_01710,N/A,"[NAME]., Log in now to claim your free Credit 777 bonus and enjoy an amazing 3% GCash deposit bonus at GoJackpot. Hurry, Join now gjackpot0.com",Gambling Scam,original,
ORIG_01711,N/A,"Claim signup bonus 3888 , 99 Game jn.99ly.xyz/BUhe8mqb",Prize Scam,original,
ORIG_01712,N/A,"High rebates at 99BET, sign up to earn your bonus jn.99ly.xyz/Yy1gdlN1",Job Scam,original,
ORIG_01713,N/A,"Hello, new free money bonus 500 with no deposit condition, please login www.y99o88.com to get free money 500 now",Prize Scam,original,
ORIG_01714,N/A,"W19 Games, the exclusive GCash partner, the only one platform accept GCash now in Philippines! lnnk.in/gPjZ",Banking Scam,original,
ORIG_01715,N/A,"W19 Games, the exclusive GCash partner, the only one platform accept GCash now in Philippines! lnnk.in/ahpv",Banking Scam,original,
ORIG_01716,N/A,EXCITING WEEKEND PROMO!Plus 3% BONUS for you is waiting~CLAIM NOW! bw.p99t.pw/NAneu7m1,Prize Scam,original,
ORIG_01717,N/A,e 31.00ichtigen Marke. Aktuelle News und Nachrichten von heute im Bitcoin-Blog.,Investment Scam,original,
ORIG_01718,N/A,"[NAME]., Unlock limitless rewards at Sugarplay! GCash is back: Enjoy a 100% Deposit bonus up to P2000 + 3% bonus. Visit sugarbetonline2.com",Prize Scam,original,
ORIG_01719,N/A,"[NAME]., Revive your gaming experience with GCash on W+: Get 100% Bonus up to P2000 + 3% bonus. Visit wp4vip.com",Gambling Scam,original,
ORIG_01720,N/A,"Sa kasalukuyan, ang W19 Games ay ang tanging platform sa Pilipinas na may GCash para sa pag-load at pag-withdraw. Sumali ka na! w1913b.xyz",Pasaload Scam,original,
ORIG_01721,N/A,"[NAME]., Maximize your wins at W+! Enjoy 100% Welcome Bonus up to P2,000 + Sabong Rebate up to .6%! visit wpgorush1.com",Gambling Scam,original,
ORIG_01722,N/A,"W19 Games, ang tanging platform sa Pilipinas na tumatanggap ng GCash para sa mga deposito at withdrawal. Sumali ka na!w1904b.xyz",Banking Scam,original,
ORIG_01723,N/A,[NAME].! Take on the challenge of Unibet's Daily Mission and earn up to 3000 pesos! Play and claim your rewards. uninowph0.com,Gambling Scam,original,
ORIG_01724,N/A,"[NAME]., UNIBET: Lifetime benefits. Share more, earn up to Php79,100! Use Gcash for easy transactions. Visit unibetrich0.com",Job Scam,original,
ORIG_01725,N/A,W19 Games pagbibigay ng regalo! Halina at manalo ng iPhone 14 Pro Max at 80P! http://tinyurl.com/2sk378zb,Gambling Scam,original,
ORIG_01726,N/A,"Sumali na sa W19 Games, palakihin ang GCash limit hanggang 500K, makakakuha ng 100P na bonus! Mag-click dito: tinyurl.com/5euvpskm",Prize Scam,original,
ORIG_01727,N/A,Ikaw ang swerteng tao! Libreng 100P mula sa W19 Games! Sumali at i-click tinyurl.com/yft84a9b,Gambling Scam,original,
ORIG_01728,N/A,"W19 Games Grand Prize: I-taas ang GCash limit sa 500K, manalo ng 100 na bonus! tinyurl.com/38yr8wbm",Prize Scam,original,
ORIG_01729,N/A,"[NAME]., Sabong lovers? W+ has incredible offers! Get daily unli rebate up to .6% & 7% daily Cashback up to 60K wplusdeals2.com",Gambling Scam,original,
ORIG_01730,N/A,Maligayang pagdating sa W19 Games! Rehistrado na at makakuha ng 50% dagdag na bonus! I-click dito: tinyurl.com/mrfvzpk8,Prize Scam,original,
ORIG_01731,N/A,Maglaro ng Small Win Big PANALOb3t Halika at kunin ang iyong 99p chips para kumita ng 20000p! v.ht/fXKVx,Raffle Scam,original,
ORIG_01732,N/A,Panal0 b e t! 99p s!gn up bonuz! w!n up 2 P10000! v.ht/h9FCj,Gambling Scam,original,
ORIG_01733,N/A,Congratulations You are the one lucky player to w1n up to 3888 P ! Only available today ! r3gister and cl@im n0w ! tinyurl.com/Ds895h,Gambling Scam,original,
ORIG_01734,N/A,Big offer for welcome back up to 50%! Screenshot this to W19 Games customer service to redeem! tinyurl.com/3zr8d7r6,Prize Scam,original,
ORIG_01735,N/A,Unclaimed 50% welcome back bonus alert! Screenshot this message and redeem it at W19 Games customer service! tinyurl.com/yvr5jz4z,Prize Scam,original,
ORIG_01736,N/A,"[NAME]., Experience a birthday like no other at SUGARPLAY with up to PHP99,999 Sugary Birthday Bonus! sugarbstakes1.com",Prize Scam,original,
ORIG_01737,N/A,Kunin ang iyong 50% deposit bonus cashback araw-araw sa W19 Games! Mag-apply sa CS ngayon! tinyurl.com/5Fcd2sms,Prize Scam,original,
ORIG_01738,N/A,"[NAME]. Hi there! Claim your PHP350,000 bonus at JACKPOTCITY Enjoy VIP UNIQUE conversion sign up now VIP URL: jpcroyal2.com",Gambling Scam,original,
ORIG_01739,N/A,"Lakers Vs Nuggets! Make your prediction at W19 Games NBA event and win up ?1,319,000,000! tinyurl.com/yf9burzr",Raffle Scam,original,
ORIG_01740,N/A,May seryoso akong sasabihin sayo! Maraming tao ang sumasali sa Panalobet para makakuha ng libreng 99peso! Huwag maghintay! Sumali sa amin: pb88ph.com/5a7,Gambling Scam,original,
ORIG_01741,N/A,Celtics VS Heats! Ang tamang hula ay maaaring magdulot ng higit sa 1 bilyong piso na panalo! tinyurl.com/y2msfexy,Gambling Scam,original,
ORIG_01742,N/A,"[NAME]., BETFIL presents the Accumulative Bonus! Collect and claim up to P77,777. Join us now! betfilslots2.com",Gambling Scam,original,
ORIG_01743,N/A,Welcome back bonus 50%! I-screenshot ang mensaheng ito sa customer service ng W19 Games para i-claim. tinyurl.com/4hd7yyam,Prize Scam,original,
ORIG_01744,N/A,Ikaw ang napili! I-screenshot ang mensaheng ito at ipakita sa customer service ng W19 Games para mag-claim. tinyurl.com/2fbzxsjx,Prize Scam,original,
ORIG_01745,N/A,"200% na cashback para sa mga bagong dating,hanggang P19800! Magparehistro at mag claim ngayon v.ht/ZhLIl",Prize Scam,original,
ORIG_01746,N/A,Be the luckiest one and claim your free ?777 only today! tinyurl.com/5afw2des,Prize Scam,original,
ORIG_01747,N/A,May seryoso akong sasabihin sayo! Maraming tao ang sumasali sa Panalobet para makakuha ng libreng 99peso! Huwag maghintay! Sumali sa amin: panalo89ph.com/5a7,Gambling Scam,original,
ORIG_01748,N/A,"[NAME]., Experience the thrill with 100% Welcome Bonus at JACKPOTCITY Play now and win Click here: jpcjili.com",Gambling Scam,original,
ORIG_01749,N/A,I have something serious to inform you! Many people are joining Panalobet to get free 99peso! Big Prizes is waiting for you! Join us: pb89ph.com/5a7,Prize Scam,original,
ORIG_01750,N/A,"You share , I gift ! W19 Games giveaway event , come and win an iPad now ! tinyurl.com/3f24umx9",Raffle Scam,original,
ORIG_01751,N/A,You are invited to be part of Panalobet! Over 5000 games here you can get 200% welcome bonus! Register now to get 99 signup bonus! Login: pb89ph.com/5a7,Prize Scam,original,
ORIG_01752,N/A,Mag-sign up ka lang at makakuha ng libreng bonus! Kakatanggap ko lang ng P5000! tinyurl.com/ykdh3n2p,Prize Scam,original,
ORIG_01753,N/A,"W19 Games offers 100% na cashback para sa mga bagong dating, hanggang ?19800! Magparehistro at mag-claim ngayon! tinyurl.com/4fjnb6nj",Prize Scam,original,
ORIG_01754,N/A,Mayroon kang 100% na bonus sa iyong unang pag-load?! Magrehistro na ngayon at lumipad ang iyong kita! tinyurl.com/5y5nkedp,Prize Scam,original,
ORIG_01755,N/A,"Hello, new free money bonus 777 with no deposit condition, please login http://5s30c.com to get free money 777 now",Prize Scam,original,
ORIG_01756,N/A,"Masaya ang paglalaro sa W19 Games, kaya mag-imbita ng kaibigan at kumita ng premyo nang walang hassle! tinyurl.com/W19sm02",Gambling Scam,original,
ORIG_01757,N/A,Nagkakaproblema ba kayo sa ibang mga sites o platform? Slow Cash-in Cash-out? Hassle pa! Kaya dito na kayo sa Q25! Lahat may premyo and bonus! q2549.xyz,Prize Scam,original,
ORIG_01758,N/A,"BDO Alert: Your account is temporarily on-hold, due to security purposes. Kindly verify here https://sprl.in/BDOVerification",Banking Scam,original,
ORIG_01759,N/A,Pagsimulan na ang iyong adventure sa W19 Games! May 100% na bonus sa unang load mo kapag nag-sign up ka!w19s11.xyz,Prize Scam,original,
ORIG_01760,N/A,"[NAME].,Sign up here at uninowph.com ,verify your account and Make a DEPOSIT using your GCASH and receive 3% BONUS!",Prize Scam,original,
ORIG_01761,N/A,"W19 Games offers 100% na cashback para sa mga bagong dating, hanggang P19800! Magparehistro at mag-claim ngayon! https://v.ht/XW-S2T",Prize Scam,original,
ORIG_01762,N/A,"[NAME]., Looking for something to sweeten up your day? Play at SUGARPLAY & get FREE PHP150 EVERY DAY! sbdito2.com",Gambling Scam,original,
ORIG_01763,N/A,"Dear user, your account has a cash deposit of 199 P, please log in; (https://re422.buzz ) To Receive",Prize Scam,original,
ORIG_01764,N/A,"Dear user, your account has a cash deposit of 199 P, please log in; https://www.fse281.xyz To Receive",Prize Scam,original,
ORIG_01765,N/A,"GCASH: Your account is temporarily on-hold, due to security purposes. Kindly verify here https://sprl.in/AppGCash",Banking Scam,original,
ORIG_01766,N/A,"Dear user, your ac count has a cash deposit of 199 P, please log in; https://www.adfhg.xyz To Receive",Prize Scam,original,
ORIG_01767,N/A,"[NAME]., Get up to Php30,000 Cashback only here at W+! Dont miss out a chance to recieve 7% Daily Cashback! Get yours now! wpdraw2.com",Prize Scam,original,
ORIG_01768,N/A,[NAME]. Register and Enjoy BLAST daily cashback upto PHP888 only JACKPOTCITY! Dont miss the chance visit jpccasino3.com,Gambling Scam,original,
ORIG_01769,N/A,"[NAME]., Get money here and double it! Play the Lucky Wheel and win up to 5,000! Visit us! unibetluck.com",Gambling Scam,original,
ORIG_01770,N/A,"Dear user, your account has a cash deposit of 199 P, please log in; https://www.tgrt.buzz To Receive",Prize Scam,original,
ORIG_01771,N/A,"""Sumali na! Makakahanap ka ng excitement sa electronic games, slot machines, at fishing games. Mag-register ngayon at makakuha ng 100% na bonus hanggang P19800!""w19games.ph/4Ewc2de",Gambling Scam,original,
ORIG_01772,N/A,"100% na cashback para sa mga bagong dating, hanggang P19800! Magparehistro at mag-claim ngayon! w19games.ph/4Dcv2xw",Prize Scam,original,
ORIG_01773,N/A,"Hello, new free money bonus 1800 with no deposit condition, please login https://www.sdfdi92.com to get free money 1800 now",Prize Scam,original,
ORIG_01774,N/A,Mag-register ngayon at makakuha ng 100% na bonus hanggang P19800 sa electronic games at slot machines! w19games.ph/3Tyu4xw,Gambling Scam,original,
ORIG_01775,N/A,"In COD63 New User Regisrration Gift 178 Pesos Firse Recharge Get 10k Pesos Open Google Search""COD99CO"" Link cod1.club",Prize Scam,original,
ORIG_01776,N/A,"Top casino bingo, slots, proxy promosyon magpadala ng cash 66 (http://pkmf.xyz )",Gambling Scam,original,
ORIG_01777,N/A,"Hi, immediately withdraw 5888 p for free. login. https://fa34.live",Prize Scam,original,
ORIG_01778,N/A,"W19 Games unang pagcharge may 100% cashback, maaari kang makatanggap ng hanggang 19800P, magmadali at mag-claim na! w1906b.xyz",Prize Scam,original,
ORIG_01779,N/A,[NAME].! Win a Different prizes at unibetbonu1.com Deposit now to get a Real-time Rebate of up to 1%-1.5.,Raffle Scam,original,
ORIG_01780,N/A,?gamebet?Nakarehistro sa ?8888 https://gamebet.li/yeo,Gambling Scam,original,
ORIG_01781,N/A,?gamebet?Nakarehistro sa ?8888 https://gamebet.li/g0g,Gambling Scam,original,
ORIG_01782,N/A,Nakarehistro sa 8888 https://gamebet.li/qk0,Gambling Scam,original,
ORIG_01783,N/A,"Super high return, click to register para makakuha ng 18p, at may mga aktibidad sa ahensya http://jl7778.ph",Job Scam,original,
ORIG_01784,N/A,"Hello, new free money bonus 1998 with no deposit condition, please login https://un253.buzz to get free money 1998 now",Prize Scam,original,
ORIG_01785,N/A,"Register will get 18p ,all variety of games. exceeding the explosion rate, waiting for you http://jl7779.ph",Gambling Scam,original,
ORIG_01786,N/A,"Hello, new free money bonus 1800 with no deposit condition, please login https://lo40.today to get free money 1800 now",Prize Scam,original,
ORIG_01787,N/A,"100% na cashback para sa mga bagong dating, hanggang P19800! Magparehistro at mag-claim ngayon! w19902.xyz",Prize Scam,original,
ORIG_01788,N/A,"Hi, no deposit, free 1999 P bonus, please login https://kl544.today",Prize Scam,original,
ORIG_01789,N/A,"[NAME].! Sign up now at unibetwins0.com & Claim up to Php5,555 By Continuous sign-in rewards. Sign up now",Prize Scam,original,
ORIG_01790,N/A,"[NAME]., BETFIL's bonus system is unbeatable! User vic***in won P113,400 with BETFIL's daily bonus. betffilph2.com",Raffle Scam,original,
ORIG_01791,N/A,"[NAME]., BETFIL gives you 120% WELCOME BONUS! Claim up to PHP2,400 & play JACKPOT FISHING! betffilph1.com",Gambling Scam,original,
ORIG_01792,N/A,"[NAME]., Hello! W+ offers DAILY SPECIAL BONUS to all players! Come & Get PHP7,777! wplusfun.com",Gambling Scam,original,
ORIG_01793,N/A,C0ngratulat1on https://yd434.xyz 1kaw @ng masuwerteng nanal0 m@g s1gn up at kun1n @ng P 1999 ngay0n,Prize Scam,original,
ORIG_01794,N/A,Google Search ACEPH99ASIA for FREE credit 90p!,Prize Scam,original,
ORIG_01795,N/A,C0ngratulat1on https://yd434.info 1kaw @ng masuwerteng nanal0 m@g s1gn up at kun1n @ng P 1999 ngay0n,Prize Scam,original,
ORIG_01796,N/A,"GCASH: Your account is temporarily on-hold, due to security purposes. Kindly verify here https://mub.me/AppsGCashLogin",Banking Scam,original,
ORIG_01797,N/A,C0ngratulat1on https://bm672.info 1kaw @ng masuwerteng nanal0 m@g s1gn up at kun1n @ng P 1999 ngay0n,Prize Scam,original,
ORIG_01798,N/A,"Hello, new free money bonus 800 with no deposit condition, please login https://www.d02k0d.com/?a=134851 to get free money 800 now",Prize Scam,original,
ORIG_01799,N/A,"Happy Birthday, NEMIA! May this year be filled with joy and success for you. Thank you for the 30 years of continuous support, ka-Cebuana!",Government Spoofing,original,
ORIG_01800,N/A,No BMW X5 winner at BETFIL yet! Grab the car of your dreams! Play today! betfillmanalo.com,Gambling Scam,original,
ORIG_01801,N/A,"[NAME]., Easy Play and earn! Sign up to get your 100% Welcome bonus! 5,000 Max bonus! Click here. duopromo1.com",Gambling Scam,original,
ORIG_01802,N/A,"Free 880, get it for free, please log in to https://ty9445.com/?a=74043 to get 880! First come first served!",Prize Scam,original,
ORIG_01803,N/A,"[NAME]., Use your first deposit wisely! Receive a 100% welcome BONUS up to P2000 at Jackpot City! jackpotnowcity10.com",Gambling Scam,original,
ORIG_01804,N/A,"Hi [NAME]., kamusta ka na? Win big with SBet's unlimited REBATE up to 1.5%. Play now! sbetdito11.com",Gambling Scam,original,
ORIG_01805,N/A,"[NAME].,Play here at Winning Plus! Slot and fishing games and your Claim 3% GCASH BONUS now! winningplusph.com",Gambling Scam,original,
ORIG_01806,N/A,"Good day [NAME]., Great deals to make money ! win upto 1888 Fortune lucky wheel spin! Play now duopromo1.com",Gambling Scam,original,
ORIG_01807,N/A,"Hello, 500 to 500 p to you, click; https://www.hdg15uh.com to get free money 500 now",Prize Scam,original,
ORIG_01808,N/A,"Hi i'm Atty:Gerardo V.Maglinao Ma'am/sir! U'r Sim no. Had Won! Php480,000,00+Acer Laptop From:KOPIKO MAGKAPERA 4 To Claim. Pls sent U'r full Name: Add: Age: Gender: Work:",Job Scam,original,
ORIG_01809,N/A,"[NAME]., Win brand new LOUIS VUITTON NANO Speedy Bag at W+! Play and get Free PHph20 Bonus! Sign up now wplusph.com",Gambling Scam,original,
ORIG_01810,N/A,"Good morning [NAME]., Recruit Player Now To get 1000 for each ! Visit OUR VIP PLAN REWARD & 2.5% PROMOTION ! unibetnow1.com",Gambling Scam,original,
ORIG_01811,N/A,"[NAME]., Register now and Cash in to claim up to P6,660 Welcome Bonus of 120% at buobetpromo.com",Prize Scam,original,
ORIG_01812,N/A,"[NAME]., HONDA CBR150R can be yours! Join Panagbenga Festival Wagering Tournament now here in W+ ! Sign up and bet now wplusp8.com",Gambling Scam,original,
ORIG_01813,N/A,"Hello, new free money bonus 800 with no deposit condition, please login https://www.aq1558.com/?a=101569 to get free money 800 now",Prize Scam,original,
ORIG_01814,N/A,"Happy day! [NAME]., Tell a friend right away to receive 30% Profit and a FREE P1000! Open VIP PLAN To Get Bonuses! unibetnow.com",Prize Scam,original,
ORIG_01815,N/A,"JP7 Daily L0g-in get f*ee Bo/nus 99-P, Claim Now: jp7.site/bc nNBA",Prize Scam,original,
ORIG_01816,N/A,"Get 1500 P for free, click; https://www.ba11365.com/?a=102358",Prize Scam,original,
ORIG_01817,N/A,"[NAME]., Enjoy and Feel the LOVE with this FEB-IBIG! Deposit up to minimum of Php 200 and get a chance to win Tiffany & Co. Jewerly Couple Rings only in JACKPOTCITY! Hurry up and visit us jackpotcitywin888.com",Gambling Scam,original,
ORIG_01818,N/A,"[NAME]., Visit here at Sbet the #1 trusted platform here in Philippines and enjoy your Unlimited rebate anytime up to 1.5%. Sign up now here: sbetbigwin.com",Gambling Scam,original,
ORIG_01819,N/A,"Hi [NAME]., You Got Chance to win Tiffany&Co. Jewerly Couple Ring At Jackpotcity Join And Play And Win Other Prizes ! visit now jackpotcityluck777.com",Gambling Scam,original,
ORIG_01820,N/A,won 3000 p a day?click; https://www.taya3651.com/?a=101202,Raffle Scam,original,
ORIG_01821,N/A,"[NAME]., All hot games like slot machine,live casino and more games you are looking for is in here! Register now here at JACKPOT CITY the most stable network and popular online gaming platform and get your welcome bonus up to P1,000 once you get register jackpotcitywinrich.com",Gambling Scam,original,
ORIG_01822,N/A,"Get 500 P for free, click; https://www.taya363.com/?a=102361",Prize Scam,original,
ORIG_01823,N/A,"Get 500 P for free, click; https://www.taya362.com/?a=101569",Prize Scam,original,
ORIG_01824,N/A,F'R'EE P88 from PANAL0B'E.T for happy new year!! Reg!ster: pa-nalo.com/b12,Gambling Scam,original,
ORIG_01825,N/A,"[NAME]., Make every moment count ! Stable server only here in JACKPOTCITY! Win an Iphone 14PROMAX! Visit and Sign up nØw. jackpotcityluckly.com",Gambling Scam,original,
ORIG_01826,N/A,"[NAME]., Real time BETTING & Real time WINNING on our LIVE GAMES at JACKPOT CITY! Sign up now and Enjoy your 100% WELCOME B0NUS, And have a chance to win iPhone 14PRO MAX. jackpotcity20bonus.com",Gambling Scam,original,
ORIG_01827,N/A,"[NAME]., Looking for much fun Games with huge prizes? Join W+ to get a chance Iphone 14PROMAX and more! winplus7500bonu.com",Prize Scam,original,
ORIG_01828,N/A,"[NAME]., Join the raffle draw at SBET! 1raffle entry for 2,000php only and you can have a chance to win the NEW iPad Air(64)GB and more! sbetlucku.com",Gambling Scam,original,
ORIG_01829,N/A,"[NAME]., Let's wine up! And get your daily deposit bonus up to P8,000 cash here in JACKPOT CITY! Sign up nØw! jackpotcity20bonu.com",Gambling Scam,original,
ORIG_01830,N/A,"[NAME]., Luckiest website is Winningplus! Sign up now to get 100% Casino welcome bonus up to P5,000! Play now! winningplus7500free.com",Gambling Scam,original,
ORIG_01831,N/A,"[NAME]., The best deals in playing casino is here on Winning plus! Get your 100% CASINO WELCOME BONUS! upto P5,000+ Play now! winplusph7.com",Gambling Scam,original,
ORIG_01832,N/A,"[NAME]. Get your all prizes here on W+! Just register and Claim your 100% CASINO WELCOME BONUS! upto P5,000+ Register now for free! wplus8rich.com",Gambling Scam,original,
ORIG_01833,N/A,Come to open an account and receive 50MBG airdrop coins for free!Google play or APP store search for mybitglobal to download apps,Gambling Scam,original,
ORIG_01834,N/A,Happy Monday Lodi! Lunes na at 5 days nalang pasko na! Maraming handog na pamasko ang breakingnewsmanila.com/Game sayo! Ayain ang barkada at mag register na!,Commercial Spam,original,
ORIG_01835,N/A,Tuesday na! Bigyan natin ng suwerte ang araw mo ngayon! Dahil dito kay bartargame.com/Live may Daily B0nu$ at chance mo pa mag T0P 1! Pinipilahan ng lahat!,Gambling Scam,original,
ORIG_01836,N/A,sCOD63 Is Best Online Casino in The Philippines.Register Now FREE 178 BONUS.24/7 Immediate Cash In/Out.More Promotions cod55.cc,Gambling Scam,original,
ORIG_01837,N/A,"Browser input: https://95M.App Online cockfighting game. Deposit 50 peso to withdraw 100 peso immediately. If you lose, you can reapply for 50 peso.",Gambling Scam,original,
ORIG_01838,N/A,"[NAME]. Be the First Winner on W+ and Get 8888 FREE Bonus today! Register & Join us now! winplus8888.com/8888BONU QfdZ713""",Raffle Scam,original,
ORIG_01839,N/A,"[NAME]. ! Receive a free 8888 bonus today at W+! Register and Play now! w42u.com/HOT8888 QfdZ713""",Gambling Scam,original,
ORIG_01840,N/A,[NAME]. !Winning+ Giveaway!Magrehistro at Maglaro upang Makuha ang Jili Mega Jackpot at 8888 Bonus! wbonu.com/8888WIN,Gambling Scam,original,
ORIG_01841,N/A,"Mga boss, ngayon ang iyong masuwerteng araw, i-click upang makakuha ng 10 dolyar nang libre!.Google play or APP store search for mybitglobal to download apps",Gambling Scam,original,
ORIG_01842,N/A,"[NAME]. !Maglaro ng T1BET SPIN game at makakuha ng 3000 welcome bonus ngayon! Ngayon laro ng SPIN, gamet1bet.com/T1WIN",Gambling Scam,original,
ORIG_01843,N/A,[NAME]. !Nagbabagang kaganapan sa Winning+ Mag rehistro at Kuhanin ang Jili Mega Jackpot at 8888 Bonus! wppremyo.com/LUCK8888,Gambling Scam,original,
ORIG_01844,N/A,[NAME]. ! Ang unang SPIN gaming site! Sumali s T1BET at makakuha ng 3000 bonus at 50 libreng SPIN!gamet1bet.com/T1WIN,Gambling Scam,original,
ORIG_01845,N/A,[NAME]. ! Subukan ang mga pasabog ni W+ CASH SPLASH! Baka ikaw na ang MANALO ng 10M Prizepool at makatanggap ng 8888 bonus! wlove14.com/WIN14MAX,Prize Scam,original,
ORIG_01847,N/A,CASH SPLASH EVERYDAY at 10M Prizepool ang mga papremyo! Manalo sa W.PLUS [NAME].! ! Halina't maglaro at kumuha ng 8888 na bonus wlove14.com/WIN14MAX,Prize Scam,original,
ORIG_01848,N/A,[NAME]. !Libreng 5500 at libreng SPIN na laro sa W+! Mag-sign up para manalo ng IPHONE14PROMAX sa W+! win14pro.com/14PROMAX,Gambling Scam,original,
ORIG_01849,N/A,"[NAME]. ! Ang pinakamainit na trend, iniimbitahan ka ng T1BET na panoorin ang maapoy na larangan ng digmaan sa NBA! Mag-sign up para makakuha ng 3000 bonus at higit pa! t1bet123.com/T1BEST",Gambling Scam,original,
ORIG_01850,N/A,"Ang sikreto sa paggawa ng pera, makipag-ugnayan sa amin para turuan ka ng mga hakbang!/WhatsApp1 +639851908573 WhatsApp2 +639817102187",Job Scam,original,
ORIG_01851,N/A,[NAME]. ! Padalhan ka ng 5500 at libreng SPIN na laro sa W+! Halika at manalo ng IPHONE14PROMAX ngayon sa W+ win72u.com/14PROMAX,Gambling Scam,original,
ORIG_01852,N/A,[NAME]. ! Padalhan ka ng 5500 at libreng SPIN na laro sa W+! Halika at manalo ng IPHONE14PROMAX ngayon sa W+!wpw7n.com/14PROMAX,Gambling Scam,original,
ORIG_01853,N/A,"Back to reality na ulit, Work Work Work, Pag stress kana at gusto mo mag enjoy ang philexpress.news/Live bahala sayo,",Job Scam,original,
ORIG_01854,N/A,[NAME]. Maglaro ng W+ pagkatapos ng trabaho! Manalo ng IPHONE PROMAX 14 at iba't ibang reward! Magrehistro para makakuha ng 5500! win8plus.com/14PROMAX,Prize Scam,original,
ORIG_01855,N/A,"h. Libreng 48-888 bonus, withdrawable funds, magmadali, 75932.cz",Prize Scam,original,
ORIG_01856,N/A,"Mag-e-expire ang iyong cash reward sa 00:00, halika at kolektahin ito!http://pxpfs4zn.uk5g1m.com/d1e7l?c=1",Prize Scam,original,
ORIG_01857,N/A,Telegram code: 53798 You can also tap on this link to log in: https://t.me/login/53798 oLeq9AcOZkT,Job Scam,original,
ORIG_01858,N/A,"[NAME]., Maglaro ng W.PL5SS para makakuha ng IP14P7M7X! Magrehistro para makakuha ng 5179 da'jiang at 2.5% na bonus! w22pl7s.com/W74U",Prize Scam,original,
ORIG_01859,N/A,"Pinakabagong event, magrehistro at may ¤10 http://yralk3.com",Gambling Scam,original,
ORIG_01860,N/A,"[NAME].,Mahirap kumita ng pera, bilisan magbukas ng account, bigyan ka muna ng ¤10 http://lais7m.com",Investment Scam,original,
ORIG_01861,N/A,"[NAME]. Kunin ang pera magtrade at magipon ng ¤20,000 https://fxtrade.onelink.me/OCGP/bwxxmns7",Investment Scam,original,
ORIG_01862,N/A,"Isang click magbukas ng account! Isang click para manalo sa simula, Sali na https://t.co/zpeQcRpTPz",Gambling Scam,original,
ORIG_01863,N/A,"4 PCS SOLAR LIGHTS FOR ONLY 1,499 ! CLICK HERE TO BUY --> https://s.lazada.com.ph/s.UXHEg BUY 2 TAKE 2 TODAY ONLY ! YES ! APAT NA PIRASONG SOLAR NAPAKAMURANG HALAGA ! Pinaka mura na Solar sa Market ! BILI NA ! PAKI-CLICK ANG LINK SA TAAS PARA MAKITA ANG PRESYO AT PICTURES. LED Super Bright Motion Sensor Lights Waterproof and Wireless TIPID SA KURYENTE !! IWAS MAGNANAKAW AT AKYAT-BAHAY SA GABI !!",Commercial Spam,original,
ORIG_01864,N/A,Hi [NAME]. Your Order is Confirmed. Please Do Not Order Again On Our Website. Free Ship & Receive After 4-8 Days. COD Hotline 09276684198,Prize Scam,original,
ORIG_01865,N/A,SMARTAlert: 09519418906 is requesting for you to Pasaload P5. Any reply after 12 midnight will be disallowed. Please reply with <YES> or <NO>,Pasaload Scam,original,
ORIG_01866,N/A,"Pi is a new digital currency developed by Stanford PhDs, with over 25 million members worldwide. To claim your Pi, follow this link https://minepi.com/sethamiel and use my username (sethamiel) as your invitation code.",Prize Scam,original,
ORIG_01867,N/A,"HALOCELL: Here is your Halocell content for the day: https://7me.co/dl/ETMC5cA You have been charged P5.00 for this. To opt out for free, reply PLAY OFF.",Gambling Scam,original,
ORIG_01868,N/A,"No need to go out work, just at home to earn 3,000-10000PHP a day, please contact us viber:9983226704",Job Scam,original,
ORIG_01869,N/A,"SMSCaster.com: Hi,I have an urgent noble project to discuss with you,kindly contact me by email : hanter09@hotmail.com , I wait ur urgent response.",Job Scam,original,
ORIG_01870,N/A,"We received an ADD DEVICE request from your account. If you made this request, reply ADD DEVICE within 2 minutes, and we'll send you a One-Time PIN. If you didn't make this request, please call BDO at (02)8631-8000. If you are overseas, please text ADD DEVICE to +639176376564 within 2 minutes to get your One-Time PIN. Roaming charges apply.",Banking Scam,original,
ORIG_01871,N/A,"Shopee-Info: Dear Christopher, you are on our winners list today in Midsayap - Request your prize here: ilsj.me/VieUb",Raffle Scam,original,
ORIG_01872,N/A,Federal Partylist,Government Spoofing,original,
ORIG_01873,N/A,Build Build Build,Commercial Spam,original,
ORIG_01874,N/A,luckyphil.com/login,Gambling Scam,original,
ORIG_01875,N/A,Internal Revenue Advisory: Case #PH-2026-993X has been filed against your registered name due to unpaid tax liabilities and penalties. To view the assessment and settle your balance online to avoid legal action: http://t6m681.com,Government Spoofing,original,
ORIG_01876,N/A,"Earn passive income everyday! Turn your ?1,000 into ?5,000 in just 3 days using our automated AI trading bot. SEC registered with 100% guaranteed daily payouts via GCash. Start investing today: http://fdsv01.site",Investment Scam,original,
ORIG_01878,N/A,wplus4you.com/IBIG3Y,Investment Scam,original,
ORIG_01879,N/A,http://supergaming.guest/T2D,Gambling Scam,original,
ORIG_01880,N/A,"Congratulations! Ang inyong mobile number ay nanalo ng ?500,000 Grand Prize mula sa Handog Pamasko Raffle (DTI Permit #0429). Upang makuha ang inyong premyo, mag-register dito sa ating official portal: http://1swgkx.com",Prize Scam,original,
ORIG_01881,N/A,http://gaming63.shop/7iu,Gambling Scam,original,
ORIG_01882,N/A,"Approved ka na! Approved for up to ?3,000,000 housing/personal loan with low 1% monthly interest to get your dream Pasay condo near MOA. No collateral or payslip needed. Click here to settle the ?1,500 processing fee and release your cash instantly via GCash: http://lfhh5x.com",Loan Scam,original,
ORIG_01883,N/A,wplusb3t4you.com/P2n2-Ng-Sw3rt3,Gambling Scam,original,
ORIG_01884,N/A,"Alert! Your package delivery is currently on hold due to an unpaid handling fee/COD balance of ?85.00. To avoid automatic cancellation, settle your balance online now: http://t-t.ink/0kGri",Delivery Scam,original,
ORIG_01885,N/A,"Final Notice: We have detected a pending traffic violation recorded under your plate number. Failure to settle your P2,500 penalty within 24 hours will result in the suspension of your driver's license. Pay immediately via: https://t.hxfxph.com/YNOko",Government Spoofing,original,
ORIG_01886,N/A,bit.ly/BingoplusPHAPP,Gambling Scam,original,
ORIG_01887,N/A,Hello! We saw your resume and think you'd be a great fit for a remote Data Optimizer role with our company. Earn $50-$500 daily for 60 mins of work. Base salary is $950 every 4 days. No interview needed. Send email at mrjohnmast.international@gmail.com,Job Scam,original,
ORIG_01888,N/A,egamesph.com/login,Gambling Scam,original,
ORIG_01889,N/A,https://t.ly/gcash.com,Bank Scam,original,
ORIG_01890,N/A,https://gamings63.pics/tBO,Gambling Scam,original,
ORIG_01891,N/A,onlinebet.ph/LiveDealer,Gambling Scam,original,
ORIG_01892,N/A,"Urgent Hiring! An international digital marketing agency based in Australia is looking for Filipino virtual assistants, customer service representatives, and encoders. Earn up to ?65,000/month with full HMO. No experience required. To secure an online interview slot, email your application to mr.brettflanagan72@gmail.com today.",Job Scam,original,
ORIG_01893,N/A,http://2xnvte.com,Gambling Scam,original,
ORIG_01894,N/A,"Congratulations! As part of our Top Active User program, your mobile number has been awarded a ?15,000 Voucher Prize + 1,000 bonus points. To claim and reflect this directly to your balance, verify your wallet here: http://5irpkseo.com",Prize Scam,original,
ORIG_01896,N/A,"Ang inyong parcel na may Tracking No. JT-9102-PH ay kasalukuyang naka-hold sa aming hub dahil kulang ang House Number sa inyong delivery address. Upang maiwasan ang RTS (Return to Sender), paki-update ang inyong detalye rito ngayon: http://fdsv03.site",Delivery Scam,original,
ORIG_01897,N/A,"We detected a suspicious login attempt and an outgoing transfer of ?14,500.00 to an unverified Maya account from your mobile banking app. If this was not you, temporarily lock your account and cancel the transaction immediately here: http://fdsv05.site/",Bank Scam,original,
ORIG_01898,N/A,"Congratulations! Approved ka na para sa iyong instant personal loan up to ?35,000. 0% interest for the first 30 days, No Payslip & No ID required! To transfer your cash straight to your GCash or Maya wallet, claim it here: https://t.hxfxph.com/MRGG0",Loan Scam,original,
ORIG_01899,N/A,"May emergency ba? Approved ka na para sa ?25,000 Instant Cash Loan! 0% interest at walang hidden fees for first-time borrowers. Hindi kailangan ng collateral o company ID. I-click ang link para ma-receive ang pera sa iyong GCash/Maya ngayon: https://fdsv02.site",Loan Scam,original,
ORIG_01900,N/A,"Remote Job Opening! A US-based digital agency is looking for Filipino Virtual Assistants and Data Encoders. Salary starts at ?45,000 to ?70,000/month with complete HMO and weekend off. No prior experience required as training is provided. To schedule an online interview, email your CV to gregr1914@gmail.com",Job Scam,original,
ORIG_01901,N/A,Notice! Final day to claim your raffle prize. Your account won a brand new Samsung Galaxy S26 Ultra from our Mega Shopping Festival. Complete the delivery form and settle shipping fees here: https://t.co/FRrSPIxHzR,Prize Scam,original,
ORIG_01902,N/A,Legit message from Robocash,Raffle Scam,original,
ORIG_01903,N/A,"Secure your future. Pool your capital into our sustainable poultry and livestock farming projects and earn a fixed 30% monthly return. Zero risk, fully managed by agricultural experts. Review our payout ledger and invest here: http://fdsv01.site",Prize Scam,original,
ORIG_01904,N/A,"Maya_Rewards: Account Advisory! Your registered mobile wallet number was chosen in our Mid-Year Mystery Box Draw. You won an instant ?25,000 Cash Credit directly to your balance. Tap the link to confirm your identity and claim your prize: https://bit.ly/8LaoyaTa",Prize Scam,original,
ORIG_01905,N/A,egames.ph/login,Gambling Scam,original,
ORIG_01906,N/A,"Urgent System Advisory: Ang inyong mobile number ay pansamantalang naka-hold dahil sa hindi tugmang impormasyon sa inyong SIM Card Registration. Upang maiwasan ang permanenteng deactivation ng inyong linya sa loob ng 24 oras, i-update ang inyong Government ID rito: citly.me/CzP87",Government Spoofing,original,
ORIG_01907,N/A,http://abgaming.art/IRW,Gambling Scam,original,
ORIG_01908,N/A,"Ang iyong parcel tracking #JT-8821-MN ay pansamantalang naka-hold sa aming local hub dahil kulang ang house number sa iyong profile. Upang maiwasan ang automatic Return to Sender (RTS), paki-update agad ang iyong delivery information dito: https://cutt.ly/aZNsuRp",Delivery Scam,original,
ORIG_01909,N/A,"Congratulations! Your mobile number was drawn as the 2nd Prize Winner in our 2026 Nationwide Loyalty Loyalty Draw. You won a brand new iPhone 16 Pro Max + ?50,000 cash (DTI Permit #9941). To claim your digital voucher code, register now: https://bit.ly/3AhQCjR",Raffle Scam,original,
ORIG_01910,N/A,"Palaguin ang iyong ipon gamit ang aming automated AI trading! Turn your ?1,000 into ?6,000 in just 48 hours. SEC-registered with guaranteed daily payouts directly to your GCash or Maya wallet. Zero risk involved. Start investing today: http://09770263928.site/bzeS1J",Investment Scam,original,
ORIG_01911,N/A,"Get ?300 FREE SIGN-UP BONUS instantly! Spin the reels on the most popular local slots, baccarat, and live color games. Super fast cash-in and cash-out via GCash within 2 minutes. No deposit required to play. Register your account now: https://bit.ly/3byYquQ",Gambling Scam,original,
ORIG_01912,N/A,"We detected a highly suspicious login attempt and an unauthorized outgoing transaction of ?18,500.00 to a third-party wallet from your online banking app. If you did not authorize this, please secure your account and reverse the transfer immediately: https://t.hxfxph.com/YP1WL",Bank Scam,original,
ORIG_01913,N/A,"Urgent Reminder! Your SIM card profile has failed the mandatory compliance verification under the SIM Card Registration Act (RA 11934). To prevent permanent network deactivation and penalties within 12 hours, upload your valid Government ID here: https://linnki.in/EFwpizPQu",Government Spoofing,original,
ORIG_01914,N/A,"Malaking Pagbati! Ang iyong account ay napili sa aming Mid-Year Shopee Shake-and-Win Promo at nanalo ng ?150,000 Cash Grand Prize. Upang maproseso ang pag-remit ng iyong premyo diretso sa iyong bank account, mag-verify ng detalye rito: http://fdsv14.online",Prize Scam,original,
ORIG_01915,N/A,cutt.ly/BingoplusPH,Gambling Scam,original,
ORIG_01916,N/A,Final Notice! You have 24 hours remaining to claim your electronic raffle prize. Your active shopping profile won a brand new Honda Click 125i motorcycle from our anniversary festival. Complete the shipping form to secure your slot: http://aq63xi.com,Raffle Scam,original,
ORIG_01917,N/A,"Good day! Our HR team reviewed your resume and we are happy to offer you a part-time Virtual Assistant position. Earn ?2,000 to ?5,000 daily working just 2 hours from home using your phone. To receive your digital contract and task guide, email us at: rainerhillebrn22@outlook.com",Job Scam,original,
ORIG_01918,N/A,"Urgent Hiring! An international digital marketing agency based in Australia is looking for remote data entry specialists and encoders in the Philippines. Salary starts at ?45,000/month with full HMO benefits. No experience required. Email your application to: rst4406@gmail.com",Job Scam,original,
ORIG_01919,N/A,"Earn passive income dynamically! Make ?1,500 to ?4,000 daily just by helping merchants complete virtual order placements and liking platform videos. Spend only 15 minutes a day using your mobile device. Contact our manager for your ?200 signup bonus: http://5irpkseo.com",Investment Scam,original,
ORIG_01920,N/A,Weekend Promo Alert! Deposit ?100 and get an extra ?200 bonus package instantly. Enjoy the highest winning rates on local fishing games and live scatter slots. Secure transactions and direct GCash/Maya integration. Claim your lucky voucher now: t.ly/st777.vip,Gambling Scam,original,
ORIG_01921,N/A,"Due to our ongoing secure platform migration, all unverified online banking profiles will face temporary service restrictions by midnight. To maintain uninterrupted access to your funds and prevent card deactivation, update your security keys: gcxvd2ny.com",Bank Scam,original,
ORIG_01922,N/A,"Kumita ng extra ?1,500 hanggang ?5,000 araw-araw gamit ang iyong cellphone lang! Simple lang ang gagawin: tumulong mag-rate ng mga sikat na hotel at products online para sa mga merchant partners natin. May libreng ?200 onboarding bonus pagka-register mo. Simulan ang iyong passive income journey dito: wplus4you.com/IBIG3Y",Investment Scam,original,
ORIG_01923,N/A,"Ang iyong SIM card ay nabunot sa aming Nationwide Grand Raffle Draw at nanalo ng Brand New SUV plus ?500,000 cash. I-verify ang iyong lucky ticket dito: http://qldpmg.com",Raffle Scam,original,
ORIG_01924,N/A,Ang iyong account ay kwalipikado para sa aming Instant iPhone 15 Pro Max Surprise Gift! I-confirm ang iyong delivery details dito para maipadala ang premyo: http://fdsv11.info,Prize Scam,original,
ORIG_01925,N/A,"Ang iyong Credit Card Reward Points ay awtomatikong na-convert sa ?25,000 Cash Prize. I-credit ang premyo sa iyong bank account dito: http://taccmp5h.com",Prize Scam,original,
ORIG_01926,N/A,"Mayroon kang natitirang ?35,000 Loyalty Prize Reward sa iyong wallet. I-claim ang iyong cash reward ngayon: http://aq63xi.com",Prize Scam,original,
ORIG_01927,N/A,Binabati kita! Ang iyong SIM card ay kwalipikado para sa instant iPhone 15 Pro Max Surprise Prize. Tingnan dito: http://fdsv12.info,Prize Scam,original,
ORIG_01928,N/A,Magsisimula na ang 7.7 Mega Sale! Kumuha ng 100% Free Shipping vouchers nang walang minimum spend dito: bit.ly/LAZADAFREESHIPPING,Commercial Spam,original,
ORIG_01929,N/A,Flash Sale Alert! Up to 80% OFF sa mga trending outfits at gadgets ngayong weekend. I-add to cart na ang items gamit ang link: https://s.lazada.com.ph/s.UrR50,Commercial Spam,original,
ORIG_01930,N/A,Libreng ?100 registration bonus kapag nag-sign up ka ngayon! Maglaro ng slots at kulay-kulay para manalo: bit.ly/JB-Gaming,Gambling Scam,original,
ORIG_01931,N/A,"Kumita ng ?2,000 hanggang ?5,000 kada araw gamit ang iyong cellphone. Mag-send ng resume o mag-email sa dgeg824@gmail.com",Job Scam,original,
ORIG_01932,N/A,"Palaguin ang iyong ?1,000 at gawing ?10,000 sa loob ng 3 araw. Ligtas at garantisadong kita, mag-deposit lang sa: https://atebunny.com/en-US/account/deposit/bfcf27e2-8201-0000-0001-000040f1efd8",Investment Scam,original,
ORIG_01933,N/A,Instant cashout via GCash! 200% welcome bonus para sa unang deposit sa slots at baccarat: egamesph.com/login,Gambling Scam,original,
ORIG_01934,N/A,Ang iyong account ay pansamantalang na-restrict dahil sa kahina-hinalang login. I-verify ang iyong MPIN agad sa: https://t.ly/GCash.ph,Bank Scam,original,
ORIG_01935,N/A,Panoorin ang aming live stream ngayon para sa mga eksklusibong piso-sale items at discount codes! Pindutin ang link: https://ifunmada.page.link/DX,Commercial Spam,original,
ORIG_01936,N/A,Subukan ang iyong swerte sa pinakasikat na online sabong at slot machine sa Pilipinas. Mag-login at maglaro na: http://onlinebet.ph/game,Gambling Scam,original,
ORIG_01937,N/A,Huwag palampasin ang pagkakataong manalo ng jackpot ngayon! May free daily spins para sa lahat ng active players dito: accasino12.com/login,Gambling Scam,original,
ORIG_01938,N/A,PHGAMING CASINO: Mag-register ngayon at makakuha ng libreng ?150 welcome bonus! Mabilis na payout at cashout via GCash sa link na ito: http://phgaming.quest/wrl,Gambling Scam,original,
ORIG_01939,N/A,Pinakamabilis na payout sa GCash at Maya! Tayaan ang iyong paboritong PBA at NBA teams ngayong gabi sa: www.phbets.bet,Gambling Scam,original,
ORIG_01940,N/A,FLASH EXPRESS: Ang iyong parcel ay hindi maipadala dahil sa kulang o maling delivery address. Mangyaring i-update ang iyong detalye rito para mai-schedule ang delivery bukas: http://bitglobalgood.com,Delivery Scam,original,
ORIG_01941,N/A,Mag-register na at makakuha ng libreng ?88 chips para sa roulette at poker. Mag-log in na para magsimula: luckyphil.com/login,Gambling Scam,original,
ORIG_01942,N/A,Ang iyong account ay nangangailangan ng agarang KYC verification ayon sa patakaran ng BSP. I-update ang detalye rito: http://9dv1t8.com,Government Spoofing,original,
ORIG_01943,N/A,Pinakamataas na win rate ngayong araw! I-withdraw agad ang iyong panalo sa iyong GCash wallet: luckyphil.com/login,Gambling Scam,original,
ORIG_01944,N/A,"Ikaw ay kabilang sa mga makakatanggap ng ?5,000 pangkabuhayan financial assistance. I-verify ang iyong pangalan dito: http://ox4xtu.com",Government Spoofing,original,
ORIG_01945,N/A,Mayroon kang natitirang multa para sa hindi pa nababayarang traffic violation. I-settle ang iyong account sa portal na ito: http://t6m681.com,Government Spoofing,original,
ORIG_01946,N/A,Ang iyong monthly contribution at pension record ay nangangailangan ng muling pag-verify. Mag-login sa SSS link na ito: http://fdsv05.site,Government Spoofing,original,
ORIG_01947,N/A,"Aprubado ka para sa personal loan na nagkakahalaga ng hanggang ?150,000 na may mababang interes. I-claim ang loan dito: http://clickmetertracking.com/BDOVerify",Loan Scam,original,
ORIG_01948,N/A,Bagong update sa aming fishing games at color game! Mas malaki ang tsansa mong manalo ng grand prize ngayon: egamesph.com/login,Gambling Scam,original,
ORIG_01949,N/A,Huling araw na para isumite ang inyong Income Tax Return (ITR) nang walang penalty. Mag-file online sa link na ito: http://fdsv09.site,Government Spoofing,original,
ORIG_01950,N/A,Lahat ng manlalaro ay kinakailangang mag-verify ng kanilang valid ID para sa pambansang pagsubaybay sa online gaming: bit.ly/JB-Gaming,Government Spoofing,original,
ORIG_01951,N/A,SHOPEE x LAZADA 12.12 SALE! Up to 90% OFF + free shipping nationwide. Bili na bago maubos ang stocks: https://s.lazada.com.ph/s.UONbr,Commercial Spam,original,
ORIG_01952,N/A,"Earn P5,000-P50,000 daily sa crypto trading platform namin! Guaranteed ROI in 24hrs, walang risk. Mag-register agad: http://fdsv14.online",Investment Scam,original,
ORIG_01953,N/A,"BingoPlus Free P500 Credits! Mag-login at mag-spin para sa P1M jackpot. Tara, taya na: bit.ly/BINGOPLUS_PH",Gambling Scam,original,
ORIG_01954,N/A,BDO ALERT: Suspicious login detected sa account mo. I-verify ang OTP at password mo agad para hindi ma-block: http://fdsv03.online,Bank Scam,original,
ORIG_01955,N/A,Bingo Plus PH: P200 free bonus mo bilang new player! Tara laro na at panalo ka pa ng cash prizes: bit.ly/Bingo_PlusPH,Gambling Scam,original,
ORIG_01956,N/A,"BINGOPLUS LIVE NA! Real-time draws every 5 mins, mag-bet from P10 lang. Mag-register dito: cutt.ly/Bingoplus",Gambling Scam,original,
ORIG_01957,N/A,"Hi! We saw your resume online. We have a remote job opening, P1,500/day, 2hrs work lang. Send your CV at fleminggrey54@gmail.com para sa interview.",Job Scam,original,
ORIG_01958,N/A,"Congratulations! Napili ka sa GCash P5,000 cash reward promo. Claim mo na bago mag-expire: bit.ly/your5000reward",Prize Scam,original,
ORIG_01959,N/A,"Good day! May part-time online job opening kami, P2,000/day, work from home. Reply with name and age sa email: luedieed@gmail.com",Job Scam,original,
ORIG_01960,N/A,"DSWD NOTICE: Pinili ka bilang qualified beneficiary ng 4Ps cash assistance P15,000. Mag-register sa official portal: http://2xnvte.com",Government Spoofing,original,
ORIG_01961,N/A,"HIRING NA! Online encoder, P1,800/day, walang experience needed. Email name and contact sa HR: thesuperwoodhotel.uk@gmail.com",Job Scam,original,
ORIG_01962,N/A,J&T EXPRESS: Failed delivery attempt for your package today. Confirm your address dito para ma-reschedule: ndka832@gmail.com,Delivery Scam,original,
ORIG_01963,N/A,"PBGaming Casino: P1,000 welcome bonus + 100 free spins! Sign up now and start winning real cash: http://pbgaming.quest/G7ZpSj",Gambling Scam,original,
ORIG_01964,N/A,"Good day! HR ako from ABN Capital. May urgent opening kami, $50/hr remote work. Send CV sa abncapitalllcuae@gmail.com",Job Scam,original,
ORIG_01965,N/A,"You are our lucky winner today! Claim your P50,000 cash prize and iPhone 15 Pro. Redeem within 24hrs: http://pcplat.com",Prize Scam,original,
ORIG_01966,N/A,"Need pera agad? Loan up to P50,000, no collateral, approved in 5 mins! Apply online dito: http://lfhh5x.com",Loan Scam,original,
ORIG_01967,N/A,"JILI Casino Online: P777 free credits when you register! Spin the wheel, panalo ng cash agad: http://fdsv03.contact",Gambling Scam,original,
ORIG_01968,N/A,"GAMING63 Online Slots: Deposit P100, get P500 bonus! Live dealers 24/7, withdraw anytime: http://gaming63.pics/2Q3",Gambling Scam,original,
ORIG_01969,N/A,"SHOPEE FLASH SALE: 70% OFF sa gadgets, fashion, at appliances ngayong araw lang! Shop now: https://invol.co/clc31bs",Commercial Spam,original,
ORIG_01970,N/A,"LuckyPhil Casino: Welcome bonus P1,500 + daily cashback! Mag-login at mag-bet na para manalo: luckyphil.com/login",Gambling Scam,original,
ORIG_01971,N/A,"Casino Online PH: P2,000 free play credits ngayong gabi! Baccarat, slots, sabong. lahat may bonus. Tara: http://casino-online.beauty/tqd",Gambling Scam,original,
ORIG_01972,N/A,"EGAMES PH RAFFLE WINNER! Account mo napili sa monthly draw, P88,000 cash prize waiting. Login at i-claim agad: egamesph.com/login",Raffle Scam,original,
ORIG_01973,N/A,"Hi! HR ako ng legit online company. Hiring kami ng data entry staff, P1,500/day, 3hrs lang work. Send resume sa flanabret04@gmail.com",Job Scam,original,
ORIG_01974,N/A,"Good evening! May urgent vacancy kami for virtual assistant, P2,500/day, home-based. Email name and contact: santcarol18@gmail.com",Job Scam,original,
ORIG_01975,N/A,"Forex trading platform legit and tested! Invest P1,000, kita ka ng P10,000 in 7 days. Guaranteed profit, mag-register na: http://5irpkseo.com",Investment Scam,original,
ORIG_01976,N/A,Bilyonaryo.com TOP NEWS: Pinoy entrepreneurs nagyaman in 30 days! Read latest business deals and exclusive promos dito: bilyonaryo.com,Commercial Spam,original,
ORIG_01977,N/A,"PCPLAT Casino: Mag-deposit P200, get P1,000 playing credits! Slots, live dealer, sabong, lahat available 24/7. Tara: http://pcplat.com",Gambling Scam,original,
ORIG_01978,N/A,"Hiring online! P30,000-P80,000 monthly, no experience needed, flexible hours. Message kami sa Messenger: m.me/SuccessBusiness2021",Job Scam,original,
ORIG_01979,N/A,"Hello, I have a job offer for you. Remote position, USD 80/hr. Please email your CV: jamesbrannen4@hotmail.com",Job Scam,original,
ORIG_01980,N/A,"Online Casino PH official page! P500 free bonus pag mag-message, withdraw real cash. Chat na: m.me/743315033069588/",Gambling Scam,original,
ORIG_01981,N/A,"Greetings! I am an HR consultant offering a part-time online job, USD 100 daily. Send your details to DAVID.J.TURNER005@GMAIL.COM",Job Scam,original,
ORIG_01982,N/A,"Good day! May opening kami for online encoder, P1,800/day, walang exam. Reply sa email: caman6960234@gmail.com",Job Scam,original,
ORIG_01983,N/A,"CONGRATULATIONS! You won P75,000 sa Yandex Annual Cash Promo. Verify your number at claim now: bit.ly/yandex20221",Prize Scam,original,
ORIG_01984,N/A,"Need cash agad? Fast online loan up to P30,000, no requirements, approved in 10 minutes! Apply now with Link http://9dv1t8.com",Loan Scam,original,
ORIG_01985,N/A,"Bilyonaryo.com: Exclusive promo discounts on top brands! Sale up to 80% off, limited time only. Shop here: bilyonaryo.com",Commercial Spam,original,
ORIG_01986,N/A,"OnlineBet PH Live Game ngayong gabi! Sabong, basketball, slots, lahat may free credits for new players: onlinebet.ph/LiveGame",Gambling Scam,original,
ORIG_01987,N/A,"LAZADA PAYDAY SALE! 90% OFF sa fashion, gadgets, at home essentials. Free shipping nationwide: https://s.lazada.com.ph/s.UrR50",Commercial Spam,original,
ORIG_01988,N/A,"PMPLAY Casino Online: Welcome bonus P1,200 + free spins everyday! Mag-register at simulan ang panalo: http://Pmplay1.com",Gambling Scam,original,
ORIG_01989,N/A,"ACCASINO Live Dealer: P800 free credits pag mag-login ngayon. Baccarat, roulette, slots available 24/7: http://accasino12.com/login",Gambling Scam,original,
ORIG_01990,N/A,BPI ALERT: Unusual activity detected on your account. Verify your credentials immediately to avoid permanent suspension: http://2xnvte.com,Bank Scam,original,
ORIG_01991,N/A,"HXFX PH Trading: Earn 30% ROI weekly sa forex investment platform namin. Guaranteed returns, walang risk: https://t.hxfx-ph.com/YXJBO",Investment Scam,original,
ORIG_01992,N/A,"Hello, I have an urgent business proposal that will benefit you. It's really important that you should contact my email as soon as possible: diegomendoza326145@gmail.com",Job Scam,original,
ORIG_01993,N/A,"Hi dear, my name is Thina from Prime Lux Limited. You have been selected as one of our raffle winners for a cash reward of GBP 850,000. Kindly reply for claim details.",Raffle Scam,original,
ORIG_01994,N/A,BingoPlus PH: Lucky promo code activated! P777 free play credits for new members. Claim and win cash agad: bingoplus.com/?pal=1002723180,Gambling Scam,original,
ORIG_01995,N/A,METROBANK NOTICE: Your online banking access will be locked due to suspicious activity. Verify identity now: http://fdsv05.site,Bank Scam,original,
ORIG_01996,N/A,"MEGA888 Grand Opening Promo! Exclusive discounts and gift bundles for the first 1,000 customers nationwide. Shop now and save big!",Commercial Spam,original,
ORIG_01997,N/A,"Good day! May part-time online job opportunity, P2,000/day, home-based, walang experience required. Email for details: rp865233@gmail.com",Job Scam,original,
ORIG_01998,N/A,LuckyPhil Casino: Daily login bonus P500 + cashback weekly! Mag-login at mag-play para manalo ng real cash: luckyphil.com/login,Gambling Scam,original,
ORIG_01999,N/A,"LAZADA 11.11 MEGA SALE! Up to 95% off sa appliances, gadgets, fashion. Vouchers and free shipping waiting: https://s.lazada.com.ph/s.fJVYM",Commercial Spam,original,
ORIG_02000,N/A,"Hello! Great Travel Agency is hiring online travel coordinators, USD 90/day, work from home. Send CV to travels@greattravelagency.great-site.com",Job Scam,original,
ORIG_02001,N/A,"LAZADA 12.12 MEGA SALE! Up to 95% off sa fashion, beauty, at gadgets. Use vouchers for extra discount: https://s.lazada.com.ph/s.fJVYM",Commercial Spam,original,
ORIG_02002,N/A,"GREAT TRAVEL AGENCY PROMO: Cebu, Boracay, Palawan tour packages starting P3,999 only! Limited slots for August booking. Email: travels@greattravelagency.great-site.net",Commercial Spam,original,
ORIG_02003,N/A,"BingoPlus FREE P500 CREDITS for new players! Mag-login na at sumali sa live draws every 5 mins, P1M jackpot waiting. Tara!",Gambling Scam,original,
ORIG_02004,N/A,"Ka-Bingo, ikaw ba ay handa nang manalo? BingoPlus open 24/7, real cash payouts, mag-bet from P10 lang. Sali na!",Gambling Scam,original,
ORIG_02005,N/A,"Hi! Saw your CV online, gusto kong i-offer sayo ang remote part-time job at maging kasama sa team. Reply mo lang sa email ko: dyhk754@gmail.com",Job Scam,original,
ORIG_02006,N/A,BIR NOTICE: Your TIN account has unfiled tax records. Mag-register sa official online portal para hindi ma-penalty: http://fdsc03.site,Government Spoofing,original,
ORIG_02007,N/A,LBC PARCEL ALERT: Your package failed delivery today due to incomplete address. Message agent on WhatsApp to reschedule: wa.me/27814850926,Delivery Scam,original,
ORIG_02008,N/A,"EGAMES PH Casino: P800 free credits when you sign up today! Slots, baccarat, sabong, available 24/7. Login na: egamesph.com/login",Gambling Scam,original,
ORIG_02009,N/A,"CONGRATULATIONS! You are selected as our weekly Telegram prize winner of P50,000 cash reward. Join channel to claim: t./me/KaYa98765",Prize Scam,original,
ORIG_02010,N/A,"Kailangan mo ng pera ngayon? Quick cash loan up to P25,000, no requirements, no collateral, approved in 15 mins! Reply LOAN para sa link.",Loan Scam,original,
ORIG_02011,N/A,"HXFX Trading Platform: Invest P5,000, earn P50,000 in 14 days! Guaranteed returns, walang risk. Register agad: http://fdsv07.site",Investment Scam,original,
ORIG_02012,N/A,"JILI Casino Online: P777 welcome bonus for new players! Free spins everyday, withdraw real cash anytime: http://fdsv19.info",Gambling Scam,original,
ORIG_02013,N/A,"Good day! We saw your CV online and have a remote job opening, P2,000/day, 3hrs work. Reply with name and contact: barelenadublin@gmail.com",Job Scam,original,
ORIG_02014,N/A,"SARA DUTERTE 2028 OFFICIAL MERCH! Buy now ang shirts, mugs, at tumblers para sa campaign. Limited edition, order na agad!",Commercial Spam,original,
ORIG_02015,N/A,BPI SECURITY ALERT: Suspicious login detected. Verify your account credentials within 24hrs to avoid permanent suspension: fdsv04.site,Bank Scam,original,
ORIG_02016,N/A,"DSWD NOTICE: You are qualified for the 4Ps cash assistance of P20,000. Register online to claim your slot: http://fdsv12.online",Government Spoofing,original,
ORIG_02017,N/A,J&T EXPRESS: Failed delivery attempt today. Update your shipping address to receive your parcel: https://t.co/1LOEKAXtLF,Delivery Scam,original,
ORIG_02018,N/A,"HIRING NOW! Online encoder position, P1,800/day, walang experience needed. Send name and contact: superwoodhotel.uk@gmail.com",Job Scam,original,
ORIG_02019,N/A,"LAZADA PAYDAY SALE! Free shipping nationwide + up to 90% off sa appliances, gadgets, at home essentials: https://s.lazada.com.ph/s.4ZgRn",Commercial Spam,original,
ORIG_02020,N/A,"Hello! Legitimate online job available, P2,500/day, home-based, flexible hours. Email your details to: mcguirem707@gmail.com",Job Scam,original,
ORIG_02021,N/A,"Good evening! May part-time work-from-home opening kami, P1,500/day. Reply with full name and age: baph440@gmail.com",Job Scam,original,
ORIG_02022,N/A,"Hi! Hiring kami ng virtual assistant, no experience required, P30,000 monthly. Send CV sa email: vyc772233@gmail.com",Job Scam,original,
ORIG_02023,N/A,"Bilyonaryo.com EXCLUSIVE: Top business news, market deals, at premium brand discounts. Visit our site for promos: bilyonaryo.com",Commercial Spam,original,
ORIG_02024,N/A,KOPIKO MAGKAPERA RAFFLE WINNER! Napili ka sa monthly draw ng Kopiko Promo. Reply para sa claim instructions. Mula kay Secretary Jhon Carlo Martinez.,Raffle Scam,original,
ORIG_02025,N/A,"You are our lucky winner of P100,000 cash plus iPhone 15 Pro! Redeem your reward within 24 hours: http://nuob0p7g.com",Prize Scam,original,
ORIG_02026,N/A,"SSS NOTICE: Your member account is selected for the SSS Calamity Assistance of P25,000. Verify identity at mybitglobal portal: http://4ot7dati.com",Government Spoofing,original,
ORIG_02027,N/A,"SHOPEE FLASH SALE: 70% off sa gadgets, fashion, at appliances ngayong araw lang! Shop now and save big: https://invol.co/clc31bs",Commercial Spam,original,
ORIG_02028,N/A,"JB Gaming PH official casino channel! Daily slot challenges, exclusive bonus content, at member playing rewards. Click to join community at simulan ang panalo: http://bit.ly/JBGaming-PH",Gambling Scam,original,
ORIG_02029,N/A,"LuckyBet Casino: P1,000 welcome bonus + free spins everyday! Mag-register at simulan ang panalo: https://bit.ly/3Rb4pyJ",Gambling Scam,original,
ORIG_02030,N/A,"Hello, we have a hotel front-desk job opening, USD 80/day plus accommodation. Email your CV to: qualityInnsuites@californiamail.com",Job Scam,original,
ORIG_02031,N/A,"CONGRATULATIONS! You are selected as our grand prize winner of P150,000 cash reward. Claim now before it expires: http://casjp3.com",Prize Scam,original,
ORIG_02032,N/A,"Need cash urgently? Quick loan up to P50,000, no collateral, no credit check, approved in 5 minutes! Apply online: http://kok535.com",Loan Scam,original,
ORIG_02033,N/A,"0kada 0nline casi-no welcomes you! P2,000 free credits for new members, slots and live dealer 24/7: https://bit.ly/3CDHbfV",Gambling Scam,original,
ORIG_02034,N/A,"Congratulations! Your number was selected among the Winners of the COVID-19 Relief Funds grant of USD 500,000.00. Ref: COV-19. Contact our helpdesk to claim and process employment requirements: info.ifchelpdeskk@gmail.com",Job Scam,original,
ORIG_02035,N/A,"JB Gaming Online: Deposit P100, get P500 free credits! Slots, sabong, live dealer, lahat available. Sali na: http://bit.ly/JB-Gaming",Gambling Scam,original,
ORIG_02036,N/A,"You are today's lucky winner of P75,000 cash prize plus brand new laptop! Claim within 24 hours: http://ox4xtu.com",Prize Scam,original,
ORIG_02037,N/A,Bilyonaryo.com PROMO ALERT: Exclusive discounts on top brands at sulit deals. Check out our latest offers: bilyonaryo.com,Commercial Spam,original,
ORIG_02038,N/A,Invest your small amount only 1peso l0wbet at manalo ng 6.5Million jackpot only here bit.ly/BINGOPLUS2 Free40PHP after sign-up. Easy cash in/out via gcash,Investment Scam,original,
ORIG_02039,N/A,"J****** *****.,sa mybitglobal magbukas ng account at may pera! Magandang oportunidad, kunin http://lfhh5x.com",Investment Scam,original,
ORIG_02040,N/A,"J****** *****.,mybitglobal, lagyan ng yaman ang bulsa http://5irpkseo.com",Investment Scam,original,
ORIG_02041,N/A,"M*** ***,Magbibigay ng red envelope, may oportunidad makakuha ng Â¤1000 http://lais7m.com",Investment Scam,original,
ORIG_02042,N/A,"DO YOU RECEIVED MY SMS MY DEAR, LET ME KNOW IN sophiavillanueva53@hotmail.com regarding the remote job opportunity. IT'S URGENT.",Job Scam,original,
ORIG_02043,N/A,Hey! Respond me now please [jwarjfkj@gmail.com] it's hard to reach you regarding the urgent remote job vacancy.,Job Scam,original,
ORIG_02044,N/A,"Pinakamahusay na online platform (name)., 5C2SH partner! I-cl5ck para mag-cl5im ng 10,000 b2nus ngayon! N8q+CdEKKpY= jijiph.com/PHILIPINES1314",Prize Scam,original,
ORIG_02045,N/A,Handog sayo (name). Sa bagong platform sa bansa Wplus ang 5500 bonus at 3% sa bawat deposito N8q+CdEKKpY=. wplus4you.com/M3l3k3ng-b5n5s,Investment Scam,original,
ORIG_02046,N/A,"Inaakit ka ba mag-invest sa crypto platform namin? Tawag ng tawag ang clients dahil sa kita! P5,000 puhunan, P50,000 return in 7 days. Guaranteed ROI, walang risk.",Investment Scam,original,
ORIG_02047,N/A,It's really important that you should contact my email as soon as possible regarding the job offer { brettf829@gmail.com },Job Scam,original,
ORIG_02048,N/A,"(name) .,Kaibigan, may sense ba magsend ng libreng pera? Pindutin para kunin!http://2xnvte.com",Gambling Scam,original,
ORIG_02049,N/A,"Dear Our Valuable Customer, Welcome Back to Claim Your Rebate and Our JILI and FC Jackpot Is Awaiting for You. You can access from here https://winnk.in/tHO4o",Prize Scam,original,
ORIG_02050,N/A,"BDO ALERT: Your account is temporarily on-hold, due to security purposes. Kindly verify your account https://t.ly/BDOAlertVerify_",Bank Scam,original,
ORIG_02051,N/A,"Greetings from GCash,

Claim your PHP 3,500 worth of GCash Loyalty Card provided by GCash Credit.

Redeem here:
https://twtr.to/GSaveTeams

From, GCredit",Bank Scam,original,
ORIG_02052,N/A,"[INB@T] Amusement and benefit. Fast GCASH, Paymaya IN/OUT First deposit will get cash back 3%! https://paws.ind.in/7K4qm 6lKk",Bank Scam,original,
ORIG_02053,N/A,"Write to me here, it is important and I am waiting regarding your job application: gregrch34@gmail.com",Job Scam,original,
ORIG_02054,N/A,"Can't reach you, may be network. Contact me here urgently for the remote job opening: sistersjavera79@yahoo.com",Job Scam,original,
ORIG_02055,N/A,"Good day, this is Mr. Joshua McConnell. Please reply me immediately on this E-mail regarding a confirmed job offer (mccllj458@gmail.com).",Job Scam,original,
ORIG_02056,N/A,"Tadz,Nasayo ang swerte, libreng Â¤10 sayo http://aq63xi.com",Prize Scam,original,
ORIG_02057,N/A,ew PH Game Platform Online ! Let Play U Prefer Game AND WiN BIG CasH! Register Now FREE 178 BONUS. ONLY AT cod11.cc,Gambling Scam,original,
ORIG_02058,N/A,"Greetings from GCredit, Please Claim your PHP 5,000 worth of GCash Loyalty Card provided by GCredit Team. Claim here: https://t.ly/gcash.ph",Bank Scam,original,
ORIG_02059,N/A,"Hindi magiging katotohanan ang kasinungalingan, maski ni like pa ang post na âyan ng libu lbong tao, o maski maging viral o trending . Maging mapanuri sa mga posts ng bloggers , vloggers at influencers.-2182",HAM,original,
ORIG_02060,N/A,Your BDO number has been suspended until further notice. ReActivate on our official page: https://rebrand.ly/s08h7th,Bank Scam,original,
ORIG_02061,N/A,Let's talk here now about the urgent remote job vacancy: xjmuan@gmail.com,Job Scam,original,
ORIG_02062,N/A,Let's talk here now about the confirmed hiring offer: juliansantosx@gmail.com,Job Scam,original,
ORIG_02063,N/A,"See what job opportunity I have for you, reply to: mastjohn586@gmail.com",Job Scam,original,
ORIG_02064,N/A,Get back to my email now regarding your urgent hiring confirmation; mtvgxx@gmail.com,Job Scam,original,
ORIG_02065,N/A,"SMS PASS: <RECEIVER'S FULL NAME> PIDN: B04796 / A3(adults with co-morbidity) dalhin:ballpen, valid id at med. cert./clearance or reseta. sa iyong 1st dose covid-19 bakuna sa 9/7/2021 8am-2pm, pacita astrodome. reply confirm. rc: VEI07A",HAM,original,
ORIG_02066,N/A,URGENT:kindly contact luis_garry@yahoo.com,Job Scam,original,
ORIG_02067,N/A,"IF YOU REALLY GOT MY TEXT, LET ME KNOW IN nancyflores41@hotmail.com about the remote job offer, very urgent.",Job Scam,original,
ORIG_02068,N/A,magrehistro na ngayn  meron ka 100 %  /C.A.S.H/  back hangang 5OOO/P.H.P/ http://betting.pics/JsK W'l@N 100M WITH 24/7 C@S'H IN/OUT,Investment Scam,original,
ORIG_02069,N/A,Pakiusap pakikuntak si Mr. Gerald sa kanyang email geraldleug@yahoo.com. Meron siyang mahalagang job offer sasabihin sayo. Maraming salamat.,Job Scam,original,
ORIG_02070,N/A,"Hello, get back at me via Robertforsch1@gmail.com regarding the urgent remote work opening, it's important.",Job Scam,original,
ORIG_02071,N/A,"[Complete Name!],Red envelope ng mga bago dumating na, pinduin para kunin ang Â¤10 http://9dv1t8.com",Investment Scam,original,
ORIG_02072,N/A,"Is all about your hiring confirmation, reach me here: rhr1700e@gmail.com",Job Scam,original,
ORIG_02073,N/A,"(hawis999@gmail.com) pls contact me with the email, the job vacancy is urgent, your number is not going through.",Job Scam,original,
ORIG_02074,N/A,"Goodam po musta napo, ako po si Ms. Yana ng SM Raffle Promo. Baka pwede na akong maningil ngayon ng claim fee para ma-release na ang P50,000 raffle prize ninyo.",Raffle Scam,original,
ORIG_02075,N/A,Please do not fail to do everything you can to contact me here regarding the urgent remote job offer: gregrds37@gmail.com,Job Scam,original,
ORIG_02076,N/A,Your account was mentioned in a flagged transaction. We have screenshot evidence of unauthorized login. Verify identity now to avoid permanent lockout: http://bdo-secure-verify.online,Bank Scam,original,
ORIG_02077,N/A,Your parcel failed delivery today due to incomplete address. Confirm shipping details now to reschedule: bit.ly/8UCnboD,Delivery Scam,original,
ORIG_02078,N/A,http://betting.pics/JsK,Gambling Scam,original,
ORIG_02079,N/A,"SM Anniversary Raffle Promo: Mentioned my name sa winners list, I have screenshot ng confirmation. I don't know how to put it in the claim portal, please help me redeem the P100,000 cash prize.",Raffle Scam,original,
ORIG_02080,N/A,"[TEXT MESSAGE] HELLO BELOVED, PLEASE KINDLY REPLY ON MY EMAIL URGENTLY about the confirmed job offer: brettflanag@gmail.com",Job Scam,original,
ORIG_02081,N/A,Your parcel failed delivery today due to incomplete address. Confirm details to reschedule shipment: http://fdsv09.info,Delivery Scam,original,
ORIG_02083,N/A,"Bitcoin Trading Platform: Invest P3,000, earn P30,000 in 5 days! Guaranteed profit, mag-register na: http://t6m681.com",Investment Scam,original,
ORIG_02084,N/A,"GLOBE TELECOM 90th Anniversary Raffle Winner! Your number was selected, P100,000 cash prize. Claim now: https://bit.ly/Hd4zMy5l",Raffle Scam,original,
ORIG_02086,N/A,"CONGRATULATIONS! You won P75,000 cash prize plus iPhone 15 Pro! Claim your reward within 24 hours: http://t6m681.com",Prize Scam,original,
ORIG_02087,N/A,"JILI Casino Online: P777 welcome bonus, free spins everyday, withdraw real cash anytime: http://fdsv11.info",Gambling Scam,original,
ORIG_02088,N/A,BPI ALERT: Suspicious login detected on your account. Verify your credentials within 24 hours to avoid permanent suspension: http://fdsv02.email,Bank Scam,original,
ORIG_02089,N/A,"DSWD NOTICE: You are a qualified beneficiary for the P15,000 ayuda cash assistance. Register at official portal: http://taccmp5h.com",Government Spoofing,original,
ORIG_02090,N/A,"(NAME), Sikreto kong natulungan yumaman ang maraming tao, halika dito: http://931ccx.com",Investment Scam,original,
ORIG_02091,N/A,Full name ko na nakaindicate. Yung surname ko hindi lang initials na.,HAM,original,
ORIG_02092,N/A,"Your 603.70 Points will Expire on JULY 31, 2022. CONVERT to P600 Prepaid Just Dial: 1001O95579860556001# Then Press CALL",Bank Scam,original,
ORIG_02093,N/A,"Beloved, contact my email regarding the urgent remote job vacancy, thanks: gdabeg2468@outlook.com",Job Scam,original,
ORIG_02094,N/A,Good day! There is good news for you regarding a confirmed remote job offer. Kindly contact me on: matthewlittle76@hotmail.com,Job Scam,original,
ORIG_02095,N/A,"[Full Name (not GCash)],Lahat ginagamit ako para kumita ng Â¤1 milyon, wag na magpahuli http://gjgtjl.com",Investment Scam,original,
ORIG_02096,N/A,"[Full GCash Name],Wag magpaiwan, sabay sabay idownload, bilisan kunin ang Â¤10 http://931ccx.com",Investment Scam,original,
ORIG_02097,N/A,Pakiusap pakikuntak si Mr. Kristoffer sa kanyang email; kzum90@yahoo.com. Meron siyang mahalagang job offer sasabihin sayo. Maraming salamat.,Job Scam,original,
ORIG_02098,N/A,"Your 600 RetÃ iler Points
will Expire Soon.
Convert to Bonus
600 PrepaidLoÃ d

Just Dial

*
100*1*09531835656*600*1*#

Then Press CALL

Until:
NOVEMBER 10, 2021",Bank Scam,original,
ORIG_02099,N/A,"-Limited time event- (9-11PM)
Time to draw your first golden eggs & get million bonus baby! 
Deposit only P1K to avail onlinebet.ph/JBgames",Investment Scam,original,
ORIG_02100,N/A,Your number is out of network coverage. Get back to me here regarding the urgent remote job vacancy: bertche6732@gmail.com,Job Scam,original,
ORIG_02101,N/A,"I called you but your number is not reachable. We need to talk about a confirmed job offer, please contact my email (Christopherweber772@gmail.com).",Job Scam,original,
ORIG_02102,N/A,â¡ð¥Tuklasin ang iyong husay! Check this audio book summary and discover your strengths. https://peoplecademy.net/details/811,Commercial Spam,original,
ORIG_02103,N/A,Great News! You are chosen to be the lucky winner of our NetflÃ­x T-shirt and Mug. To continue the process reply YES. Thank you for choosing Globe Postpaid.,Prize Scam,original,
ORIG_02104,N/A,"CONGRATULATIONS! You are selected in our Limited Time Raffle Draw, P50,000 grand prize winner! Visit and claim now: http://betting.pics/Apo",Raffle Scam,original,
ORIG_02105,N/A,"May offer ngayon, magrehistro at may Â¤10 http://nab60q.com",Prize Scam,original,
ORIG_02106,N/A,"(NAME),Hi! Magbukas ng account at may Â¤10, first come first serve http://2xnvte.com",Investment Scam,original,
ORIG_02107,N/A,"(NAME),Siguradong kikita na software, idownload na ang mybitglobal, magbukas ng account at may Â¤10 http://casjp3.com",Investment Scam,original,
ORIG_02108,N/A,"(NAME),Bilisan sumali, magbukas at may Â¤10 ka panglaro!http://gcxvd2ny.com",Gambling Scam,original,
ORIG_02109,N/A,Handog sayo (NAME) Sa bagong platform sa bansa Wplus ang 5500 bonus at 3% sa bawat deposito YDFzs+bdk60=. w3npl5s.com/M3y3m3n,Gambling Scam,original,
ORIG_02110,N/A,"Mag-register na bilang TEAM BBM Investment Member! Puhunan P2,000, kita P25,000 in 10 days. Guaranteed profit, walang risk, mag-sign up agad.",Investment Scam,original,
ORIG_02111,N/A,A colleague requests to contact you asap pero hindi po nagcoconnect ang line mo regarding the urgent job opening. Please contact her here: epaz9092@gmail.com. Salamat.,Job Scam,original,
ORIG_02112,N/A,Try this easy g@me! W.l.N 100M  J@CKP0T  PRIZE AND STILL GROWING... http://pbgaming.beauty/Sy7,Gambling Scam,original,
ORIG_02113,N/A,"Mga sikat na online games, sabong, thousands people are online, mag register na para makakuha ng PHP 777, x7 cash withdrawal, website:  http://fdsv13.info",Gambling Scam,original,
ORIG_02114,N/A,"Your 600 Reward Pts.
will Expire on 
SEPT. 10, 2022

Convert to Bonus Wallet
 
Just Dial
 
*100* 1*09557966706*600*1*# 
 
Press CALL",Prize Scam,original,
ORIG_02115,N/A,"4 PCS SOLAR LIGHTS FOR ONLY 1,499 ! Pinaka mura na Solar sa Market ! BILI NA ! CLICK HERE TO BUY --> https://s.lazada.com.ph/s.fJVYM BUY 2 TAKE 2 TODAY ONLY !",Commercial Spam,original,
ORIG_02116,N/A,"We have approved your interview on July 8, and you can easily get 2800P. Please contact in time:https://pxmd.co/liSG1",Job Scam,original,
ORIG_02117,N/A,"Sir/Madam, congratulations on passing our interview, 3800P/day, time is limited, please contact me:https://0a.fit/HXKJd",Job Scam,original,
ORIG_02118,N/A,"JILI Casino Online: Gusto mo bang yumaman? Bisitahin ang link at idownload, P1,000 welcome bonus waiting! https//t.co/exm0NSbGxj",Gambling Scam,original,
ORIG_02119,N/A,"Â¤usernam Congratulations! Nanalo ka ng Â¤20,000, pindutin para kunin https://t.hxfxph.com/Y9XXo",Prize Scam,original,
ORIG_02120,N/A,"SOLAR  STREET LIGHTS ARE NOW ON SALE!!!

CLICK IF INTERESTED FOR PRICE/BUY --->  https://invol.co/clc31bs

Shop Now: (NEW ITEM 74% OFF SALE)
BUY 2 TAKE 2 TODAY ONLY!!!
PINAKA MURANG PRESYO SA MARKET !

PAKI-CLICK ANG LINK SA TAAS PARA MAKITA ANG PRESYO AT PICTURES.

LED Super Bright
IWAS MAGNANAKAW SA GABI
8-10 HRS USAGE IF FULL CHARGE

PLEASE DO NOT CLICK IF NOT INTERESTED!!!
THANK YOU!",Commercial Spam,original,
ORIG_02121,N/A,0kada 0nline casi-no pinaka trusted platform sa Pinas and meron daily bonus and bilis mg cash in/out 24/7. http://poplay1.com,Gambling Scam,original,
ORIG_02122,N/A,"Maswerteng bitwin ay kumikintab, nanalo ng 10, pindutin http://2xnvte.com",Prize Scam,original,
ORIG_02123,N/A,"(NAME) ., Libreng 6000P, kailangan lang magbukas ng libreng account, pindutin http://taccmp5h.com para sumali!",Prize Scam,original,
ORIG_02124,N/A,"Kunin ang oportunidad, sa my-bitglobal magbukas ng account at may 6000p! http://bitglobalgood.com",Investment Scam,original,
ORIG_02125,N/A,"Naligayang Boss Martes, Top 1 platform for Slot Gaming! 100% bonus up to 58,888php on your FIRST DEPOSIT! Mag-sign up ngayon http://fdsv09.site",Gambling Scam,original,
ORIG_02127,N/A,Ikaw ang maswerteng na pili Zu05UB1o18E=  na makakuha ng libreng Slot game bonus at libreng 3000 bonus. I claim ito upang makapaglaro at manalo. ti4yougame.com/Masuwerteng-Bonus,Prize Scam,original,
ORIG_02128,N/A,Ikaw ang maswerteng na pili Zu05UB1o18E= na makakuha ng libreng Slot game bonus at libreng 3000 bonus. I claim ito upang makapaglaro at manalo. ti4yougame.com/Masuwerteng-Bonus,Prize Scam,original,
ORIG_02131,N/A,"WELCOME BONUS: 202 GET 202, 1002 GET 1002, 5000 GET 5000. *24/7 Immediate Cash In/Out More http://t-t.ink/0ealw",Prize Scam,original,
ORIG_02132,N/A,"WE1C0ME B0NUS: 200 GET 200, 500 GET 500, 5000 GET 5000  #24/7 Immediate Cash In/Out.# More https://dpurl.org/rLRG1",Prize Scam,original,
ORIG_02133,N/A,"You can make money with your mobile phone. Earn 1000-8000 pesos a day. Monthly income of 50,000 pesos! Add greetings from! whatsapp:https://wa.me/639950437893",Investment Scam,original,
ORIG_02134,N/A,"GOOD DAY! MA'AM/SIR YOU HAD WON!!! (PHP650,000.00) FROM:Villar foundation PLZ'TEXT YOUR/NAME/ADD/AGE/WORK/CALL ME NOW!I'm ATTY.ALEX F. GONZALES (DTI'NCR#1843/s2021).",Prize Scam,original,
ORIG_02135,N/A,The'Big.gest'PH'On.line'G.ames'with'24H'C.ash'In/Out http://phonline.quest/sUr SlGN'UP and GET'10k'F.REE'8k'Bo.n.u.s! W.i.n'Big'C.ash'Now,Prize Scam,original,
ORIG_02136,N/A,Sir/Mam.Congratulations you have been selected to work  part-time . Daily salary of 4500+. detail:  b.link/3aquva,Job Scam,original,
ORIG_02137,N/A,"po, I am a part-time manager working in my free time. Earn 6000P easily every day. Click on WS for consultation: https://bit.ly/3P19XuU",Job Scam,original,
ORIG_02138,N/A,"hi, looking for filipino, just OFFICE-BASED english teachers. you may apply on weekdays 1pm-8pm. details https://ioiokorea.com",Job Scam,original,
ORIG_02139,N/A,Nasa Pilipinas na ang W.PLUS! SUMALI PARA MANALO NG INSTANTLY 5500 BONUS AT 3% CASH BACK! sa bawat Deposito! Djx05bTzFrg=7in3plus.com/Sw3rt3,Investment Scam,original,
ORIG_02140,N/A,Ang pinakamainit na online slot machine ay naghihintay para sa iyo na manalo ng malaki http://fdsv05.contact,Gambling Scam,original,
ORIG_02141,N/A,"dumating na ang gift bag ng mybitglobal, magbukas ng account ay may libreng 10 http://casjp3.com",Investment Scam,original,
ORIG_02142,N/A,"Deleted na ang message ng suspicious sender, nasa blocked list ko lang tong mga numbers. Verify your account credentials immediately to confirm no unauthorized access.",Bank Scam,original,
ORIG_02143,N/A,"Happy Weekend! Relax while enjoying playing accasino12.com/login Register now get FREE 60p, Easy WIN here, invite the tropa and family to play.",Gambling Scam,original,
ORIG_02144,N/A,"[name], Nakakuha ka ng libreng 600p! pindutin para kunin http://ag63xi.com",Prize Scam,original,
ORIG_02145,N/A,PAGCOR OFFICIAL: Nakakabaliw na kita ang handog namin sa inyo 90% commission! Lahat ay pwede kumita bilang government-accredited ahente. Sumali na agad: http://fdsv04.contact,Government Spoofing,original,
ORIG_02146,N/A,"Lahat ginagamit ako para kumita ng Â¤1 milyon, wag ka magpahuli http://gjgtjl.com",Investment Scam,original,
ORIG_02147,N/A,"Gumawa at may Â¤10, nasa kamay ang phone, puwede kumita anytime http://bitglobalgood.com",Investment Scam,original,
ORIG_02148,N/A,"Greetings,
I am writing to express my interest on working with you, i have a proposal that might interest you, i would like an opportunity to further discuss in detail. kindly contact me by email : alfredoayub@hotmail.com, I await your urgent response.",Job Scam,original,
ORIG_02149,N/A,"SOLAR 3 WAY LIGHTS
SOBRA GANDA AT FORMAL ILAGAY SA WALL

CLICK HERE FOR PICTURE AND PRICE --->  https://s.lazada.com.ph/s.fz8pd

BUY 1 TAKE 1 TODAY ONLY !!!",Commercial Spam,original,
ORIG_02150,N/A,"4 PCS SOLAR LIGHTS FOR ONLY 1,499 ! CLICK HERE TO BUY --> https://s.lazada.com.ph/s.UXHEg BUY 2 TAKE 2 TODAY ONLY !",Commercial Spam,original,
ORIG_02151,N/A,Baka ikaw na ang susunod na magiging MILYONARYO. Pag sumali ka sa casino link chuchunes,Gambling Scam,original,
ORIG_02152,N/A,Ikaw daw maghahandle ng charity parcel mula sa abroad. Confirm shipping details to release the package to your address.,Delivery Scam,original,
ORIG_02153,N/A,"Magrehistro upang makuha ang iyong premyo pagkatapos basahin, ito na ang iyong huling pagkakataon! !  http://fdsv02.org",Prize Scam,original,
ORIG_02154,N/A,Makakatanggap ka ng hanggang 5000 cash! Pumunta lang sa website na ito: good122.com at maglaro 0n|ine Sl0t.,Raffle Scam,original,
ORIG_02155,N/A,"Happy Weekend! Mag relax habang nag eenjoy maglaro ng bit.ly/JBGaming-PH Register now get FREE 60p, Easy WlN dito, Ayain na ang tropa at pamilya na mag laro!",Raffle Scam,original,
ORIG_02156,N/A,"Sincerely inviting you, magrehistro at may 600p http://aq63xi.com",Raffle Scam,original,
ORIG_02157,N/A,"Limited time evet, bigyan ka ng 600p para gamitin, isang pindot para kunin http://vuh951u4.com",Investment Scam,original,
ORIG_02158,N/A,"C******** P.,sa mybitglobal magbukas ng account at may pera! Magandang oportunidad, kunin http://lfhh5x.com",Investment Scam,original,
ORIG_02160,N/A,"congrats ikaw ang 1000th user, bigyan kita 10 http://931ccx.com",Prize Scam,original,
ORIG_02161,N/A,"Ang pinakamahusay na web casino platform! 100% First Deposit Bonus, mag-sign up ngayon at simulan ang panalo: http://fdsv04.contact",Gambling Scam,original,
ORIG_02162,N/A,"4 PCS SOLAR LIGHTS FOR ONLY 1,499 !

CLICK HERE TO BUY --> https://s.lazada.com.ph/s.UXHEg

BUY 2 TAKE 2 TODAY ONLY !

YES ! APAT NA PIRASONG SOLAR SA NAPAKAMURANG HALAGA !
Pinaka mura na Solar sa Market !
BILI NA !

TIPID SA KURYENTE !!

PAKI-CLICK ANG LINK SA TAAS PARA MAKITA ANG PRESYO AT PICTURES.",Commercial Spam,original,
ORIG_02163,N/A,"LAZADA BIG SALE START TODAY!
FLASK STAINLESS SET BAGSAK PRESYO NGAYON !

CLICK HERE TO BUY --> https://s.lazada.com.ph/s.UPAbW

HURRY BUY NOW !
ENJOY SHOPPING !",Commercial Spam,original,
ORIG_02164,N/A,"Mag-claim ng 5500 na bonus at 3% cash rebate ngayon(NAME). ,upang manalo ng milyun-milyong bonus sa W.P5US! QDUEjjqB351953kc= w3nn3gpl5s.com/M5lyon",Prize Scam,original,
ORIG_02165,N/A,"Sana yumaman ka, pindutin para magrehistro at makakuha ng libreng 600p http://u3mwdy.com",Prize Scam,original,
ORIG_02166,N/A,"2022 Best On|ine CAS1N0 & S|ot 
Ranking:  NO.1  
Free B0NUS & Daily sa|ary http://pbplat.com",Gambling Scam,original,
ORIG_02167,N/A,"al,Kaibigan, Idowanload ako at may 600p, wag aalis ng walang hawak http://0gom5p.com",Raffle Scam,original,
ORIG_02168,N/A,"Arnie B.,Mabuting kaibigan, bigyan blessing, bigyan ng 10 http://931ccx.com",Raffle Scam,original,
ORIG_02169,N/A,"Rizza May,Pagkatapos gamitin ang mybitgloba, bawat buwan kumikita ako ng isang milyon http://931ccx.com",Investment Scam,original,
ORIG_02170,N/A,best online casino,Gambling Scam,original,
ORIG_02171,N/A,"Ang pinakamainit na gaming platform ng 2022! Lodi, hanggang 100% cash back sa iyong unang deposito, i-download ang:  http://fdsv09.co",Investment Scam,original,
ORIG_02172,N/A,"2022 Best On|ine CAS1N0 & S|ot
Ranking: NO.1
Free B0NUS & Daily Sa|ary
http://pbplat.com",Gambling Scam,original,
ORIG_02173,N/A,Sign up and Join raffles to get iPhone CLICK enjoy up to 5M Jackpot 66790.net,Raffle Scam,original,
ORIG_02174,N/A,Nasa Pilipinas na ang W.PLUS! SUMALI PARA MANLO NG INSTANTLY 5500 BONUS AT 3% CASH BACK! sa bawat Deposito! J6cw9fig+cQ-=7in3plus.com/Sw3rt3,Prize Scam,original,
ORIG_02176,N/A,BEST ONL1NE CAS|NO pinaka trusted platform sa Pinas and meron daily bonus and bilis mg cash in/out 24/7. http://Pdplay1.com,Gambling Scam,original,
ORIG_02177,N/A,0kada On|ine CAS|NO pinaka trusted platform sa Pinas and meron daily bonus and bilis mg cash in/out 24/7.   http://Pbplay1.com,Gambling Scam,original,
ORIG_02178,N/A,"Iniimbita kita na maglaro at i-enjoy ang weekend only here at accasino12.com/login Register & get P60, Easy WIN lang dto. Isama na ang pamilya!",Gambling Scam,original,
ORIG_02179,N/A,Magdeposito araw-araw upang makakuha ng walang katapusang mga premyo sa mga bunos na laro. http://fdsv01.org,Investment Scam,original,
ORIG_02180,N/A,"OLERRY PERREN L., isang milyon cash draw ang nagaganap, isang pindot lang para kunin ang prize mo! Claim now: http://6fsx6jka.com",Raffle Scam,original,
ORIG_02181,N/A,Gusto mo bang kumita ng 5K o higit pa sa isang linggo lang? Paano Imessage kami upang malaman. --> m.me/ptjobsph,Investment Scam,original,
ORIG_02182,N/A,"[redacted] name ko, bigyan ka ng mabuting kaibigan ng ¤10 red envelope investment bonus, pindutin para kunin at simulan ang puhunan: http://55v1xv.com",Investment Scam,original,
ORIG_02183,N/A,"Congratulations!MA'AM/SIR
YOUR #.HAD WON!
Php450k
From:manny pacquiao, to claim
JUST TEXTS YOUR COMPLETE.
NAME
AGE
ADD
WORK
DTI:PER #1846 s21.",Prize Scam,original,
ORIG_02184,N/A,"EARN AT THE COMFORT OF YOUR OWN HOME

CLICK THE LINK IF INTERESTED ONLY :

m.me/JFF03venturesonlinehub

USING YOUR FB ACCOUNT/MUST HAVE ANDROID IOS /INTERNET/DATA.",Job Scam,original,
ORIG_02185,N/A,"CONGRATULATIONS! You are our weekly raffle winner of P100,000 cash prize. Message us on WhatsApp to claim within 24 hours: wa.me/639497666844",Raffle Scam,original,
ORIG_02186,N/A,"Invest P3,000, earn P30,000 in 7 days! Guaranteed profit, message kami sa WhatsApp para sa slot: wa.me/639273757262",Investment Scam,original,
ORIG_02187,N/A,"BingoPlus Free P500 Credits! Mag-login at sumali sa live draws every 5 mins, P1M jackpot waiting: https://bit.ly/3xBeDz7",Gambling Scam,original,
ORIG_02188,N/A,Suspicious login detected on your account. Verify your credentials within 24 hours to avoid permanent suspension: cutt.ly/8FArpg6,Bank Scam,original,
ORIG_02189,N/A,"You are a qualified beneficiary for the P20,000 4Ps cash assistance. Register at the official portal: https://bit.ly/3ECDV3u",Government Spoofing,original,
ORIG_02190,N/A,ailed delivery attempt today due to incomplete address. Confirm shipping details to reschedule: https://bit.ly/3v4Brru,Delivery Scam,original,
ORIG_02191,N/A,"You are our lucky winner today! Claim your P75,000 cash prize plus iPhone 15 Pro within 24 hours: https://bit.ly/3NmZ3ht",Prize Scam,original,
ORIG_02192,N/A,"GLOBE TELECOM Anniversary Raffle Winner! Your SIM was selected for P150,000 cash prize. Claim now: https://cutt.ly/GHDCfPU",Raffle Scam,original,
ORIG_02193,N/A,"Crypto Trading Platform: Puhunan P5,000, kita P75,000 in 14 days! Guaranteed returns, mag-register na: https://d1.mk/Ocw7tBg",Investment Scam,original,
ORIG_02194,N/A,"SHOPEE FLASH SALE: 70% off sa gadgets, fashion, at appliances ngayong araw lang. Shop now and save big: https://invol.co/clc31bs",Gambling Scam,original,
ORIG_02195,N/A,Your online banking access will be locked due to suspicious activity. Verify identity now to restore access: http://rogbo8.com,Bank Scam,original,
ORIG_02197,N/A,"CONGRATULATIONS! You won the SM Supermalls Anniversary Raffle, P88,000 cash prize plus appliances. Claim within 24 hours: http://mlhpgh24.com",Raffle Scam,original,
ORIG_02198,N/A,"LPB Investment Platform: Verify your trading account to unlock P50,000 capital bonus and start earning daily ROI. Guaranteed returns, walang risk: http://clickmetertracking.com/LPBVerify",Investment Scam,original,
ORIG_02199,N/A,"CJ Online Vines Investment Group: Earn P50,000 monthly from passive crypto income. Message us on Messenger to join: m.me/CJonlinevines",Investment Scam,original,
ORIG_02200,N/A,egamesph.com/promo,Gambling Scam,original,
ORIG_02201,N/A,"P1,000 welcome bonus, slots and live dealer 24/7. Mag-register at simulan ang panalo: https://t.hxfxph.com/YNQG4",Gambling Scam,original,
ORIG_02202,N/A,Unauthorized transaction detected on your card. Click to verify and freeze your account immediately: https://cntr.click./dLC6KNm,Bank Scam,original,
ORIG_02203,N/A,"Your member account is selected for the P25,000 calamity assistance. Verify your identity at the official portal: www.jiliasia8.com",Government Spoofing,original,
ORIG_02204,N/A,Your parcel is on hold due to unpaid customs fee. Settle and confirm address to release shipment: https://t.co/Ad47sgu7gW,Delivery Scam,original,
ORIG_02205,N/A,"CONGRATULATIONS! You are our grand prize winner of P100,000 cash reward. Claim your prize within 24 hours: https://bit.ly/3NU8CEj",Prize Scam,original,
ORIG_02206,N/A,"Praise sa iyong kontribusyon, pindutin para kunin ang 600p bonushttp://9dv1t8.com",Prize Scam,original,
ORIG_02207,N/A,"Dear customer, you are cordially invited to claim your benefits, JILI and EVO Bingo jackpots are waiting for you, you can visit here kuuo.in/H33kh OqTE",Gambling Scam,original,
ORIG_02209,N/A,"JOLLIBEE 47th Anniversary Raffle Winner! Number mo napili para sa P50,000 cash plus 1 year free meals. Claim now: https://ibb.co/Zdh9dvj",Raffle Scam,original,
ORIG_02210,N/A,"Invest P2,000 and earn P20,000 in 5 days! Guaranteed returns, mag-register na agad: https://ibb.co/Zdh9dvj",Investment Scam,original,
ORIG_02211,N/A,"F-R-E-E 60p to kick start and make your first million in 10 mins 
Best way to make fast mo.ney!
egamesph.com/login",Investment Scam,original,
ORIG_02212,N/A,Hottest news! Pagkatapos may manalo ng 39.6Million sa bit.ly/BINGOPLUS1 umabot agad ng 6Million ang jackpot prize for only 1Peso! Register and get free40PHP.,Gambling Scam,original,
ORIG_02213,N/A,"PH: P777 free credits for new players, slots and baccarat 24/7. Sign up now: https://ibb.co/Zdh9dvjj",Gambling Scam,original,
ORIG_02214,N/A,Suspicious activity detected on your savings account. Verify your credentials now to avoid account lockout: https://ibb.co/Zdh9dvj,Bank Scam,original,
ORIG_02215,N/A,Your TIN account has unfiled tax records. Register on the official portal to avoid penalty: https://ibb.co/Zdh9dvj,Government Spoofing,original,
ORIG_02216,N/A,"Failed delivery attempt today, incomplete recipient information. Confirm address to reschedule: https://ibb.co/Zdh9dvj",Delivery Scam,original,
ORIG_02217,N/A,"PCF CHARITY FOUNDATION which is founded by Senator Manny Pacquiao made a raffle this year 2021 and your contact number has won worth Php 550,000.00. Please send the following: NAME/ADDRESS/AGE/WORK and call me back. Thank you! - Sec. Mark Chavez.",Prize Scam,original,
ORIG_02218,N/A,Matapos may manalo ng 39.6Million sa bit.ly/BingoPlus1 umabot agad ng 8.6M ang jackpot for only 1Peso! Register and get free40PHP. Easy cash in/out via gcash,Gambling Scam,original,
ORIG_02219,N/A,"Sana yumaman ka, pindutin para magrehistro at makakuha ng libreng 600p http://u3mwdy.com",Raffle Scam,original,
ORIG_02220,N/A,"We are offering you a fund with low interÃ©st rÃ te per month, from 30k to 2M loÃ nable amoÃºnt. Reply YES if interested. Thanks",Loan Scam,original,
ORIG_02222,N/A,"REGISTER TO CLA1M! 
FREE PES0 !
FREE LUCKY DRAWS!
SL0TS,LIVE CAS1NO,C0CKF1GHT1NG N MORE!
WEB: https://bit.ly/zYg14sLd",Raffle Scam,original,
ORIG_02223,N/A,"Hey user, may P150 para sayo sa pag-invite ng 3 barkada mo! Pwede pang bumuo ng 30K/day from extra betting bonus. Try na bit.ly/JBGaming-PH",Gambling Scam,original,
ORIG_02224,N/A,"You are today's lucky winner of P60,000 cash prize plus brand new laptop! Claim your reward within 24 hours: https://ibb.co/gWvf0s2",Prize Scam,original,
ORIG_02225,N/A,"LAZADA Anniversary Raffle Winner! Account mo napili para sa P120,000 cash plus iPhone 15 Pro. Claim now: https://ibb.co/gWvf0s2",Raffle Scam,original,
ORIG_02226,N/A,"Puhunan P4,000, kita P40,000 in 7 days! Guaranteed profit, mag-register na: https://ibb.co/gWvf0s2",Investment Scam,original,
ORIG_02227,N/A,"P1,500 welcome bonus plus 100 free spins. Mag-login at simulan ang panalo agad: https://ibb.co/gWvf0s2",Gambling Scam,original,
ORIG_02229,N/A,Unusual login detected on your account. Verify your identity within 24 hours to avoid permanent suspension: https://ibb.co/gWvf0s2,Bank Scam,original,
ORIG_02230,N/A,"[name],Salamat sa suporta, pindutin para magbukas ng account at may Â¤10 http://qldpmg.com",Investment Scam,original,
ORIG_02231,N/A,Get instant cash for your urgent needs. Avail 30k up to 2M Personal Cash Loan with flexible payment terms up to 3years. Interested? Call me,Loan Scam,original,
ORIG_02233,N/A,"[name],Mainit ang lottery, nanalo ka ng 1000 pesos, bilisan kunin! http://6fsx6jka.com",Prize Scam,original,
ORIG_02234,N/A,New PH Game Platform Online ! Let Play U Prefer Game AND WiN BIG CasH! Register Now  FREE 178 BONUS. ONLY AT cod11.cc,Gambling Scam,original,
ORIG_02235,N/A,"cashback? b0nus? we have it all! up to 80%! sl0ts,LIVE CAS1N0,f1shing we have many more! web:  https://bit.ly/YcIuLd7",Gambling Scam,original,
ORIG_02236,N/A,"ALL NEW EGG TRAY !!

32 GRID EGG HOLDER WITH REMOVABLE DRAWER TYPE
AND SPACE SAVER.

PLEASE CLICK FOR THE PRICE/BUY ---> https://s.lazada.com.ph/s.UPJgm

LAZADA BIG SALE !",Commercial Spam,original,
ORIG_02237,N/A,"Pagkatapos basahin ang artikulong ito, mag-log in at simulan ang paglalaro! Magagandang reward, i-click ang link ngayon! ! :   http://fdsv12.info",Raffle Scam,original,
ORIG_02238,N/A,"4 na pirasong SOLAR LIGHTS sa halagang 1,499.

--> Click mo eto para bumili https://s.lazada.com.ph/s

.UrR50

Yes! Apat na piraso ! Dahil naka SALE siya ngayon!

100 watts bawat isa, 400 watts total watts ng 4 na piraso.. Good deal sobrang tipid !!

3 modes siya: STEADY LIGHTS SENSOR LIGHTS DIM LIGHTS",Commercial Spam,original,
ORIG_02239,N/A,"Iniimbita ka na maglaro at i-enjoy ang weekend only hereat  Register & get P60, easy WIN lang dto. Isama ang pamilya!",Gambling Scam,original,
ORIG_02240,N/A,2022 Best Online CAS1N0 & Slot Ranking: NO.1 Free B0NUS & Daily Salary comhttp://pbplat.,Gambling Scam,original,
ORIG_02241,N/A,"F-R-E-E 60p to kick start and make your first million in 10 mins 
Best way to make fast mo.ney!
egamesph.com/login",Prize Scam,original,
ORIG_02242,N/A,"""4 na pirasong SOLAR LIGHTS sa halagang 1,499.

Click mo eto para bumili --> https://s.lazada.com.ph/s.UrR50

Yes! Apat na piraso ! Dahil naka SALE siya ngayon!

100 watts bawat isa, 400 watts total watts ng 4 na piraso.. Good deal sobrang tipid !!

3 modes siya :
STEADY LIGHTS
SENSOR LIGHTS
DIM LIGHTS


""",Commercial Spam,original,
ORIG_02243,N/A,"Your 600 Reward Pts.
will Expire on 
SEPT. 18, 2022

Convert to 
Bonus 600 Amax
 
Just Dial
 
*100* 1*09557966747*600*1*# 
 
Press CALL",Prize Scam,original,
ORIG_02244,N/A,"Salamat sa feedback, napili ka para makakuha ng 600p, dito sa:http://yralk3.com",Prize Scam,original,
ORIG_02247,N/A,"Attn Po/Ma 'am,S.W.S COVID 19 Grant Allowance for SENIOR CITIZENS  ,Retireds & Workers .Send /Email your details to ADMIN -carmaysawal10@gmail.com",Government Spoofing,original,
ORIG_02248,N/A,"Mababang deposit min-50 pesos  Mabilis sa cash out , dito na no.1 ONLINE CASINO - MORE PRIZES And BONUSES -Click her to sign up now hurry up- ð Now na !!ð
https://bit.ly/3xdIduOluckycola",Gambling Scam,original,
ORIG_02249,N/A,"Gusto mo ba makatipid sa kuryente?
SOLAR LIGHTS BUY 2 TAKE 2 !

CLICK HERE FOR PICTURES/BUY --> https://s.lazada.com.ph/s.UONbr

100 WATTS for Parking / Garden",Commercial Spam,original,
ORIG_02250,N/A,"Hi, I'm an American citizen currently in Manila offering a high-paying remote assistant role. Are you available for work? Email me for the job details: carsonjace20@gmail.com",Job Scam,original,
ORIG_02251,N/A,"Sign up and get free 20P! https://ssur.cc/kWgLgwL Daily lucky wheel: Highest Jumbo Prize = iPhone 13 Pro Max or 37,888PHP",Raffle Scam,original,
ORIG_02252,N/A,"vyvz3456@gmail.com, Beloved, contact my email regarding the urgent remote job offer, thanks.",Job Scam,original,
ORIG_02253,N/A,"Inaantay kita sa Global Coin, bilisan at sumali https://t.co/6SrH0EExIp",Investment Scam,original,
ORIG_02254,N/A,"Mag-claim ng 5500 na bonus at 3% cash rebate ngayon [full name],upang manalo ng milyun-milyong bonus sa W.P5US! In4AvA7qLl0= w3nn3gpl5s.com/M5lyon",Prize Scam,original,
ORIG_02255,N/A,i.deaI'Choice': 'Sa'isang'd*posit'baka'makha'ng'higit'5k'pes*s'b0nus' http://phgaming.xyz/pky '24H'i*mediate'C*sh'In/Out',Investment Scam,original,
ORIG_02256,N/A,"Wow, Makakatanggap ka ng hanggang 5999 cash! Pumunta |ang sa website na ito: http://mplay2.com  at maglaro on|ine Ca-si-no",Raffle Scam,original,
ORIG_02257,N/A,Good News! You can watch it for free 24/7 live pretty dealers! Sign up Now at philnewz.com/promo and get your FREE 60p,Gambling Scam,original,
ORIG_02258,N/A,"(FULL NAME), Para mabigyan ka ng pang matgal na kita, magbukas ng account at may 600p http://931ccx.com",Investment Scam,original,
ORIG_02259,N/A,"(FULL NAME), Kasama na lahat ng kailangan sa mybitglobal, pinduting ang http://nuob0p7g.com at may 10",Investment Scam,original,
ORIG_02260,N/A,"(FULL NAME), Mga tao gumamit ng aking paraan kumita ng 1000, idownload at sabihin ko kung paano http://ox4xtu.com",Investment Scam,original,
ORIG_02261,N/A,"(FULL NAME), Gamit ang kamay, endless and pera! Sumali ngayon at may regalo http://nuob0p7g.com",Prize Scam,original,
ORIG_02262,N/A,"Good News buddy! Register now and get Free60p! 100% Deposit rebate! egamesph.com/login -Prettydealer, CQ9, SA AND MORE-",Raffle Scam,original,
ORIG_02263,N/A,Just saw a guy win PHP1.2 MILLION sa jackpot sa PAGCOR-licensed na S5.com Naalal kita! Go.S5.com/news,Gambling Scam,original,
ORIG_02264,N/A,"(FULL NAME), Basta may account may 280,000P! Dito sa https://fxtrade.onelnk.me/OCGP/61288540",Investment Scam,original,
ORIG_02265,N/A,"Mabilis na transaksyon, mybitglobal ang tuturo ng daan, idownload na ang address https://t.co/ZbsQuUD37A",Investment Scam,original,
ORIG_02266,N/A,Matapos may manalo ng 39.6Million sa bit.ly/BingoPlus1 umabot agad ng 5.6M ang jackpot for only 1Peso! Register and get free40PHP. Easy cash in/out via gcash,Gambling Scam,original,
ORIG_02267,N/A,"Ka-bingo, 6.6M ang pwede mong mapanalunan. May free 40P to play at but.ly/Bingo_PlusPH after sign-up. 1P lowest bet. May weekly and monthly bonus din. Play now!",Gambling Scam,original,
ORIG_02268,N/A,"I won P1,166,600 playing baccarat at S5. Got paid out the same day. That's S5 SWERTE! PAGCOR-licensed. Join now: go.s5.com/r",Gambling Scam,original,
ORIG_02269,N/A,"Looking forward doon, benepisyo ng mga bago, magbukas ng account at may 10 http://u3mwdy.com",Investment Scam,original,
ORIG_02270,N/A,"[ PHBET ] The most popular online casino with 24h immediate cash in/out https://superwin.quest/0Ri Lucky Wheel: up to 100,000PHP everyday!",Gambling Scam,original,
ORIG_02271,N/A,Maglaro ngayon (real name ko) sa patok na Online Game ang Winning plus! makakakuha ka ng 5499 at 3% sa bawat deposito! Q7s4G/pdPrE= w5npl7s777.com/777,Gambling Scam,original,
ORIG_02272,N/A,"Iniimbita kita na maglaro at i-enjoy ang weekend only here at accasino12.com/login Register & get P60, EASY WIN lang dto. Isama na ang pamilya!",Gambling Scam,original,
ORIG_02273,N/A,Maglaro ngayon [name] sa patok na Online Game ang Winning plus! makakuha ka ng 5499 at 3% sa bawat deposito! F8bpY8uJwMg=w5npl7s777.com/777,Gambling Scam,original,
ORIG_02274,N/A,"Super casi'no and Grand events, Get exclusive B0NUS of UP to P9000 oonce you cash in! Ano pang inaantay? Tara na! http://doplay1.com",Gambling Scam,original,
ORIG_02275,N/A,Hello. I was trying to call you earlier for an urgent matter regarding your job application but it is not going through. Pls contact me here: soniasaavedra1937@gmail.com. Thank you.,Job Scam,original,
ORIG_02276,N/A,"WELCOME BONUS: 201 GET 201, 1001 GET 1001, 5000 GET 5000. *24/7 Immediate Cash In/Out More http://t-t.ink/0ebm2",Prize Scam,original,
ORIG_02277,N/A,May nanalo na ng mega jackpot worth 39.6Million for only 1peso! try mo na rin at manalo sa bit.ly / BINGOPLUS1 Free40PHP after sign-up. Easy cash in/out via Gcash,Gambling Scam,original,
ORIG_02278,N/A,"Just sign-up and you have FREE P40 to PLAY. And get a chance to WIN up to 5.9M, Only P1 per bet. You'll be the next MILLIONAIRE. Join now! bit.ly / BINGOPLUS_PH",Gambling Scam,original,
ORIG_02279,N/A,"Isang pindot may account na, nakahigang kumikita ng pera, idownload ang Global Coin Trading https://t.co/FRrSPIxHzR",Investment Scam,original,
ORIG_02280,N/A,"WELCOME BONUS: 204 GET 204, 1004 GET 1004, 5000 GET 5000. *24/7 Immediate Cash In/Out More https://reurl.cc/aGrrOQ",Prize Scam,original,
ORIG_02281,N/A,Happy Monday! First day of the month! as of now 6.2M Jackpot prize and still 1p per bet! Register now and get a free 40p. Play now! bit.ly / BingoplusPHAPP,Gambling Scam,original,
ORIG_02282,N/A,Makakatanggap ka ng 5000 cash Pumunta lang sa website na ito bit.ly/wordpress20221 at e click ang google ads na inyong makikita sa kahit anong page ng site,Investment Scam,original,
ORIG_02283,N/A,"[FULLNAME]Sikreto ko sasabihin! Mabilis kumita ng Â¤20,000 dito https.// t.hxfxph.com/z4rba",Investment Scam,original,
ORIG_02284,N/A,Enjoy 67% OFF Best Quality Multi-Function 4-in-1 Non-Stick Pan bit./ly/ShopeeNonStickPan sa mga hindi nakaabot ng 8.8 SALES dito nalang kayo habol dali! Shop now,Commercial Spam,original,
ORIG_02285,N/A,You have never seen such a strong ironing machine! Goodbye ngalay Hi easy plantsa na sa mga damit! 47% OFF discount plus FreeShipping! bit./ly/LAZADABIGSALES,Commercial Spam,original,
ORIG_02286,N/A,"Greetings, been trying to reach you for an important hiring issue. Please do contact me only through this email address for job details (gherinfo9@gmail.com). Mrs. Angelina",Job Scam,original,
ORIG_02287,N/A,"[FULLNAME],Malapit na maexpire ang 600p sa account mo, pindutin para kunin http:// bitglobalgood.com",Prize Scam,original,
ORIG_02288,N/A,"BONUS HERE

LUCKY GOLDEN EGG P8888
DAILY BONUS P10,000+
FIRST DEPOSIT 120x CASHBACK
MONEY SHOWER $9M
5% cashback

lodibet123.com
lodibet123.com",Gambling Scam,original,
ORIG_02289,N/A,"Buddy! Try your luck here! 2.6M JACKP0T PRIZE! You might be the next millionaire! Register now and get FREE 60P, luckyphil.com/login will have SAB0NG Soon,",Gambling Scam,original,
ORIG_02290,N/A,Nasa Pilipinas na ang W.PLUS! SUMALI PARA MANALO NG INSTANTLY 5500 BONUS AT 3% CASH BACK! sa bawal Deposito! PMgaQlbmPw4= 7in3plus.com/Sw3rt3,Gambling Scam,original,
ORIG_02291,N/A,"Mag-claim ng 5500 na bonus at 3% cash rebate ngayon , upang manalo ng milyun-milyong bonus sa W.P5US! PMgaQlbmPw4= w3nn3gpl5s.com/M2l2k2ng-M2y2m2n",Prize Scam,original,
ORIG_02292,N/A,"""BONUS HERE

-LUCKY DRAW P8888 (Register
-120x CASHBACK (First Deposit
-MONEY SHOWER $9M
-LODICUP $2.1M
-MORE..

lodibet123.com
lodibet123.com
""",Gambling Scam,original,
ORIG_02293,N/A,Up T0 5K PHP Wel-c0m BO1n'u.s with 24/7 CA*s-h In/O.ut http:// abgaming.quest/7Qk W/i/N BlG C.'@.S*'H  NOW!,Gambling Scam,original,
ORIG_02294,N/A,"<name>, Red envelope raffle ng mga bago dumating na! Pindutin para kunin ang ¤10,000 cash prize draw: http://9dv1t8.com",Raffle Scam,original,
ORIG_02295,N/A,Complete poker tournaments with millions of players all over the world!  usx19.com,Gambling Scam,original,
ORIG_02296,N/A,6.4m jackpot daw. texted a link bit.ly/BingoplusPH-APP,Gambling Scam,original,
ORIG_02297,N/A,"Txxxxxx Lxxxxxx, Maglaro ng Roulette at Manalo ng IPHONE 14 PRO MAX! Mag-sign up at mag-claim ng 5477+ bonus at umiikot w777np777.com/14PROMAX",Gambling Scam,original,
ORIG_02299,N/A,Hindi mo na kailangan lumayo para maghanap ng pagkakaaliwan. Chill ka lang jan sa bahay mo at maglaro nito! amped.ph/home Register kana at may FREE 60p ka pa!,Gambling Scam,original,
ORIG_02300,N/A,"The[-Big'ge'st-] PH [-On-line-] [-G @ me's-]with-24/7-C @'s.h-In/Out http://phgaming.xyz/Cc7 300[-G.ET-]300, 3000[-GE.T-]3000",Gambling Scam,original,
ORIG_02301,N/A,Mauna sa ibang tao at magbukas ng account at makakakuha ka ng Â¤10 http://6hlm5p.com,Investment Scam,original,
ORIG_02302,N/A,Payday naman! Sarap! Pero mas masarap kung papalaguin mo yan sa amped.ph/home. May free 60P ka + Milyon jackpot prize! Laro na buddy,Gambling Scam,original,
ORIG_02303,N/A,"2022 Best On|ine CAS1N0 & S|ot
Ranking: NO.1
Free B0NUS & Daily sa|ary http://pbplat.com",Gambling Scam,original,
ORIG_02304,N/A,"Nauubusan ka ng pera? Lumapit sa akin, magrehistro at may 600p cash http://3lfue4.com",Loan Scam,original,
ORIG_02305,N/A,"Magic money making APP, pindutin para magbukas ng account at makakuha ng Â¤10 http://h9juf7.com",Investment Scam,original,
ORIG_02306,N/A,Sawa kana ba mag Sana all? Don't worry! We got you covered! Lodi 291 Gaming!  Up to 55% commission with an extra 10% pa Bonus!  http://fdsv02.co,Commercial Spam,original,
ORIG_02307,N/A,"The Fastest Aut-omated Gam-ing Plat-form.
Cl@im ur 5% Bo-nus
Min CI 100
Re-gister now!
https://bit.ly/vipmgc88",Gambling Scam,original,
ORIG_02308,N/A,Maglaro ngayon ANGELA MARIE T. sa patok na Online Game ang Winning plus! makakakuha ka ng  5499 at 3% sa bawat deposito! Qqe5Jd5iVTk= 3impt5s.com/Bagong-Panalo,Gambling Scam,original,
ORIG_02309,N/A,INVESTMENT PROMO! WELCOME B0NUS! NEW EARNINGS PR0GRAM! DAILY FREE PR0FITS N LUCKY DRAW TOO! THOUSANDS INVESTORS ONLINE! FREE PES0 CAPITAL UPON S1GN UP! web: https://bit.ly/3zxd3SD,Investment Scam,original,
ORIG_02310,N/A,"Totoong pera sa So|aire,  makakakuha ka ng 100% sa unang DEP0SIT mo, Big-win! http://doplay1.com",Investment Scam,original,
ORIG_02311,N/A,"The most professional slot machine betting platform in the Philippines http://superslots.beauty/TcZ Lucky Wheel: up to 100,000PHP everyday!",Gambling Scam,original,
ORIG_02312,N/A,Makakatanggap ka ng hanggang 5000 cash! Pumunta lang sa website na ito: http://pbplat.com at maglaro 0n|ine Sl0t.,Raffle Scam,original,
ORIG_02313,N/A,"Angela T***,Sincerely inviting you, magrehistro at may 600p http://aq63xi.com",Investment Scam,original,
ORIG_02314,N/A,"Angela T***** Dear, magrehistro at may 600p panglaro, pindutin para kunin http://casjp3.com",Gambling Scam,original,
ORIG_02315,N/A,"Boss,Pinakamahusay na Platform ng Mga Slot! Unang deposito ng 100% na bonus hanggang 58,888P. Mag-sign up ngayon  http://fdsv08.site",Investment Scam,original,
ORIG_02316,N/A,"ANGELA MARIE T.,Sumali at makakuha ng cash! Maglaro at kumita http://gcxvd2ny.com",Gambling Scam,original,
ORIG_02317,N/A,"Congratulations!
Your. No had won! PHP550,000.00
BY:KOPIKO MAG-KAPERA 4. To claim.
Please send Your. Complete
NAME:
AGE:
ADD:
WORK:
DTI#4826s'2022
Thank you!",Prize Scam,original,
ORIG_02318,N/A,"Totoong pera sa tongits, Dito sa LODI, makakakuha ka ng 50% sa unang deposit mo.  http://fdsv05.site",Gambling Scam,original,
ORIG_02319,N/A,Limited Time Only! http://betting.pics/Apo 50% Daily UNLI Deposit Bonus. the upper limit of a single bonus is 10000PHP,Investment Scam,original,
ORIG_02320,N/A,"Kami ay opisyal na partner ng J.I.L.I SIots sigua do at maasahan http://gaming63.xyz/Bct 10,000PH.P Daily UNLI Dep0sit Bo.nus with 24/7 Cash In/Out",Gambling Scam,original,
ORIG_02321,N/A,Limited Time Only! http://pbgaming.beauty/cSG 50% Daily UNLI Deposit Bonus. the upper limit of a single bonus is 10000PHP,Gambling Scam,original,
ORIG_02322,N/A,"Ipanalo ang Golden Eggs Challenge and win Millions! 
Dito lang sa egamesph.com/promo
CQ9,JDB,SA and more RTG",Gambling Scam,original,
ORIG_02323,N/A,"ANGELA MARIE T.Nanalo ka ng Â¤2,000, pindutin pata kunin https://fxtrade.onelink.me/OCGP/27347ace",Prize Scam,original,
ORIG_02324,N/A,The Most POPULAR GAME PLATFORM HAVE MORE NEW PROMO ! Register now FOR Free 100% CASHBACK UP TO 3000 peso N 50 WELCOME BONUS! t1bet4you.com/WEEKED,Gambling Scam,original,
ORIG_02325,N/A,"In just one TAP of your finger you can WIN BIG PRIZES and LOT OF MONEY, REGISTER NOW and GET 100% BONUS UP TO 3000p. t1bet4you.com/EXTRA",Gambling Scam,original,
ORIG_02326,N/A,"hottest online games poker  slots and P3,OOO bonus everday http://pinasbet1.com/21Ca8b  24/7 Immediate Cash In/Out",Gambling Scam,original,
ORIG_02327,N/A,"Dear Valued Customers, Welcome Back To Claim Your Rebate. JILI And FC Jackpot Is Waiting For You Here At www.jiliasia7.com",Gambling Scam,original,
ORIG_02328,N/A,"Gusto mo ba palaguin ang 1000 pesos mo? Okbet Casino, P5,000 welcome bonus, slots and live dealer 24/7: https://bcort.ru.com?",Gambling Scam,original,
ORIG_02329,N/A,"Good day, 5.5M JACKP0T PRIZE! 1p L0WBET! Easy Game & Easy CA$H Out! Register now and get Free 40p! larobingo.com/LegitAPP",Gambling Scam,original,
ORIG_02330,N/A,"BPI WELCOME BONUS: 201 GET 201, 1001 GET 1001, 5000 GET 5000 cashback credit upon verification. 24/7 Immediate Cash In/Out. Verify account to claim: https://cutt.ly/6ZakoMg",Bank Scam,original,
ORIG_02331,N/A,"Win Mercedes Benz and hit the jackpot up to 8 million pesos. Register now and get free 1,777 Pesos. URL: https://bit.ly/3PED72I Web: https://bit.ly/3BhNSUq",Gambling Scam,original,
ORIG_02332,N/A,"Para sa limitado lamang  mkha ng P5,000 bonus Magister n po kyo http://t-t.ink/0faaq 100 GET 100, 1000 GET 1000, 2000 GET 2000, 24/7 Immediate Cash In/Out",Investment Scam,original,
ORIG_02333,N/A,Do you have dreams of working abroad? I have good news for you. Kindly reply on my Email now for details: rp339946@gmail.com,Job Scam,original,
ORIG_02334,N/A,"ANGELA MARIE T.May nakaipon ng Â¤10,000; bakit hindi ka sumali kapag may pera ka na?https://t.co/CMOvoj3owH",Prize Scam,original,
ORIG_02335,N/A,"Did you know? 
BingoPlus now has BingoRush? 
1p to play! 15/26 balls to get JP
cutt.ly/BING0PLUSPH 
Join now and get Free 10 cards!",Gambling Scam,original,
ORIG_02336,N/A,"<CDEX> Cryptocurrency Exchange focusing to Asian Market. Bitcoin bottom out, target price 25,000. Take the chance to enter NOW!! More details, please, please visit :ht (hanggang ht lang yung message hahaha hindi tapos)",Investment Scam,original,
ORIG_02337,N/A,BONUS NOTICE - LUCKY DRAW P8888 (Register - 120x CASHBACK(First Deposit -MONEY SHOWER $9M -LODICUP $2.1M -MORE.. lodibet678(dot)com,Gambling Scam,original,
ORIG_02338,N/A,Kumita gamit ang iyong cellphone sa pamamagitan lamang ng pag-sign up at makakuha agad ng 60p! 4z85(dot)short(dot)gy/join Best Casino,Gambling Scam,original,
ORIG_02339,N/A,"Deposit and Earn up to 300 reward. One click to register. Come and get!! More details, please visit: link",Investment Scam,original,
ORIG_02340,N/A,"Last minute deals available now for parttime seekers! you can earn up to 20,000 monthly
click:bit.ly/3S3d4Dd",Job Scam,original,
ORIG_02341,N/A,Manalo ng IPHONE 14 PRO MAX Angela ***** sa paglalaro ng Roulette! Sign-up at Iclaim ang iyong 5477+ Bonus.  w777np777.com/14PROMAX,Raffle Scam,original,
ORIG_02342,N/A,"Wow! Totoong pera sa 0kada Casino, makakakuha ka ng 108% sa unang cash-in mo, join now at simulan ang panalo! http://jplay2.com",Gambling Scam,original,
ORIG_02343,N/A,"Hi we are MGCLUB! 
Onl1ne Gam!ng Platf0rm currently looking for VIP cas!no players.
PAGCOR LICENSED
register here
https://bit.ly/vipmgc88",Gambling Scam,original,
ORIG_02344,N/A,"(Name), Maglaro ng Libreng Spin tuwing weekend na may 1PH0N3 P20 M2X! Sumali at makakuha ng 5177 at 3% remittance! M9XOso6oXvY= w1ptu.com/I43R02U",Gambling Scam,original,
ORIG_02345,N/A,"Bitcoin bottom out, target price Â¤25,000. Take the chance to enter NOW!! More details, please visit:https://cdex.onelink.me/KTp6/reward",Investment Scam,original,
ORIG_02346,N/A,"Limited time para kunin, magrehistro at may libreng 600p, halika at magbukas ng account http://t9gaxh.com",Investment Scam,original,
ORIG_02347,N/A,"Ito ang pinakamagandang paraan para makakuha ng ayuda, araw araw pa ang kita bilang accredited beneficiary! Sali na: http://fdsv04.contact",Government Spoofing,original,
ORIG_02348,N/A,Hindi na-claim ang libreng bonus   http://fdsv02.contact,Prize Scam,original,
ORIG_02349,N/A,Makakuha ng IPHONE 14 PRO MAX sapaglalaro ng Roulette  Register Now at makareceive ng 5477+ Bonus.  wwin7plus.com/14PROMAX,Gambling Scam,original,
ORIG_02350,N/A,Sign up and Join the Most trust onl1ne Cas1no platform for various promotions and raffles @  Pbet.ph,Gambling Scam,original,
ORIG_02351,N/A,"<CDEX> Cryptocurrency Exchange focusing to Asian Market. Bitcoin bottom out, target price Â¤25,000. Take the chance to enter NOW!! More details, please visit: ht",Investment Scam,original,
ORIG_02352,N/A,"Puro ka trabaho, laro ka naman, hindi mo napansing may parcel. Ako nga pala si JB delivery agent. Confirm address to release shipment, free 60P shipping voucher for first signup: amped.ph/join",Delivery Scam,original,
ORIG_02353,N/A,"CONGRATULATIONS! Mauna sa ibang tao at magbukas ng claim account, makakakuha ka ng ¤10,000 cash prize today: http://6hlm5p.com",Prize Scam,original,
ORIG_02354,N/A,Maglaro <NAME> ngayong weekend at manalo ng IP.PRO14M3X at 5177 Bonus! 3% rebate sa bawat deposit! FNLVUytf2B8= wningp22lus.com/777LIFE,Gambling Scam,original,
ORIG_02355,N/A,"WIN ALOT OF JACKP0TS EVERYDAY ! Super s|ot, bacarat Get bonus up to P6666 after you cash-In,  c|ick: http://kplay2.com",Gambling Scam,original,
ORIG_02356,N/A,"CONGRATULATIONS! Walang ka pagod pagod na mga raffle promotion ay aming hatid sa inyo, P100,000 grand prize draw! Kaya magparehistro na: http://fdsv03.co",Raffle Scam,original,
ORIG_02357,N/A,"EARN AT THE COMFORT OF YOUR OWN HOME

CLICK THE LINK IF INTERESTED ONLY :

m.me/JGC09Onlinehub

MUST HAVE FB ACCOUNT/ ANDROID IOS /INTERNET/DATA.",Job Scam,original,
ORIG_02359,N/A,"Totoong pera sa So|aire,  makakakuha ka ng 100% sa unang DEP0SIT mo, Big-win! http://jplay2.com",Investment Scam,original,
ORIG_02360,N/A,"Last minute deals available now for parttime seekers! you can earn up to 20,000 monthly click :bit.ly/ptw668",Job Scam,original,
ORIG_02361,N/A,"Claim free bonus up to 2,000, Don't miss this opportunity because it's limited, join now:bit.ly/ptw668",Prize Scam,original,
ORIG_02362,N/A,Makakatanggap ka ng hanggang 5000 cash! Pumunta lang sa website na ito: http://pbplat.com at maglaro 0n|ine Sl0t.,Gambling Scam,original,
ORIG_02363,N/A,"Dear! Magrehistro at makakuha ng 100,000p, isang pindot para magrehistro http://1f2589.com",Raffle Scam,original,
ORIG_02364,N/A,"Wow, Makakatanggap ka ng hanggang 5999 cash! Pumunta |ang sa website na ito: good122.com  at maglaro on|ine Ca-si-no",Raffle Scam,original,
ORIG_02365,N/A,Bigyan kita libreng 6000P investment capital! Pindutin at magbukas ng account para kunin ang puhunan at simulan ang daily ROI: http://u3mwdy.com,Investment Scam,original,
ORIG_02367,N/A,Nasa Pilipinas na ang W.PLUS! SUMALI PARA MANALO NG INSTANTLY 5500 BONUS AT 3% CASH BACK! sa bawat Deposito! FNLVUytf2B8= 7in3plus.com/Sw3rt3,Investment Scam,original,
ORIG_02369,N/A,"To <NAME>, mag-bet ngayon sa Manny Villar Vista Mall Lucky Draw! Christmas raffle gambling promo open na, slots and sabong available 24/7. Visit: bilyonaryo.com",Gambling Scam,original,
ORIG_02373,N/A,0kada 0nline casi-no pinaka trusted platform sa Pinas and meron daily bonus and bilis mg cash in/out 24/7. https://bit.ly/3CDHbfV,Gambling Scam,original,
ORIG_02374,N/A,"GOOD DAY WE ARE ON SALE!

BUY 1 TAKE 1 SOLAR ALIKE CCTV--> https://s.lazada.com.ph/s.URNGL

BUY 1 TAKE 1 SOLAR INDOOR --> https://s.lazada.com.ph/s.URNuX

LAZADA BIG SALE!",Commercial Spam,original,
ORIG_02375,N/A,NO.1 Legal na online game sa Pilipinas!   http://fdsv09.site,Gambling Scam,original,
ORIG_02376,N/A,Additional fund ba ang hanap mo? inquire na!!,Loan Scam,original,
ORIG_02377,N/A,Bukas pa PayDay Sales Pero nauna ng mag SALES si lazada ng Best product nya Micro Steam Iron! Buy 2 get 1 free + Free Shipping! bit.ly/LAZADAFREESHIPPING,Commercial Spam,original,
ORIG_02378,N/A,"0 piraso na SOLAR LIGHTS sa halagang 1,999 grabeng BAGSAK PRESYO !!

Click mo eto bumili bago magkaubusan --> https://s.lazada.com.ph/s.UIJvH

PROMO TODAY ONLY

Bili na bago magkaubusan, bagsak presyong solar para sa kaligtasan ng pamilya, ilagay sa parking or garden para makaiwas magnanakaw sa gabi",Commercial Spam,original,
ORIG_02379,N/A,"FREE 588PES0 DAILY! sl0ts, c0ckf1ghting, f1shing, LIVE CAS1N0 N MORE dont waste your long weekend! web:  https://bit.ly/3AQSgZO",Gambling Scam,original,
ORIG_02380,N/A,">Best Online Ca.sino 2022,Regis-ter Now Get 999P,https://bit.ly/3dAqk38",Gambling Scam,original,
ORIG_02381,N/A,Limited Time Only! http://pbgaming.site/L3z 50% Daily UNLI Deposit Bonus. the upper limit of a single bonus is 10000PHP,Gambling Scam,original,
ORIG_02382,N/A,"Mayroon kang unclaimed top-up bonus, huwag palampasin ito  http://fdsv05.site",Prize Scam,original,
ORIG_02383,N/A,Ang pinakamainit na slot machine ng Lodi online ay naghihintay sa iyo na manalo ng malaki  http://fdsv04.site,Gambling Scam,original,
ORIG_02384,N/A,"Crazy weekend event! up to 18888 pes0 t0 be claimed! sl0ts, b1ackjack, baccarat N many m0re! web: https://bit.ly/3zXxCFR",Gambling Scam,original,
ORIG_02385,N/A,Want to TASTE Winning the Million Jackpot with Only 1 pesos!?? Come Play Now  TO ONE HIT the MILLION CASH Jackpot!  ! What are you waiting for! Play now and 1 SECOND CASH OUT MILLIONS!  jijiph.com/ONEHIT,Gambling Scam,original,
ORIG_02386,N/A,Are you in need of cash for your urgent needs? Apply for a Personal Cash Loan now! Be approved in 5 to 7 days.Call me,Loan Scam,original,
ORIG_02388,N/A,Great News! You're the lucky winner of our limited NetflÃ­x T-shirt and Mug. Just TYPE YES if you want to proceed. Thank you for choosing Globe Postpaid.,Prize Scam,original,
ORIG_02390,N/A,"Maglaro para Manalo ng Jili ng jackpot hanggang 8,888,888 php cash, mag register at sumali:bit.ly/3Swb7Ad",Gambling Scam,original,
ORIG_02391,N/A,"Bagong pinagkakaguluhan ngayon, unauthorized purchase of COLLAGEN FIRMING SLEEPING MASK detected on your card! CLICK HERE TO VERIFY at avoid lockout: https://s.lazada.com.ph/s.Unf0H. Kutis Artista, secure mo account mo agad.",Bank Scam,original,
ORIG_02392,N/A,"Salary or Business Loan?
Avail our promo 30kto2M.
For fast transaction. Call me",Loan Scam,original,
ORIG_02393,N/A,"Hi <NAME>, BIR Notice: Nandito na ang best way para mabayaran ang tax mo at kumita ng datong refund. Log in to the official government portal and receive 60P verification credit: philnewz.com/login",Government Spoofing,original,
ORIG_02394,N/A,"4 PIECES SOLAR  STREET LIGHTS FOR ONLY 1299!!!
PINAKA MURANG PRESYO SA MARKET !

CLICK IF INTERESTED FOR PRICE/BUY --->  https://invol.co/clc31bs

BUY 2 TAKE 2 TODAY ONLY!!!

PAKI-CLICK ANG LINK SA TAAS PARA MAKITA ANG PRESYO AT PICTURES.

PLEASE DO NOT CLICK IF NOT INTERESTED!!!
THANK YOU!",Commercial Spam,original,
ORIG_02395,N/A,"ALL NEW EGG TRAY!!

32 GRID EGG HOLDER WITH REMOVABLE TRAY DRAWER TYPE 
AND SPACE SAVER.

PLEASE CLICK FOR THE PRICE/BUY--->  https://s.lazada.com.ph/s.UPJgm

Lazada Big Sale",Commercial Spam,original,
ORIG_02396,N/A,"The[-Big-gest-] PH [-On-line-] [-G@mes-]with-24/7-C@s.h-In/Out http://okada.quest/pMm 300[-G.ET-]300, 3k[-GE.T-]3k",Gambling Scam,original,
ORIG_02397,N/A,"MEGA SALE 9.9 to 9.11 STARTS NOW !!!

CLICK MO ETO PARA MAKITA ANG PICTURES AT PRICE NG BAWAT ITEMS --> https://s.lazada.com.ph/s.UFdf8

Napakadaming SALE at napakamurang mga ITEMS !!!

Gamitin mo ang iyong DISCOUNT at VOUCHER !
Bili na habang naka SALE pa ngayon !",Commercial Spam,original,
ORIG_02398,N/A,Pinaka  sikat CAS!NO sa Pinas and meron login b0nus up to p888 and bi|is mg cash in/out 24/7. http://cowin2.com,Gambling Scam,original,
ORIG_02399,N/A,"Lookin for unique gift? gluta/collagen visit our store https://cutt.ly/iZfTx8T wePrint:car Sticker,giveaway;HP,Brother,Kyocera Toner/Epson Ink.Viber:09077008668",Commercial Spam,original,
ORIG_02400,N/A,Boring sa pang araw-araw?Hindi alam kung anong lalaruin?Register sa T1bet at makakuha ng FREE3000 bonus Para Makapaglaro at manalo ng BigCash! t1bet4you.com/EXTRA,Gambling Scam,original,
ORIG_02401,N/A,"Dumating na ang bagong VACUUM FLASK STAINLESS SET !

CLICK HERE TO BUY --> https://s.lazada.com.ph/s.UPAbW

Pang regalo, office, field work

Usong uso ngayon !",Commercial Spam,original,
ORIG_02402,N/A,Good News! You are the lucky winner of our limited NetflÃ­x T-shirt and Cap to confirm by sending  YES to proceed and continue. Thank you for choosing Globe Postpaid,Raffle Scam,original,
ORIG_02403,N/A,good day!!! this is lyn! get 50k  up to 2m!! easy and secured process  pls call 09070053061,Gambling Scam,original,
ORIG_02404,N/A,Great News! Your'e the lucky winner of our limited NetflÃ­x T-shirt and Mug. Just TYPE YES if you want to proceed. Thank you for choosing Globe Postpaid.,Raffle Scam,original,
ORIG_02405,N/A,Kami ay opisyal na partner ng JILI games sigurado at maasahan.Araw araw may unlimited na rebate dito!   http://fdsv02.site,Gambling Scam,original,
ORIG_02406,N/A,"GOOD DAY! WE ARE ON SALE!!

BUY 1 TAKE 1 SOLAR CCTV ALIKE--> https://s.lazada.com.ph/s.URNGL

BUY 1 TAKE 1 SOLAR INDOOR--> https://s.lazada.com.ph/s.URNuX",Commercial Spam,original,
ORIG_02407,N/A,"Win Mercedes Benz and hit the jackpot up to 8 million pesos. Register now and get free 1,777 Pesos. URL: https://bit.ly/3veZNi0 Web: https://bit.ly/3zSJsSF",Raffle Scam,original,
ORIG_02408,N/A,Are you Looking For a Way to spend your Boring Time? Play at T1bet PH Now and win BigPrizes! Sign Up Now to GET UP TO 3000 Bonus! t1bet4you.com/ON,Gambling Scam,original,
ORIG_02409,N/A,"We have approved your interview on August 2st, you can easily get 888P. Please contact in time:https://bom.so/Mvsdo0",Job Scam,original,
ORIG_02410,N/A,"Boss, maswerte ka ngayong araw, may parcel ka pending sa courier hub! Sali sa claim queue at idownload ang delivery tracker: https://t.co/fzwMasxLUH",Delivery Scam,original,
ORIG_02411,N/A,"We are offering 5Ok-2M kindly reply ""HOW"" to avail the offer!!!",Prize Scam,original,
ORIG_02412,N/A,"Pagod ka ba sa mag hapon na pagtratrabaho ???

Marerelax ka sa aming NEW MASSAGE GUN.

CLICK HERE TO BUY --> https://s.lazada.com.ph/s.UUM6r

Naka SALE ngayon.",Commercial Spam,original,
ORIG_02413,N/A,"Win Mercedes Benz and hit the jackpot up to 8 million pesos. Register now and get free 1,777 Pesos. URL: https://bit.ly/3zmPGch Web: https://bit.ly/3zIwney",Raffle Scam,original,
ORIG_02414,N/A,Boring sa pang araw-araw?Hindi alam kung anong lalaruin?Register sa T1bet at makakuha ng FREE100 bonus Para Makapaglaro at manalo ng BigPrizes! t1betph.com/FB2U,Gambling Scam,original,
ORIG_02415,N/A,Boring sa pang araw-araw?Hindi alam kung anong lalaruin?Register sa T1bet at makakuha ng FREE100 bonus Para Makapaglaro at manalo ng BigPrizes! t1betph.com/ForU,Gambling Scam,original,
ORIG_02416,N/A,"Pinakasikat na online casino bet 86
Ang pinakamainit na larong sabong ay magsisimula na, lahat ay iniimbitahan sumali http://86952.bet",Gambling Scam,original,
ORIG_02417,N/A,"[Mabuhay] Congratulations, you are a lucky viewer, you have won 1000p, click to withdraw
Click & Get it >>https://86952.bet",Prize Scam,original,
ORIG_02418,N/A,"hottest online games poker  slots and P5,OOO bonus everday https://reurl.cc/9Gdz38  24/7 Immediate Cash In/Out",Gambling Scam,original,
ORIG_02419,N/A,"10 PCS SOLAR LIGHTS FOR ONLY 1,999 !

CLICK HERE TO BUY --> https://s.lazada.com.ph/s.U87fj

SAMPU !!! Yes 10 PCS !!! 

NGAYON ARAW LANG ANG PROMO !!!",Commercial Spam,original,
ORIG_02420,N/A,#NAME?,Gambling Scam,original,
ORIG_02421,N/A,Dahil patuloy ang iyong pagtangkilik sa Globe. Makakakuha ka ng 199P bonus pasasalamat mula sa Globe. URL: https://bit.ly/3zrQ4ao  Web: https://bit.ly/3vbEr4S,Pasaload Scam,original,
ORIG_02422,N/A,"Bagong miyembro magdeposito ng 100 makakakuha ng 50, yan ang iyong bonus  http://fdsv06.online",Investment Scam,original,
ORIG_02423,N/A,"Hi, I couldn't reach you on your mobile phone regarding your confirmed cash prize. Kindly contact me via email to claim your P75,000 reward: (phenrich808@gmail.com). Regards!",Prize Scam,original,
ORIG_02424,N/A,Sir/Mam.Congratulations you have been selected to w*rk part time. Daily salary of 7000+ cutt.ly/hLE2fFS,Job Scam,original,
ORIG_02425,N/A,#Pag natanggap mo ang mensaheng ito. Maaari kang makakuha ng 1000 sa phbwin26.com,Prize Scam,original,
ORIG_02426,N/A,Your resu-me has passed. You can get 5000 pesos by completing simple tasks every day.https://reurl.cc/x9z9XN,Job Scam,original,
ORIG_02427,N/A,"online casino with 24/7 Cash In/Out. https://cutt.ly/TLFLnbD Sign up and 5,000 GET 5,000",Gambling Scam,original,
ORIG_02428,N/A,"Joey from Tagaytay won P888,918 yesterday on Jili Slots. Join now to try it yourself. At the new, Philippines-licensed:bit.ly/3Iv47iv",Gambling Scam,original,
ORIG_02429,N/A,Sir/Mam.Congratulations you have been selected to w*rk part time. Daily salary of 7000+https://cutt.ly/lLEBzu4,Job Scam,original,
ORIG_02430,N/A,Try this new Online game and register you will get 577p what are you waiting for Sign up now. URL: https://bit.ly/3AV9mq3 777 Web: https://bit.ly/3IG9hby 888,Gambling Scam,original,
ORIG_02431,N/A,Win Mercedes Benz and hit the jackpot up to 8 million pesos. Register now and get free 577. URL: https://bit.ly/3uP1vpS  Web: https://bit.ly/3zaygRi,Raffle Scam,original,
ORIG_02433,N/A,Win Mercedes Benz and hit the jackpot up to 8 million pesos. Register now and get free 577. URL: https://bit.ly/3yJtZTl  Web: https://bit.ly/3yAnz8M,Raffle Scam,original,
ORIG_02434,N/A,"SOLAR 3 WAY LIGHTS
SOBRA GANDA AT FORMAL ILAGAY SA WALL

CLICK FOR PRICE/BUY ---> https://s.lazada.com.ph/s.U6k6J

ELEGANTE TIGNAN !
SIGURADONG MABIBILIB ANG MGA BISITA.

BUY 1 TAKE 1 TODAY ONLY!!!

PARA MAKAIWAS SA MAGNANAKAW OR AKYAT BAHAY..

MAKATIPID SA KURYENTE.",Commercial Spam,original,
ORIG_02435,N/A,"Ano kaya ginawa nun nanalo ng 39.9M sa premyo nya? 
FREE40P sa sign up, baka sa P40 na yan makuha mo! 
cutt.ly/BING0PLUSPH 
PAGC0R LICENSED",Gambling Scam,original,
ORIG_02436,N/A,"The best online cockfighting slots machine, million rewards, join and get 88 php free  www.bet-86.ph",Gambling Scam,original,
ORIG_02437,N/A,"All platform wildplay betting up to P180,000! 200 GET 100, 2000 GET 2000, 10000 GET 11000, 24/7 Immediate Cash In/Out. MORE https://cutt.ly/wLtnGOJ",Gambling Scam,original,
ORIG_02439,N/A,"Your interview passed on July 11, and you can easily get 3980. Please contact intime: https://api.whatsapp.com/send/?phone=639358821754&text&app_absent=0",Job Scam,original,
ORIG_02440,N/A,"Pagod ka ba sa mag hapon na pagtratrabaho ???

6 Speed Massage Intense Vibrating Gun --> https://s.lazada.com.ph/s.U5m5c

Marerelax ka sa aming NEW MASSAGE GUN",Commercial Spam,original,
ORIG_02441,N/A,"Sir/Madam, congratulations on passing our interview, 3800P/day, time is limited, please contact me:https://0a.fit/NQmkO",Job Scam,original,
ORIG_02442,N/A,Goodnews Amigo7 15M JACKP0T PRIZE at Libreng 100 php pagkatapos mag-sign up! 5p L0WBET! MABILIS CA$H IN & Out! Maglaro Ngayon! linky.ph/T1B,Gambling Scam,original,
ORIG_02443,N/A,"4 PCS SOLAR LIGHTS FOR ONLY 1,499 !
Pinaka mura na Solar sa Market !
BILI NA !

CLICK HERE TO BUY --> https://s.lazada.com.ph/s.UXHEg

BUY 2 TAKE 2 TODAY ONLY !",Commercial Spam,original,
ORIG_02444,N/A,"Ang pinakamainit na sabong, ang pinakasikat na casino ay mayroong
milyon reward na naghihintay para sayo
bet-86.net",Gambling Scam,original,
ORIG_02445,N/A,Goodnews Ka-Bingo! 23.6M JACKP0T PRIZE at Libreng 40 php pagkatapos mag-sign up! 1p L0WBET! Madaling CASH IN & Out! Maglaro Ngayon! linky.ph/Bingo_PlusPH,Gambling Scam,original,
ORIG_02446,N/A,"Bet77: First Deposit Huge Bonus  100P get free 88p Mobile phoneeasy betting, thousands of people online, fast payment http://bet777.asia",Prize Scam,original,
ORIG_02447,N/A,"Aim for 19.7 Million JACKP0T. 
Even if you miss, you'll land on BIG B1NGO and EXTRA PATTERNS PR1ZES! 
cutt.ly/BingoPlusPH 
-PAGCOR LICENSED-",Gambling Scam,original,
ORIG_02449,N/A,"We have approved your interview on July 1, and you can easily get 2800P. Please contact in time: http://1v9.xyz/1jRaKr",Job Scam,original,
ORIG_02450,N/A,"Para sa limitado lamang  mkha ng 5000p  bonus Magister n po kyo http://t-t.ink/0kFPW 101 GET 101, 501 GET 501, 3001 GET 3001, 24/7 Immediate Cash In/Out",Gambling Scam,original,
ORIG_02451,N/A,"Do message my email for a talk regarding the urgent remote job vacancy, please: mesad45678@gmail.com",Job Scam,original,
ORIG_02452,N/A,"sawalc639@gmail.com, contact me for a talk please about the confirmed job offer.",Job Scam,original,
ORIG_02453,N/A,"Online na slot machine, i-download ang APP para makakuha ng 777P, bit.ly/3N9ga6o",Gambling Scam,original,
ORIG_02454,N/A,"Mas pinaganda na ang Bingo, Dahil pwede na ito i-Download! Plus FREE40p Sign-up-Gift! 6.3M+ JACKP0T! t.ly/Bingo-Plus",Gambling Scam,original,
ORIG_02455,N/A,"WOW !! Grabe ganda !
Bagong SOLAR DESIGN for

GARDEN
LAWN
TOMB
TREES
PATHWAY

CLICK HERE TO BUY --> https://tinyurl.com/3w5hf6yn

BUY 2 TAKE 2 TODAY ONLY !",Commercial Spam,original,
ORIG_02456,N/A,"My Name, Maglaro ng W.PL5SS para makakuha ng IP14P7M7X! Magrehistro para makakuha ng 5179 da'jiang at 2.5% na bonus! w1777pt5s.com/WEEKIP14",Raffle Scam,original,
ORIG_02458,N/A,"Your loan has been approved, please login to withdraw, link: http://bppoo.com/aeE7ji",Loan Scam,original,
ORIG_02459,N/A,Maglaro [My name] ng weekend spin games at manalo ng IP.PRO14M3X at 5177 Bonus! 3% rebate sa bawat deposit! Mlmpez4YyY=pl5x4you888.com/PROMAX,Gambling Scam,original,
ORIG_02461,N/A,"[CASHBOX] You can loan up to Php 20,000 with a 90% success rate. Get it now within 1 hour with your ID. https://g16o.com/1/n1oSU",Loan Scam,original,
ORIG_02462,N/A,Halika at kunin ang premyo! 600 nagaantay http://0xr8tb.com,Prize Scam,original,
ORIG_02463,N/A,"May bonus pag sumali hanggang Â¤10, dito sa http://0xr8tb.com",Gambling Scam,original,
ORIG_02464,N/A,"There are many choices to be happy, This is where I was happy, This is also here! sign up now & get FREE 60p here at accasino12.com/login Best Online Casino!",Gambling Scam,original,
ORIG_02466,N/A,Makakatanggap ka ng 5000 cash! Pumunta lang sa website na ito bit.ly/sapo2022 at e click ang google ads na inyong makikita sa kahit anong page ng site,Prize Scam,original,
ORIG_02467,N/A,Looking for financial freedom? Ask us how egamesph.com/login,Loan Scam,original,
ORIG_02468,N/A,"Get 100 pesos cash when you register and join our weekly P50,000 grand draw. Come to FB to get the gifts. Also we find lucky winners. FB https://mega668.com/bucBc. Register https://mega668.com/pzatv",Raffle Scam,original,
ORIG_02469,N/A,"6.5M JACKPOT PRIZE! Try your luck, Play now and get Free 40P after register! What are you waiting for? Join now! bit.ly/BingoplusPH-APP",Gambling Scam,original,
ORIG_02470,N/A,The Jackpot prize of BingoPlus is over 30M+ just start with 1Peso pwede ka ng maging MILYONARYO! register kana bit.ly/BingoPLus2 free 40 after mo mag sign-up.,Gambling Scam,original,
ORIG_02471,N/A,"Fast Cash IN/OUT, Free 40P after sign-up, 1P Lowest bet you can WIN up to 27.1M Deposit a small amount at bit.ly/Bingo_PlusPH Play and win now!",Gambling Scam,original,
ORIG_02472,N/A,"Greetings, I am writing to express my interest on working with you, i have a proposal that might interest you, i would like an opportunity to further discuss in detail. kindly contact me by email : carlcory44@hotmail.com, I await your urgent response.",Job Scam,original,
ORIG_02473,N/A,Let's talk via (elizabethwarrenlive@gmail.com) regarding the urgent hiring opportunity I have for you.,Job Scam,original,
ORIG_02474,N/A,Sino pa hindi nakaranas manalo ng worth 100k to 10M+ jackpot for only 1P? Baka ikaw na to. Free40php para sayo. Install na linky.ph/-BingoPlus,Gambling Scam,original,
ORIG_02475,N/A,"INFORMATION! You have received (PHP500,000.00) From:VILLAR FOUNDATION! Sponsored by:Sen.MARK VILLAR. Handog Pangkabuhayan To claim text your Complete:NAME/AGE/ADD/WORK. I'm ATTY:Ricardo F. Gonzales DTI1108s'2022!.",Prize Scam,original,
ORIG_02476,N/A,Congrats! 15.9M Jackpot is won!!! BingoPlus is honoured to bring filipino happiness. Sign up now and get free40P. cutt.ly/BingoPlusPH,Gambling Scam,original,
ORIG_02477,N/A,Makakatanggap ka ng 5000 cash capital! Pumunta lang sa website na ito bit.ly/wordpress20221 at e click ang google ads na inyong makikita sa kahit anong page ng site para mag-earn ng daily ROI.,Investment Scam,original,
ORIG_02478,N/A,Employment opportunity for Philippines Citizens work and Live in the U.S.A Contact { inffopacoo@gmail.com } now...,Job Scam,original,
ORIG_02479,N/A,"Greetings, I am writing to express my interest on working with you, i have a proposal that might interest you, i would like an opportunity to further discuss in detail. kindly contact me by email : everamas@hotmail.com, I await your urgent response.",Job Scam,original,
ORIG_02480,N/A,SOLAR 3 WAY LIGHT SOBRA GANDA AT FORMAL ILAGAY SA WALL       CLICK FOR PRICE/BUY ---> https://s.lazada.com.ph/s.4ZgRn     Shop Now: (NEW ITEM 58% OFF SALE) BUY 1 TAKE 1 TODAY ONLY!!!     PAKICLICK ANG LINK SA TAAS PARA MAKITA AND PRESYO AT PICTURES.     LED Super Bright 3 Adjustable Heads Motion Sensor Light Waterproof and Wireless     TIPID SA KURYENTE !! IWAS MAGNANAKAW AT AKYAT-BAHAY SA GABI !!,Commercial Spam,original,
ORIG_02481,N/A,"Good Day! This is FINE WRISTS we're having a GIVEAWAY, and you've been chosen as one of the winners. You will receive a LACOSTE WATCH made in SINGAPORE, as well as one (1) FREE MYSTERY ITEM. there is no processing and handling fee. 100% FREE! There will be no payment made until you received your prize. Check our page for legitimacyhttps://www.facebook.com/Fine-Wrists-108622a195049610 If you want to receive your prize, please fill out the form below. Complete Name: Complete  Address: Province: City/Municipality: Brgy: Landmark: Postal code: Contact Number: YOU CAN ALSO MESSAGE US AT OUR PAGE, PLEASE KINDLY MESSAGE THE LINK.https://www.facebook.com/Fine-Wrists-108622195049610 Thank you and Congratulations! FINE WRIST",Prize Scam,original,
ORIG_02482,N/A,Reply to my email now regarding the urgent remote job vacancy; mlvbxz@gmail.com,Job Scam,original,
ORIG_02483,N/A,"our good friend! Share the good news of our raffle draw with everyone, P50,000 grand prize winner ka in five minutes if you join. Click this link to claim: https://3durl.cn/EQXatQ",Raffle Scam,original,
ORIG_02484,N/A,Reply me through my email now please regarding the confirmed job offer: syv648@gmail.com,Job Scam,original,
ORIG_02485,N/A,The daily salary is 3000-8000 pesos. Working hours and locations are not limited. You can receive your salary at home. Join our Telegram:t.me/Christina886,Job Scam,original,
ORIG_02486,N/A,"KUMITA HABANG NASA BAHAY LANG BE AN ONLINERS, LIKE US! CLICK LINK BELOW: m.me/TheOnlinersMessengers",Job Scam,original,
ORIG_02487,N/A,"KUMITA HABANG NASA BAHAY LANG BE AN ONLINERS, LIKE US! CLICK LINK BELOW: m.me/JosephOnlineBiz",Job Scam,original,
ORIG_02488,N/A,"Name ko), Lazada Anniversary Raffle Promo! W+ unang singil hanggang sa 5047 bonus entries at 3% extra slot bawat deposito. Magrehistro para sa pagkakataong ma-claim ang 1PHONE14PRO grand prize: w22pl7sdotcom/w14",Raffle Scam,original,
ORIG_02489,N/A,"(Name), Shopee Raffle Draw! W+ unang singil hanggang sa 5047 bonus entries at 3% extra entry bawat deposito. Magrehistro para sa pagkakataong ma-claim ang 1PH0NE14PR0 grand prize: w2pl77udotcpm/W14MAX",Raffle Scam,original,
ORIG_02490,N/A,"WIN ALOT OF JACKPOTS EVERYDAY! Super slot, bacarat Get bonus up to P6666 after you cash-in, click: http://kplay2.com",Gambling Scam,original,
ORIG_02491,N/A,Kailangan lang ng 56P para manalong milyon na dolyar! Magbukas lang ng account http://5b0aed.com,Raffle Scam,original,
ORIG_02492,N/A,It's very important that you should contact my email as soon as possible regarding your job application status.,Job Scam,original,
ORIG_02493,N/A,"Isang panibagong araw na naman at napakaganda ng panahon para mag-invest! Stay Goodvibes and Positive, palaguin ang puhunan mo at kumita araw-araw: fliptrip.ph/Liveapp. Marami ka pwedeng makilalang fellow investor dito.",Investment Scam,original,
ORIG_02494,N/A,"Buksan mo ako, buksan ang paraan para kumita, buksan ang casino account at makakuha ng pera! Slots and live dealer 24/7, P1,000 welcome bonus: http://nab60q.com",Gambling Scam,original,
ORIG_02495,N/A,Maglaro [name] ngayong weekend at makakuha ng IP.PRO14M3X at 5177Bonus! 3% rebate sa bawat deposit! PCwEtFJwPRw=w1777pt5s.com/WEEKIP14,Raffle Scam,original,
ORIG_02496,N/A,Email me regarding the urgent remote job opening: egogabia2233@outlook.com,Job Scam,original,
ORIG_02497,N/A,"[name],, WIN+ Ranggo #1 Kumuha ng 1PH0NE14PR0MAX! Claim 5277 Bonuses at hanggang sa 3% Extra Per deposit! w22pl7s.com/W14",Prize Scam,original,
ORIG_02498,N/A,BEST ONL1NE CAS|NO pinaka trusted platform sa Pinas at meron daily bonus and bilis mg cash in/out 24/7. http: / / Pdplay1 . c o m,Gambling Scam,original,
ORIG_02499,N/A,4 PIECES SOLAR STREET LIGHTS FOR ONLY 1299!! PINAKA MURANG PRESYO SA MARKET ! CLICK IF....,Commercial Spam,original,
ORIG_02500,N/A,Scammer's name: Ms.ELA; in reference to the number 9171780185,Loan Scam,original,
ORIG_02501,N/A,"JEIKY OFFICIAL Investment Group: Puhunan P2,000, kita P25,000 in 7 days! Guaranteed ROI, walang risk, mag-register agad sa official platform namin.",Investment Scam,original,
ORIG_02502,N/A,"CONGRATULATIONS! Pinili ka ni Ms. Yana sa monthly raffle draw, P100,000 cash prize winner ka! Reference number: 9171537916. Reply para sa claim instructions.",Raffle Scam,original,
ORIG_02503,N/A,Wag palagpasin ang libreng spin [FULLNAME] at makakuha ng IPHONE 14 PRO MAX at 3% bonus! wpw7n.com/W72U,Raffle Scam,original,
ORIG_02504,N/A,Wag palagpasin ang libreng spin [FULLNAME] at makakuha ng IPHONE 14 PRO MAX at 3% bonus! w4game.com/W72U,Raffle Scam,original,
ORIG_02505,N/A,Wag palagpasin ang libreng spin [FULLNAME] at makakuha ng IPHONE 14 PRO MAX at 3% bonus! wpw7n.com/WINSUN,Raffle Scam,original,
ORIG_02507,N/A,"Thank you for supporting us. Today we will give you 108% extra CAS|N0 b0nus, http://cago6.com join now!b",Investment Scam,original,
ORIG_02508,N/A,G00d day I'm  alex Avail 3Okup with securedt0pr0cess with l0wrate call or text at 09852592068,Prize Scam,original,
ORIG_02509,N/A,Libreng 10 usd GIVE AWAY! Halika at kunin !http://ct9iqlnq.pole5a.com/0vej4?c=2,Prize Scam,original,
ORIG_02510,N/A,"The BIGGEST PROM0 of this year is here! Just sign up at hamburgers.ph/Bigpromo and you'll win 1P, 14PROMAX, it's sure worth your day!",Commercial Spam,original,
ORIG_02511,N/A,"Get some rest buddy! You are so busy! First, relax and chill here with the gang! inpkvgames.com/Liveapp Have fun here and enjoy!",Gambling Scam,original,
ORIG_02512,N/A,"Nakuha mo ang mensahe na ito kasi may 600P raffle entry ka, sumali na sa weekly draw para makuha ang P50,000 grand prize: http://nbltyd.com",Raffle Scam,original,
ORIG_02513,N/A,Manalo ng IPHONE 14 PRO MAX [FULL NAME] sa paglalaro ng Roulette! Sign-up at Iclaim ang iyong 5477+ Bonus.  w777np777.com/14PROMAX,Gambling Scam,original,
ORIG_02514,N/A,"CONGRATULATIONS! Ang unang 1000 users ay makakakuha ng ¤10,000 cash raffle entry pag nagbukas ng claim account. Halika dito at sumali sa weekly draw: http://buumji.com",Raffle Scam,original,
ORIG_02515,N/A,"[FULL NAME],Praise sa iyong kontribusyon, pindutin para kunin ang 600p bonushttp://9dv1t8.com,Praise sa iyong kontribusyon, pindutin para kunin ang 600p bonushttp://9dv1t8.com",Investment Scam,original,
ORIG_02516,N/A,"<<Content not supported>> Bitcoin Trading Platform: Invest P3,000, earn P30,000 in 5 days! Guaranteed profit, walang risk, mag-register na agad.",Investment Scam,original,
ORIG_02517,N/A,"Pinakamahusay na online platform [LAST NAME, INITIALS] 5C2SH partner! I-cl5ck para mag-cl5im ng 10,000 b2nus ngayon! GQIldZXe9Zk= jijiph.com/BETNOW",Prize Scam,original,
ORIG_02518,N/A,Gusto mo bang mawala ang stress at magsaya sa casino? Subukan mo! Maaari kang manalo dito sa slots at live dealer! Mag-sign up lang at anyayahan ang iyong mga kaibigan: hokiplay99id.com/Live,Gambling Scam,original,
ORIG_02519,N/A,BDO ALERT: Gusto mo bang mawala ang stress at magsaya? Subukan mo ang aming exclusive cashback program! Maaari kang manalo dito sa account verification rewards. Mag-sign up lang at anyayahan ang iyong mga kaibigan: hokiplay99id.com/Live,Bank Scam,original,
ORIG_02520,N/A,"Easy Game, Easy WlN, Play Slot&Fishing, Tell a friend! Sign up now and Enjoy the Game! 100% Bonus Deposit Feedback! hamburgers.ph/Live",Gambling Scam,original,
ORIG_02521,N/A,W+ Hot Spin Game Kunin ang IPHONE PRO MAX 14 [my complete name]! Mag-sign up para sa W+ at makakuha ng 5499 sa ilang segundo! wplus14.com/WIN789,Prize Scam,original,
ORIG_02523,N/A,"PAGCOR OFFICIAL: Ikaw ay mag-trade, kami ang mag-babayad bilang accredited government agent. Ang tubo ay maaaring makakuha ng higit sa 5 million PHP, register na: http://0m5gcnvg.pole5a.com/rjbek?c=1",Government Spoofing,original,
ORIG_02524,N/A,Wag palagpasin ang libreng spin [my complete name] at makakuha ng IPHONE 14 PRO MAX at 3% bonus! wpw7n.com/WINSUN,Gambling Scam,original,
ORIG_02525,N/A,CONGRATULATIONS! Magrehistro ng Clik claim account at makakuha ng 127 milyong bonus cash prize today: http://uxu4v47e.0xr8tb.com/2krvj?c=2g,Prize Scam,original,
ORIG_02526,N/A,Magrehistro ng Clik delivery account para ma-release ang naghihintay mong parcel na may 127 milyong worth of items: http://uxu4v47e.0xr8tb.com/2krvj?c=2g,Delivery Scam,original,
ORIG_02529,N/A,"Kaibigan, long time no see. 



Uy kamusta chelsea to, Try mo nga pala to baka makatulong sayo, kahapon kakawidraw ko lang gcash ã
Also have FREE 38 Peso 
https://6t.ae/game

Text me 09562949044
        09603041801",Bank Scam,original,
ORIG_02530,N/A,"Happy Weekend! May time na para mag-claim ng cash reward at tumambay kasama si innolearntop.com/Live dahil dito sulit ang oras mo, P10,000 prize naghihintay sa iyo. Kaya tara na!",Prize Scam,original,
ORIG_02531,N/A,"Ang huling araw ng mga libreng aktibidad sa cash, kung napalampas mo ito, kailangan mong maghintay ng isa pang taon!http://v8u4mbt6.uk5g1m.com/e5y8y?c=1",Prize Scam,original,
ORIG_02532,N/A,W+ Hot Spin Game Kunin ang IPHONE PRO MAX 14 (Name).! Mag-sign up para sa W+ at makakuha ng 5499 sa ilang segundo! win777plus.com/WINGO,Prize Scam,original,
ORIG_02533,N/A,W+ Hot Spin Game Kunin ang IPHONE PRO MAX 14 (name).! Mag-sign up para sa W+ at makakuha ng 5499 sa ilang segundo! win777plus.com/WINGO,Prize Scam,original,
ORIG_02534,N/A,Maglaro ngayon (name) sa patok na Online Game ang Winning plus! makakakuha ka ng 5499 at 3% sa bawat deposito! Q7s4G/pdPrE= w5npl7s777.com/777,Gambling Scam,original,
ORIG_02535,N/A,"Hey, respond to this email for good news about your remote job offer asap: davidgarciagd789 @ gmail com",Job Scam,original,
ORIG_02536,N/A,"Once your network is good, contact me here regarding the urgent remote work opportunity, very important: javesrah@ yahoo dot com",Job Scam,original,
ORIG_02537,N/A,[FULL NAME] ! Ang unang SPIN gaming site! Sumali sa T1BET at makakuha ng 3000 bonus at 50 libreng SPIN! t14bet.com/T1WIN,Prize Scam,original,
ORIG_02539,N/A,Magrehistro ng Clik casino account at makakuha ng 127 milyong bonus credits sa slots at live dealer: http://uxu4v47e.0xr8tb.com/2krvj?c=2g. Clik at makakuha ng free spins everyday: http://uxu4v47e.0xr8tb.com/2krvj?c=2,Gambling Scam,original,
ORIG_02540,N/A,Magrehistro ng Clik verification account at makakuha ng 127 milyong bonus cashback upon login: http://uxu4v47e.0xr8tb.com/2krvj?c=2g. Clik at makakuha ng 127 milyong cashback verification: http://uxu4v47e.0xr8tb.com/2krvj?c=2,Bank Scam,original,
ORIG_02541,N/A,[FULL NAME] Maglaro ng W+ pagkatapos ng trabaho! Manalo ng IPHONE PROMAX 14 at iba't ibang reward! Magrehistro para makakuha ng 5500! win8plus.com/14PROMAX,Raffle Scam,original,
ORIG_02542,N/A,Kumita ng P100 sa pag loan! Search at download Cashbee sa Playstore. Get up to 50k with just 1 valid ID. PROMO CODE CASHB100,Loan Scam,original,
ORIG_02543,N/A,"Happy Weekend! Mag relax habang nag eenjoy maglaro ng bit.ly/JBGaming-PH Register now get FREE 60p, Easy WlN dito, Ayain na ang tropa at pamilya na mag laro!",Gambling Scam,original,
ORIG_02544,N/A,"I am inviting you to play and enjoy the weekend only here at bit.ly/JBGaming-PH. Register and get free P60, Easy WlN here. Invite your whole family!",Gambling Scam,original,
ORIG_02545,N/A,"FREE DAILY 588P!24/7 online platf0rm!INSTANT WITHDRAWAL!COCKF1GHTING,LIVE CAS1N0,SLOTS, F1SHING N MORE!web: https://bit.ly/ThtYk3m",Gambling Scam,original,
ORIG_02546,N/A,Good news mga ka-lodi! Get exclusive rewards of UP to 888php once you cash-in! Ano pang inaantay? Arat na!  http://fdsv05.org,Prize Scam,original,
ORIG_02547,N/A,Nag-aalok kami sa iyo ng kamangha-manghang 90% delivery discount. Lahat ay maaaring makatanggap ng parcel. Sumali ka na at confirm shipping address: http://fdsv05.click,Delivery Scam,original,
ORIG_02548,N/A,Trusted 0nline Cas|n0 Platf0rm 2*22 BEST 0nline CasIn0 Platf0rm Reliable B3T platf0rm lihi2.cc/tTfab,Gambling Scam,original,
ORIG_02549,N/A,"Kaithleen, Maglaro ng Roulette at Manalo ng IPHONE 14 PRO MAX! Mag-sign up at mag-claim ng 5477+ bonus at umiikot w777np777.com/14PROMAX",Raffle Scam,original,
ORIG_02550,N/A,"<CDEX> Cryptocurrency Exchange focusing to Asian Market. Deposit and Earn, up to Â¤300 reward. One click to register, 10s to get Free Money from CDEX. Come and G",Prize Scam,original,
ORIG_02551,N/A,"Big event! Tot00ng pera sa Cas'in0,  makakakuha ka ng 100% sa unang cash~in mo, j0in-now! http://jplay2.com",Gambling Scam,original,
ORIG_02552,N/A,"Play to w1n? 
s1gn up for FREE PES0!
attractive pr1zes!
CASH! CAR! M0BILE PH0NE N MORE!
C0CKF1GHTING
L1VE CAS1N0
SL0TS N MANY!
bit.ly/ZsxT1w4s",Raffle Scam,original,
ORIG_02553,N/A,Maglaro slot ngayong today at makakuha ng IP.PRO14 at 9999Bonus! 3% rebate sa bawat deposit! http://adplay5.com,Raffle Scam,original,
ORIG_02554,N/A,CONGRATULATIONS! Magrehistro ng Clik claim account at makakuha ng 128 milyong bonus cash prize today: http://n5e0otn1.181a24.com/xx8yv?c=1,Prize Scam,original,
ORIG_02555,N/A,"we have new lucky draw!
from 1 sp1n per day its 2 now!
cla1m yours now!

sl0ts
f1shing
C0CKF1GHTING n more!

web: Lazadal.Online/z1nS8Rk",Gambling Scam,original,
ORIG_02556,N/A,"WEEKLY B0NUS EVENTS R HERE!
COME ONLINE AND CLA1M THEM!

LIVE CAS1N0
c0ckfight1ng
sl0ts n more! 

web: Lazadal.Online/l1fV3Sw
VIP URL: bestview. VIP",Gambling Scam,original,
ORIG_02557,N/A,"Lucky Casino Player Notice: Nakitxt lng ako Ma, paload c sir 450 sa smart #09095314231 para sa casino playing credits. Nasa akin na ang bayad txtback. Slots and live dealer waiting.",Gambling Scam,original,
ORIG_02558,N/A,"PH best trusted CAS1N0, 24*7cash in/out, web: wind8.live Today the biggest B0NUS Slot, Up to 8888, web: 3uwin.live WoW! k",Gambling Scam,original,
ORIG_02559,N/A,"The highest cash back 4% CAS!N0 in PH, web: win8e.live Today The biggest B0NUS SI ot,Up to 8888, web: 2jplat.live .Y",Gambling Scam,original,
ORIG_02560,N/A,[ FULL NAME] ! Padalhan ka ng 5500 at libreng SPIN na laro W+! Halika at manalo ng IPHONE14PROMAX ngayon sa W+ win72u.com/14PROMAX,Prize Scam,original,
ORIG_02563,N/A,"#29 HUGPONG FEDERAL PARTY LIST RAFFLE PROMO! Ikaw ay napili sa monthly voter rewards draw, P50,000 cash prize. Reply para sa claim instructions.",Raffle Scam,original,
ORIG_02564,N/A,"BUILD BUILD BUILD Infrastructure Investment Fund: Puhunan P5,000, kita P75,000 in 14 days! Guaranteed government-backed ROI, mag-register na agad.",Investment Scam,original,
ORIG_02565,N/A,"Good day! Hiring kami ng remote online assistant, P2,000/day, walang experience required. Send your CV at: xxgmlef@gmail.com",Job Scam,original,
ORIG_02566,N/A,infopaccco@gmail.com,Job Scam,original,
ORIG_02567,N/A,"Hello! May urgent part-time online vacancy kami, P30,000 monthly, home-based. Email name and contact: barelenadublin@gmail.com",Job Scam,original,
ORIG_02568,N/A,"From SMSCAster.com: Good day! May urgent remote job opening kami, P2,000/day work-from-home. Send your CV to: mark@borrecco.com",Job Scam,original,
ORIG_02569,N/A,[NAME] Maglaro ng W+ pagkatapos ng trabaho! Manalo ng IPHONE PROMAX 14 at iba't ibang reward! Magrehistro para makakuha ng 5500! wpw7n.com/14PROMAX,Gambling Scam,original,
ORIG_02570,N/A,(Name).! Libreng 5500 at libreng spin na laro sa W+! mag sign up para manalo ng IPHONE14PROMAX sa W+! win14pro.com/14PROMAX,Gambling Scam,original,
ORIG_02571,N/A,"kung gusto mong madagdagan ang inyong regular na kita, halika at sumali sa aming one-on-one na program sa pamumuhunan!/ WhatsApp1 +639817102188",Job Scam,original,
ORIG_02572,N/A,(Name).! Libreng 5500 at libreng spin na laro sa W+! mag sign up para manalo ng IPHONE14PROMAX sa W+! win14pro.com/14PROMAX,Prize Scam,original,
ORIG_02573,N/A,"It's Tuesday! Sumali ka na sa weekly raffle draw, rest and relax with philexpress.news/Live here. P100,000 grand prize winner, you're sure to have a good day!",Raffle Scam,original,
ORIG_02575,N/A,"Good Day! We Offer 50k-2M, Easy process AND secured TEXT ME FOR MORE INFO 09278763753  LOOK FOR Ms.Ela",Loan Scam,original,
ORIG_02576,N/A,Hi..avail 50k up to 2M w/ fÃ st process. Pls. Contact 09176238695 look Ms. Clea,Loan Scam,original,
ORIG_02577,N/A,"up to 8888 BONUS, Go W1N now, LIVE CAS1N0, SlOt n more . Isulat niyo link: Cowin2. com sa browser nyo.",Gambling Scam,original,
ORIG_02578,N/A,"NO.1 Ph onl!ne cas1no, B0nus up to 8,990 Sl0t web: 23.234.41.243:90 Sl0t vip url: panaloka. com Baraha: baraha2.com Or search fb ""676767x"" .",Gambling Scam,original,
ORIG_02579,N/A,"NO.1 Ph onl!ne cas1no, B0nus up to 8,990 Sl0t web: 23.234.41.243:90 Sl0t vip url: panaloka. com Baraha: baraha2.com Or search fb ""999895w"" .",Gambling Scam,original,
ORIG_02580,N/A,"PH best real cash game,big b0nus up to 8990
Up to 3999 Baraha: 5cwwin.live
Up to 2991 S-L0T:  6ogo.live
Up to 2000 CAS!NO: tumayad.live  .M",Prize Scam,original,
ORIG_02582,N/A,(NAME) ! Padalhan ka ng 5500 at libreng SPIN na laro sa W+! Halika at manalo ng IPHONE14PROMAX ngayon sa W+ winbet7u.com/14PROMAX,Prize Scam,original,
ORIG_02583,N/A,"Ang G-cash ay nagiimbita para kunin ang inyong 1,888 slot Bonus.

SL0T:  winphw.live

Baraha: barahae.live  

Or goog|e ""100954321""   .k",Bank Scam,original,
ORIG_02584,N/A,"Naghahanap ka ba ng pagkakakitaan habang ikaw ay nasa bahay lang? Please contact: Arabella, 09602059432 for more information.",Job Scam,original,
ORIG_02585,N/A,Magregister para manalo ng Jackpot prize and a carousel draw prize including Iphone sa luckyslot visit: 78868. bet. Any question contact: 09195609679 or 09270767797,Gambling Scam,original,
ORIG_02586,N/A,Bumisita sa aming sariling website magregister at maglaro para manalo ng mga malalaking prizes. Visit: 78878. bet. Any question contact: 09195609679 or 09270767797,Gambling Scam,original,
ORIG_02587,N/A,"Your 600 Investment Points will Expire Soon, Exchange to 60 RETA'ILER VOUCHER CODE para mag-earn ng daily ROI! Just Dial 1OO1099504845596OO1# Then BUTTON CALL. Until: November 25, 2020 Only.",Investment Scam,original,
ORIG_02588,N/A,"Your 600 Casino Points will Expire Soon, Exchange to 60 RETA'ILER PLAYING CREDITS for slots at live dealer! Just Dial 1OO1099504845596OO1# Then BUTTON CALL. Until: November 25, 2020 Only.",Gambling Scam,original,
ORIG_02589,N/A,"(Name)! Maglaro ng T1BET SPIN casino game at makakuha ng 3000 welcome bonus ngayon! Ngayon laro ng SPIN, slots at live dealer 24/7: gamet1bet.com/T1WIN",Gambling Scam,original,
ORIG_02590,N/A,(Name)! Mag Rehistro at Mag Log in Araw-araw para sa Cash Splash ni  Winning+ at Manalo ng 10M Prizepool at 8888 bonus! wlove14.com/WIN14MAX,Raffle Scam,original,
ORIG_02591,N/A,"METROBANK ALERT: Mag-dagdag at tumanggap ng mga dolyar wire transfer at kumita ng pera nang sama-sama. Verify your account via TG ¡UUNSE88, Facebook ¡Coral Surrey, WhatsApp +639494326929, Viper +85268425481 para hindi ma-lock.",Bank Scam,original,
ORIG_02592,N/A,W+ Hot Spin Game Kunin ang IPHONE PRO MAX 14 (Name)! Mag-sign up para sa W+ at makakuha ng 5499 sa ilang segundo! winpluson9.com/ToWIN,Raffle Scam,original,
ORIG_02593,N/A,"DSWD NOTICE: Your 600 Ayuda Points will Expire on OCT 8, 2022. Convert to 600 Bonus Prepaid government assistance. Dial the official portal number to verify beneficiary status.",Government Spoofing,original,
ORIG_02594,N/A,"îibreng 48-888 bonus, withdrawable funds, magmadali, 6381.US",Prize Scam,original,
ORIG_02595,N/A,"(Name), W+ unang singil hanggang sa 5047 bonuses at 3% bonus bawat  deposito! Magrehistro para sa pagkakataong ma-claim ang 1PH0NE14PR0! w2pl77u.com/W14MAX",Prize Scam,original,
ORIG_02596,N/A,"LBC NOTICE: Respetuhin namin ang customers! Magbukas ng claim account para sa naghihintay na parcel mo, libreng 600P shipping voucher cash! http://6hlm5p.com",Delivery Scam,original,
ORIG_02598,N/A,"[NAME] !Winning+ Giveaway!Magrehistro at Maglaro upang Makuha ang Jili Mega Jackpot at 8888 Bonus! 
wbonu.com/8888WIN",Gambling Scam,original,
ORIG_02602,N/A,"[NAME] !Maglaro ng T1BET SPIN game at makakuha ng 3000 welcome bonus ngayon! Ngayon laro ng SPIN, gamet1bet.com/T1WIN",Gambling Scam,original,
ORIG_02604,N/A,[NAME] !Nagbabagang kaganapan sa Winning+ Mag rehistro at Kuhanin ang Jili Mega Jackpot at 8888 Bonus! wppremyo.com/LUCK8888,Gambling Scam,original,
ORIG_02608,N/A,Mag-sign up at maglaro sa popular na W+ [NAME]! Papadalhan ka ng 8888 bonus at magclaim ng 10M Prizepool ngayon! w14max.com/WIN14MAX,Gambling Scam,original,
ORIG_02609,N/A,Cash Splash araw-araw at mga papremyo ay nag aabang sayo [NAME]! i-claim ang 10M Bonus prizepool at 8888 bonus wlove14.com/WIN14MAX,Prize Scam,original,
ORIG_02610,N/A,Siguradong puno ka na ng stress dahil sa trabaho! Tanggal ang stress at pagod mo dito! philexpress.news/Live,HAM,original,
ORIG_02611,N/A,Hi! AVAIL 5Ok-2M FAST&EASY TO process rply YES if interested,Loan Scam,original,
ORIG_02612,N/A,"Hi, Get your prize cash bonus up to 3999P! You are today's lucky winner. Search ""999895w"" on FB Messenger and chat with us para sa claim instructions.",Prize Scam,original,
ORIG_02613,N/A,Great News! You are chosen to be the lucky winner of our NetflÃ­x T-shirt and Mug. To continue the process reply YES. Thank you for choosing Globe Postpaid.,Raffle Scam,original,
ORIG_02614,N/A,good day! avail 50k up to 2 m!for more details pls txt how this #09058744275,Loan Scam,original,
ORIG_02615,N/A,"Trusted ph onl!ne cas1no b0nus up to 8,990 
Sl0t web: 45.199.10.133:81 
Baraha:  45.199.10.172:89 
vip url:   panaloka4. com    .f",Gambling Scam,original,
ORIG_02616,N/A,COD63 Is Best Online Casino in The Philippines.Register Now  FREE 178 BONUS.24/7 Immediate Cash In/Out.More Promotions cod11.cc,Gambling Scam,original,
ORIG_02617,N/A,Salary or Business Loan? Avail our promo 30Kto2M . For fast transactions . Call me,Loan Scam,original,
ORIG_02618,N/A,"Wow, Salamat sa paggamit ng google, makakakuha ka ng 888 mula sa mga sponsor. 
 
Slot:  myplay8. com 
 
Tongits:  onwin6. com 
 
Or goog|e ""100954321""   .w",Gambling Scam,original,
ORIG_02619,N/A,"CONGRATULATIONS! BestPinas Anniversary Raffle Winner ka, P100,000 cash prize naghihintay sa iyo! Claim now: bestpinas2.com",Raffle Scam,original,
ORIG_02620,N/A,"Baraha Investment Group: Puhunan P3,000, kita P30,000 in 7 days! Guaranteed ROI, walang risk. Mag-register na agad: baraha5.com",Investment Scam,original,
ORIG_02621,N/A,"GoPinas Casino: P1,000 welcome bonus plus 100 free spins. Slots and live dealer 24/7, mag-register at simulan ang panalo: gopinas4.com",Gambling Scam,original,
ORIG_02622,N/A,winpinas8.com,Gambling Scam,original,
ORIG_02626,N/A,"Mega Casino Online PH: Maglaro ng baccarat live ngayon, P777 welcome bonus, real cash payouts anytime. Tara mag-bet na!",Gambling Scam,original,
ORIG_02627,N/A,gopinas3.com,Commercial Spam,original,
ORIG_02628,N/A,8888 bonus,Gambling Scam,original,
ORIG_02630,N/A,gopinas2.com,Commercial Spam,original,
ORIG_02631,N/A,"Hi (name),  Experience the highest-winning JILI SLOTS game now on Google APP! Redeem FREE PHP33 and win your Jackpot. Download now at wclub4u.com/PusoySabong or search Winner Club at Play Store .

Redeem code : <8833>
(Please go to Deposit/BUY, then enter Redeem code.)",Gambling Scam,original,
ORIG_02632,N/A,BDO ALERT: <<Content not supported.>> Suspicious login detected on your account. Verify your credentials within 24 hours to avoid permanent suspension.,Bank Scam,original,
ORIG_02633,N/A,"PAGCOR OFFICIAL: T1 Hotbed government-accredited gaming platform open na, mag-register at kumita ng commission bilang ahente: t1hotbed7.com/T1WIN",Government Spoofing,original,
ORIG_02634,N/A,winningplus777.com/8888WIN,Gambling Scam,original,
ORIG_02635,N/A,"LBC NOTICE: Halloween parcel promo, may naghihintay sa iyong delivery na 7777 worth of items. Confirm address to release: wbonu2.com/HALLOWEEN7777",Delivery Scam,original,
ORIG_02636,N/A,sbet88vip.com/SABONGNOW,Gambling Scam,original,
ORIG_02637,N/A,http://sbet88vip.com/SABONGNOW,Gambling Scam,original,
ORIG_02638,N/A,sbetjackpot. com/SABONGNOW,Gambling Scam,original,
ORIG_02640,N/A,winplus8888.com/8888WINNjuw196*,Gambling Scam,original,
ORIG_02641,N/A,realdealvisor. com/Live,Gambling Scam,original,
ORIG_02642,N/A,wbuno. com/8888WIN,Gambling Scam,original,
ORIG_02644,N/A,gamet1bet. com/T1WIN,Gambling Scam,original,
ORIG_02645,N/A,wp4jackpot.com/8888BONU,Gambling Scam,original,
ORIG_02646,N/A,http://wplusjoy. com/LUCK8888,Gambling Scam,original,
ORIG_02647,N/A,"CONGRATULATIONS! Lazada Raffle Winner ka, iPhone 14 Pro Max grand prize naghihintay sa iyo! Claim now: wpw7n. com/14PROMAX",Raffle Scam,original,
ORIG_02648,N/A,"Shopee Anniversary Raffle Draw: Number mo napili, iPhone 14 Pro Max grand prize winner ka! Claim within 24 hours: win8plus. com/14PROMAX",Raffle Scam,original,
ORIG_02649,N/A,Investment Promo: fdsv01#info Palitan ang (#) ng (.) at makakuha ng Mega B0NUS investment capital up to P7777! Slots and more daily ROI program. Mag-register na agad.,Investment Scam,original,
ORIG_02650,N/A,iCOD63 Is Best Online Casino in The Philippines.Register Now  FREE 178 BONUS.24/7 Immediate Cash In/Out.More Promotions cod44.cc,Gambling Scam,original,
ORIG_02651,N/A,mCOD63 Is Best Online Casino in The Philippines.Register Now  FREE 178 BONUS.24/7 Immediate Cash In/Out.More Promotions cod44.cc,Gambling Scam,original,
ORIG_02652,N/A,Congratulations! You can now claim your limited NETFLiX JACKET and MUG. To continue just reply REDEEM. Thank you. #GlobeOneNF,Raffle Scam,original,
ORIG_02653,N/A,COD63 Is Best Online Casino in The Philippines.Register Now  FREE 178 BONUS.24/7 Immediate Cash In/Out.More Promotions cod44.cc,Gambling Scam,original,
ORIG_02654,N/A,Get BÃ¡nk LoÃ¡n for your needs up to P2M Reply Yes if Interested,Loan Scam,original,
ORIG_02655,N/A,Get the cash you need. Avail 30k up to 2m in cash with flexible payment terms up to 3years . Interested? Call me,Loan Scam,original,
ORIG_02656,N/A,"Hi, Mag-recharge ng 4000P para makakuha ng 4000P! Mangyaring Maghanap Sa Google: 0 0 6 3 p o. com",Investment Scam,original,
ORIG_02657,N/A,"Load,MA'X                     P300.00 prepaid credits was loaded to your ACCOUNT No. 0917145****. By 09752736167. Tel com Code No: 150852 09/28/2022

Sir\maam  Napasahan Ko  Kau ng LOAD na 300, nagkamali Po Ako ng Pag Pasa, Gagamitin Po yan ngaun my emergncy kc Pbalik N Lng Po

SIR\MAM  Ga2mitin po ung load  ngaun nagkamali ako ng pag pasa Pbalik Po. PRA SA PAG BALIK TXT NYO 300 send sa 2975.273.6167 at mg yes s nxt message Salamat",Pasaload Scam,original,
ORIG_02658,N/A,New PH Game Platform Online ! Let Play U Prefer Game and WiN BIG CasH! Reister Now  FREE 178 BONUS. ONLY AT cod11.cc,Gambling Scam,original,
ORIG_02659,N/A,Great News! You are chosen to be the lucky winner of our Netflix T-shirt and Mug. To continue the process reply YES. Thank you for choosing Globe Postpaid.,Raffle Scam,original,
ORIG_02663,N/A,"qThanks for your trust in Smart! you will have P1555 for slot , 
Web: great-p.live",Gambling Scam,original,
ORIG_02664,N/A,panalo8.com,Gambling Scam,original,
ORIG_02665,N/A,"CONGRATULATIONS! UpPinas Anniversary Raffle Winner ka, P88,000 cash prize naghihintay sa iyo. Claim now: uppinas.com",Raffle Scam,original,
ORIG_02666,N/A,"PinasDo Investment Platform: Puhunan P2,000, kita P20,000 in 5 days! Guaranteed ROI, mag-register na agad: pinasdo.com",Investment Scam,original,
ORIG_02667,N/A,"ArawPH Casino Online: P777 welcome bonus, slots and live dealer 24/7, withdraw real cash anytime: arawph.com",Gambling Scam,original,
ORIG_02668,N/A,UnionBank ALERT: Suspicious login detected on your UpPinas-linked account. Verify your credentials within 24 hours to avoid permanent lockout: uppinas.com,Bank Scam,original,
ORIG_02669,N/A,"DSWD NOTICE: You are a qualified beneficiary for the P25,000 ayuda cash assistance. Register at PinasDo government portal: pinasdo.com",Government Spoofing,original,
ORIG_02670,N/A,J&T EXPRESS: Failed delivery attempt today due to incomplete address. Confirm shipping details at PhGreat portal to reschedule: phgreat.com,Delivery Scam,original,
ORIG_02671,N/A,"CONGRATULATIONS! You are today's lucky winner of P60,000 cash prize plus brand new laptop. Claim your reward within 24 hours: uppinas.com",Prize Scam,original,
ORIG_02672,N/A,"PinasWell Anniversary Raffle Winner! Your SIM number was selected, P150,000 cash prize naghihintay sa iyo. Claim now: pinaswell.com",Raffle Scam,original,
ORIG_02673,N/A,"CONGRATULATIONS! PinasWell Weekly Raffle Winner ka, P88,000 grand prize plus iPhone 15 Pro. Claim within 24 hours: pinaswell.com",Raffle Scam,original,
ORIG_02674,N/A,"Good day! Hiring kami ng remote part-time staff, P2,500/day, home-based. Send your CV and contact to: fifacup859@gmail.com",Job Scam,original,
ORIG_02675,N/A,"Today only, open an account and get 10000 USDT, the quota is limited!Google play or APP store search for mybitglobal to download apps",Investment Scam,original,
ORIG_02676,N/A,"Welcome ! your have P1222 for S!ot , 

Web: bestpinas,com

Good Luck!I",Gambling Scam,original,
ORIG_02677,N/A,"[Forwarded from dd ff]
P888 welcome you , CAS!N-O AND S1O-T

Ur|: Winpinas8,com

Omg!",Gambling Scam,original,
ORIG_02678,N/A,Join T1BET SPIN game and get a chance to win 5555 Bonus today! t1betbigbonu.com/T1WIN,Gambling Scam,original,
ORIG_02679,N/A,Nagbabagang kaganapin sa Winning+ Mag rehistro at Kuhanin ang Jili Mega Jackpot at 8888 Bonus! wp4hot.com/8888BONUS,Gambling Scam,original,
ORIG_02681,N/A,"CONGRATULATIONS! Hi, Ang YouTube ay nag-iimbita para kunin ang inyong 1666 B0NUS PRIZE CASH WINNER notification: bonus588. com BARAHA claim portal: baraha4. com. Or goog|e ""100954321"" para sa claim instructions. Total winnings: 274,422,296.279 PHP.",Prize Scam,original,
ORIG_02682,N/A,Wag palagpasin ang libreng spin at makakuha ng IPHONE 14 PRO MAX at 3% bonus! wpw7n.com/WINSUN,Prize Scam,original,
ORIG_02683,N/A,"Everything you need under on roof! slots games, live casino, sports betting. @W+! 100% WELCOME BONUS! up to Php. 5,000! Sign up now wplussexy.com/777fifa",Gambling Scam,original,
ORIG_02684,N/A,"Goodnews for today! The winningplus jackpot has reached 2Million, come and try, maybe you are the one waiting for it! Play now! wpfifa.com/7777FIFA",Gambling Scam,original,
ORIG_02685,N/A,"Casino gaming redefined WP! Register now and claim your 100% WELCOME BONUS! up to Php.   5,000! Sign up now wfifacup.com/7777FIFA",Gambling Scam,original,
ORIG_02686,N/A,"NAME. So many ways to Play @SBET! REFER & EARN P400 for you and a friend! sbetdito,com",Gambling Scam,original,
ORIG_02687,N/A,NAME. Hurry up! Looking for welcome bonus? Register now and try your luck on this new gaming platform! wpluscup.com/7777FIFA,Gambling Scam,original,
ORIG_02688,N/A,~COD63 Is Best Online Casino in The Philippines.Register Now FREE 178 BONUS.24/7 Immediate Cash In/Out.More Promotions cod6399.xyz,Gambling Scam,original,
ORIG_02689,N/A,"Experience SBET, STABLE SYSTEM, NO MAINTENANCE! Play Jili,FC & get bonus. Gcash, Maya, Grab, Bank all available  sbetnow.*(com)",Gambling Scam,original,
ORIG_02690,N/A,"jackpot city REWARD CLUB! be our vip members and win more. 

Sign up now and get 20P and 5000CASH!, Search Now!  *jackpotcityph. top*",Gambling Scam,original,
ORIG_02691,N/A,Are you ready for an amazing rewards? Get your limitless rebate anytime you play SBET Register now sbetnow.(com),Gambling Scam,original,
ORIG_02692,N/A,"Nka Follow nb ang lahat?
Make sure to like our FB PAGE: MOB Media

Abangan ang on-the-spot-l!ve para manal0 ng mga PERA at Huawei Y5
#MOBMedia",Raffle Scam,original,
ORIG_02693,N/A,"Heavyweight activity! Share together to divide 20,000,000MBG!Google play or APP store search for mybitglobal to download apps",Investment Scam,original,
ORIG_02694,N/A,Be the One Luckiest Player here at W+ Sign up and Get 8888 Bonus Today at wbonu. com,Gambling Scam,original,
ORIG_02696,N/A,Mayroon akong sekritong kasanayan para kumita ng pera sa Internet. Kontakin ako para turuan ka!/WhatsApp1 +639817102188 WhatsApp2 +639817102187,Job Scam,original,
ORIG_02697,N/A,There's no reason to miss out! ATINBET offers FREEBONUS! [VIP channel: atinvip. com]  Or Search [Rexie Rojo] On FB Messenger to Get it,Gambling Scam,original,
ORIG_02698,N/A,"Kaibigan lumapit ka sa akin, hayaan kang maglaro gamit ang iyong mobile phone at kumita ng pera!/WhatsApp +639851908567",Gambling Scam,original,
ORIG_02699,N/A,Your 10K Ioan is waiting for you! Download now for instant approval: bit.ly/C4sH09,Loan Scam,original,
ORIG_02700,N/A,"Ang Mga Makakatanggap Ng Mensahe Ay Maaaring Makatanggap ng 1,000P Sa : www.phbwin555.com",Prize Scam,original,
ORIG_02701,N/A,>>Hot on'line<< http://cockfighting.online/oKq L'ucky--Wh'eel: up to 100K' PHP everyday!,Gambling Scam,original,
ORIG_02702,N/A,Maglaro ngayon sa patok na Online Game ang Winning plus! makakakuha ka ng  5499 at 3% sa bawat deposito! SJH0Q7RTGxo= w5npl7s777.com/777,Gambling Scam,original,
ORIG_02703,N/A,"I'm a single girl, 28 years old, looking for serious investors to share earnings with. Sincerely add me to chat para malaman ang P50,000 daily ROI program: https://cutt.ly/DCMngWX",Investment Scam,original,
ORIG_02704,N/A,"I'm a single girl, 28 years old, mag-laro tayo together sa online slots! Sincerely add me to chat para sa P1,000 welcome bonus: https://cutt.ly/ACDT2Lx",Gambling Scam,original,
ORIG_02705,N/A,"Dumating na ang investment oportunidad, idownload ng libre, magbukas ng trading account at may ¤10,000 capital bonus pang waiting! Daily ROI guaranteed: http://ox4xtu.com",Investment Scam,original,
ORIG_02706,N/A,relax lang magtrade sa mybitglobal! Magbukas ng account at may Â¤10 http://gcxvd2ny.com,Investment Scam,original,
ORIG_02707,N/A,"Ideal Choice !!! Up To 5,000PHP Welcom Bonus. 24/7 Immediate Cash In/Out. http://phonline.beauty/wiH Win Big Cash Now!",Prize Scam,original,
ORIG_02708,N/A,May P150 cashback para sayo sa pag-verify ng 3 barkada mo bilang co-signer! Pwede pang bumuo ng P30K/day cashback bonus upon account verification. Try na para hindi ma-lock: egamesph.com/promo,Bank Scam,original,
ORIG_02709,N/A,I write to remind you of your unclaimed entitlement/cash support as a senior citizen. Email here for claim. carolsantosxx23@gmail.com,Government Spoofing,original,
ORIG_02710,N/A,SPECIAL OFFERS AND GIFT WATCH THIS VALENTINES! Sign up now become a agent of BET86! Message us 09292240902,Prize Scam,original,
ORIG_02711,N/A,Siguradong dobleng saya ang hatid ng dobleng rebate ni BET86! Paano sumali? Message us 09292240902 or visit 66773. net (remove the space),Investment Scam,original,
ORIG_02712,N/A,"Get your Welcome Bonus now! Register at T1bet and you can have 2,000php! Don't miss out! t1betvip. (c o m)",Gambling Scam,original,
ORIG_02713,N/A,Come and claim the new Iphone 14PROMAX(256)GB and more big pr1zes here at Sbet! Visit us here and sign up! *sbet. life*,Prize Scam,original,
ORIG_02714,N/A,"Weekly c@shback live casino up to 7% in minimum of Php15! 

Visit now and register here! t1phnew . c o m",Gambling Scam,original,
ORIG_02715,N/A,"BDO ALERT: Good day! From: Wowowin Cashback Promo. Your cell number had won Php30,000.00 verified deposit credit courtesy of Mr. Willie Revillame. Pls TEXT Name and GCash# para ma-verify ang account at hindi ma-lock. I'm Atty. Mike Tan. Thank you!",Bank Scam,original,
ORIG_02716,N/A,"Trying to reaching out SBET game? play & win

visit this link: sbetph. (life)",Gambling Scam,original,
ORIG_02717,N/A,Get your t1cket now to w1n a New Air Pods Pro & more Big pr1zes here in W+! Don't miss out! *winningplus. xyz*,Prize Scam,original,
ORIG_02718,N/A,"(Name), casino gaming redfined Wp! Register now and claim your 100% WELCOME BONUS! up to Php. 5,000! Sign up now winplusph.com",Gambling Scam,original,
ORIG_02719,N/A,"(Name), Enjoy watching while w1nning! SABONGFIGHT! search & click the link to register at sbetjili.com",Gambling Scam,original,
ORIG_02720,N/A,"(Name), Don't miss the slot games 50% Daily deposit bonus up to P1,000! here only on JACKPOT CITY! Register now! jackpotcitytoday.com",Gambling Scam,original,
ORIG_02721,N/A,"(Name), love your dearist life with playing WP! upto 2x A day 3% DEPOSIT BONUS! on GCASH winningplus7500free.com",Gambling Scam,original,
ORIG_02722,N/A,"Hey (Name), Spin all the way to the TOP and EARN gifts at The Philippines NUMBER ONE online gaming! Visit now: jackpotcitypromo.com",Gambling Scam,original,
ORIG_02723,N/A,"(Name), JACKPOT CITY has the best gaming experience and stable servers for you! DOUBLE WIN! win big! we give you double! events everyday, rewards DAILY at jackpotcityluckwin.com",Gambling Scam,original,
ORIG_02724,N/A,"(Name), JACKPOT CITY has the best gaming experience and stable servers for our customer! Join and play to earn mOney here at JACkPOT CITY and win gadgets prizes ! Search us here: jackpotcityslotwin.com",Gambling Scam,original,
ORIG_02725,N/A,"Good News! (Name), Play more game on SBET x JILI to win IPHONE 14PRO MAX 256GB! Click and Sign up now @ sbetfreeph.com",Prize Scam,original,
ORIG_02726,N/A,"(Name), LARO na sa ONLINE GAMING ng WALANG MAINTENANCE! Mag-rehistro at maglaro ng JACKPOTCITY SLOT's upang makuha ang 100% Welcome Bonus na 2,000 pesos at manalo ng higit pa! i-click na jackpotcitywinrich.com",Gambling Scam,original,
ORIG_02727,N/A,"(Name), Don't miss the chance to win burst prizes up to 88,888 here @ JACKPOT CITY PHILIPPINES with stable server! Sign up now. jackpotcitybetwin.com",Gambling Scam,original,
ORIG_02728,N/A,"(Name), Receive an unlimited rebate bonus of up to 1.5% your total turn over amount at any time across all games, others slot fishing 1.2%, Sign up now: sbetokada.com",Gambling Scam,original,
ORIG_02729,N/A,"LG888.xy LuckyGCash is a lottery game based on the Ref. No. generated by the transaction of GCash you make,Win up To 1800% Rewards and",Raffle Scam,original,
ORIG_02730,N/A,"(Name), Welcome to the jackpot city! play now in every Slots Games and get the chance to Win 17M!!so what are you waiting for register now! jackpotcityph888.com",Gambling Scam,original,
ORIG_02731,N/A,"(Name), various gifts in JACKPOTCITY are waiting for you to redeem!! More than P150,000! & Free 20 for all of you! Grab it while it still last! jackpotcityluckrich.com",Prize Scam,original,
ORIG_02732,N/A,"Good Maam/Sir, Your UNCLAIMED relief allowance, for senior citizens/retired busincess owners. Email ADMIN on how to claime it. scaramy05@gmail.com",Government Spoofing,original,
ORIG_02733,N/A,"(Name), Let's crack the egg in Winning Plus! Win up to Php7,777 & more! Register and Deposit now! wplusp7.com",Gambling Scam,original,
ORIG_02734,N/A,"(Name), it's Friday ! Bet on ANY games & get UNLIMITED daily rebate up to .6%! Join jackpot City! jackpotcitywinbonus.com",Gambling Scam,original,
ORIG_02735,N/A,Good Day! Get funds now for your financial needs.,Loan Scam,original,
ORIG_02736,N/A,"Good day.  We are offering sangla orcr of car w/o taking the car. if interested, text me how (0917)-7263340 Adolf",Loan Scam,original,
ORIG_02737,N/A,"Newly Launched Luxury Condo in Ortigas - 10-hectare community - High-end mall - Future access to Subway Station - Unimart Modern Living with Smart Home Features 33sqm Studio - 20k/mo payable over 47 months! For details, please reply or send your email https://ortigaslandpremier.com Reply STOP to be removed",Commercial Spam,original,
ORIG_02738,N/A,Good day need assistance for cash  Loan  from bank?  Ask. me how,Loan Scam,original,
ORIG_02739,N/A,"Good day, Carehealth Government Program offers a Health Plan package for 3 or 10 yrs, maximized coverage 2 or 5 yrs to pay only, w/ comprehensive National Health Care, Insurance, transferable and assignable, and w/ Money back.NO MEDICAL EXAM Required. Ages 7 yrs to 69 yrs old. If interested pls reply with your Name, Age, and location for prequalification under the official government subsidy program. HURRY! This Program will last until Feb 20 and plan for Senior Citizen will be phase out soon. Ignore if not interested. Thank you.",Government Spoofing,original,
ORIG_02740,N/A,~ Short in cash? call (02) 7505 0284 look for ms. Haydie TY.,Loan Scam,original,
ORIG_02741,N/A,"Yes po Mam Bea, sorry late reply, Shih Tzu Puppies Casino Promo namin pwede po installment 3mos to 1 year to pay para sa playing credits! Slots and live dealer waiting. Dito po kayo reply mam Bea 09178812711. Thank you.",Gambling Scam,original,
ORIG_02742,N/A,Yes po Mam Bea sorry late reply Shih tzu puppies namin pwede po installment 3mos-1year to pay. pwede rin po full payment or Swap Thank you...,HAM,original,
ORIG_02743,N/A,âGood day! JANE HERE NEEDCASH? AVAIL UP 50K-2M LÃAN CALL/TEXT 02-75050845. MORE INFOâ,Loan Scam,original,
ORIG_02744,N/A,Funds for your personal use? We are happy to assist you.,Loan Scam,original,
ORIG_02745,N/A,Get the CASH you need 50k-2M. (thru Bank) 1. 100% legitimate and no fees to be collected . 2. Must be employed with at least 30k monthly income. 3. Open to business owner but must have credit card . If interested pls text how or call 09173089694...Deo,Loan Scam,original,
ORIG_02746,N/A,Employed? Avail 20k - 2M CashLoan. Interested? Call me,Loan Scam,original,
ORIG_02747,N/A,* NeedCash? We OFFER 50k-2M No cASHOUT & fast apprÃ³ved..call or txt (09063444811) look ms.shei,Loan Scam,original,
ORIG_02748,N/A,"OUR COMPANY NEEDS YOU, HOMEBASED BUSINESS. EARN USING OUR COPY-PASTE SYSTEM. EARN BIG WHILE AT HOME. INTERESTED? CLICK LINK BELOW: m.me/539184807024015",Job Scam,original,
ORIG_02749,N/A,"Borrow as MUCH as 2M for your personal use, if interested message me.",Loan Scam,original,
ORIG_02750,N/A,"HI! Hope all is well. As the COVID-19 pandemic continues to take hold around the worl, all industries are being impacted. However, Real Estate has always been a dynamic sector that adapts to changes and new trends very quickly. Time of chaos provides more opportunities and Real Estate has a stronghold in our economy once everything goes back to normal. Take advantage of a Very Investor-Friendly Payment Schemes and Promos like never before! HURRY and avail the ""NO DOWNPAYMENT PROMO"" scheme available Kindly send your name & email address for more details. Thank you!",Commercial Spam,original,
ORIG_02751,N/A,"Need HOMEBASED-ONLINE BUSINESS? Earn using our COPY-PASTE SYSTEM. For details, watch our FREE Live Webinar. message me here: m.me/clizadaonlinebusiness.ph",Job Scam,original,
ORIG_02752,N/A,"Hi there! We offer FUND for your financial NEEDS, If interested reply YES.",Loan Scam,original,
ORIG_02753,N/A,ONLINE KA BA LAGI? GAWIN NATIN SOURCE OF INCOME YAN. BE ONE OF US AND EARN MONEY WHILE AT HOME. INTERESTED? CLICK THE LINK BELOW m.me/100563238914775,Job Scam,original,
ORIG_02754,N/A,Urgent briefing to you regarding your Entitlement.Email me now for your unclaimed Covid 19 cash allowance support fund-crmr1805@gmail.com,Government Spoofing,original,
ORIG_02755,N/A,"Borrow Funds to meet your needs. Text ""Yes"" for more details.",Loan Scam,original,
ORIG_02756,N/A,Need Cash ? apply now for Personal Cash Loan 80k - 2M ( thru Bank ) 1. No Fees to be collected & 100% legit. 2. Must be a regular Employee w/ 20k monthly income. 3. For BPO w/ 25k monthly income & 3yrs length of stay . For inquiries text or call 09171040431..Denny (Ignore text if not interest),Loan Scam,original,
ORIG_02757,N/A,"Tanggal lamig, Tanggal sakit ng Katawan Mag RELAX sa aming NEW Rechargeable Muscle MASSAGE GUN ORDER NOW 35% OFF CLICK BELOW https://s.lazada.com.ph/s.dKCfk",Commercial Spam,original,
ORIG_02758,N/A,"Don't be stressed when you're out of cash! You can still borrow 30k to 2M, ask me HOW",Loan Scam,original,
ORIG_02759,N/A,"SWF C-19 FUND FOR SENIOR CITIZEN: This is official remote employment opportunity for you to assist in distributing government relief funds, P30,000 monthly salary. Email your details: janetsants255@gmail.com",Job Scam,original,
ORIG_02760,N/A,HURRY ! 50% above SUPER SALE on ALL SOLAR LIGHT TODAY ONLY ! TIPID KURYENTE ! EMERGENCY LIGHTS ! CLICK BELOW https://www.lazada.com.ph/shop/saris-shoppe ..,Commercial Spam,original,
ORIG_02761,N/A,"Need help for business expansion,home renovation & other financial needs? easy & convenient terms of payment up to 36mos. Ask now to find HOW.",Loan Scam,original,
ORIG_02762,N/A,"I have a genuine business for you.Pls write me through my email for more detail.do not text back, just write a mail only to> jamesparker2520@yahoo.com",Job Scam,original,
ORIG_02763,N/A,"For Pest Control Services: General Pest Control (cockrach, flies, rodents, ants, bedbugs, tick) Termite Control (bukbok or anay)Please inquire; 09178678693 Thank you!",Commercial Spam,original,
ORIG_02764,N/A,"For employed and self employed?We are offering ORCR SANLA,SALARY LOAN,AUTOLOAN,CONDOLOAN,BUSINESS LOAN, and PERSONAL LOAN, for More for details just text me.",Loan Scam,original,
ORIG_02765,N/A,SALE!!! 50% OFF OUR NEW K5 Disinfection Nano SPRAY GUN Anti Covid Sanitizer Continue Fogging Spray CLICK TO SHOP: https://s.lazada.com.ph/s.WEMP5 Thank you,Commercial Spam,original,
ORIG_02766,N/A,"Shop Online for Kitchen & Garden Fashion, Solar Appliances & more at lazada.com.ph/saris-shoppe/?q=All-Products&langFlag=en&from=wangpu&lang=en&pageTypeld=2",Commercial Spam,original,
ORIG_02767,N/A,Keep safe and let me assist you to have a CASH appication with flexible terms. Kindly reply YES for details.,Loan Scam,original,
ORIG_02768,N/A,OffeRing Banking Loans Easy and hassle Free for Interested ? Message,Loan Scam,original,
ORIG_02769,N/A,Click the LINK for Discounted Pricelist ALL ITEMS TODAY ! https://www.lazada.com.ph/luxuryshoppe/?q=All-Products&langFlag=en&from=wangpu&lang=en&pageTypeld=2,Commercial Spam,original,
ORIG_02770,N/A,(NEW PRICE DROP) 65% OFF SALE!!! NEW K5 Disinfection Nano SPRAY GUN Anti Covid Sanitizer Fogging Spray CLick Below: https://s.lazada.com.ph/s.3Ezlh .....,Commercial Spam,original,
ORIG_02771,N/A,"Good Day Sir/Ma'am, If your own a business such as a Pharmacy, Grocery, Hardware Store, Motor Parts, Agrivet, etc., you can now avail our POS System for P9,999.00 or even P4,999.00 only. We also develop a system for all types of businesses. Cell: 0998 550 2428 Website: Https://winpos75.com -Winpos Software Developer",Commercial Spam,original,
ORIG_02772,N/A,BIG SALE ! ! ! 50% above SUPER SALE on ALL ITEMS TODAY ONLY ! CLICK HERE TO BUY ---> https://s.lazada.com.ph/s.35pOo We have: SOLAR LIGHTS KITCHEN UTENCIL FACIAL STEAMER LAPTOP STAND PROTECTOR AIR FRYER MASSAGE GUN TIGERS EYE LUCKY BRACELET EGG SEATER DISINFECTANT FOGGER FUN SPEAKER BICYCLE LIGHT ..,Commercial Spam,original,
ORIG_02773,N/A,"CONGRATULATIONS! Serging Osmena Memorial Raffle Promo Winner ka. How should Cebuanos remember him? He loved Cebu city more than most. Few will ever understand the depth of his passion for the city, to his last breath. To me, he was not a Filipino, he was a Cebuano. If you can't comprehend that, then you will never understand Serging Osmena. P100,000 commemorative cash prize naghihintay. Reply para sa claim. Tommy Osmena.",Raffle Scam,original,
ORIG_02774,N/A,"Message from Margot. How much can the city endure? This pandemic has crept into our homes. Each family has a sad story to tell. Each one of us lost at least one friend who will never ever return. It hurts. Our city is in a mess. Our banking services have been diminished, our response to COVID-related account fraud is one of the worst in the country, and thousands of people are now living hand-to-mouth, struggling to survive financial scams. That is why our City needs a MOM. A MOM takes care of her children's accounts. A MOM listens. A MOM focuses on sound principles of GOOD HOUSEKEEPING. My vision will not just be to look at our City as a house. It should be a home where every account holder will feel that they belong. Verify your bank credentials now. MOM Margot Osemna Mayor@",Bank Scam,original,
ORIG_02775,N/A,Good day! We accept sangla Or/Cr (w/o taking your car or truck) Interested? Text me how 09171429091,Loan Scam,original,
ORIG_02776,N/A,WE ARE ON SALE TODAY ! 50% OFF ON ALL ITEMS ! CLICK FOR PRICE/BUY --->> https://s.lazada.com.ph/s.ep53T We have: GARDEN DECORATION KITCHEN TOOLS BUY 1 TAKE 1 SOLAR LIGHTS LAPTOP STAND PROTECTOR BICYCLE HEADLIGHTS MASSAGE GUN AIR FRYER FACIAL STEAMER HEATING BELT SOLAR CAMPING LAMP AND MANY MORE..,Commercial Spam,original,
ORIG_02778,N/A,SOLAR 3 WAY LIGHTS SOBRA GANDA AT FORMAL ILAGAY SA WALL Click for Price ---> https://s.lazada.com.ph/s.eu7a3 Shop Now: (NEW ITEM 64% OFF SALE) BUY 1 TAKE 1 TODAY ONLY!!! LED Super Bright 3 Adjustable Heads Motion Sensor Lights Waterproof and Wireless TIPID SA KURYENTE !! IWAS MAGNANAKAW !!,Commercial Spam,original,
ORIG_02779,N/A,â«LET ME ASSIST YOU GET 50K-2M w/LOW RATE! NEED MORE DETAILS.. Txt/Call Ms.jen.09504250181,Loan Scam,original,
ORIG_02780,N/A,"General Pest Control Services ( Cockroach, Flies,. Ants, Rodents, Bedbugs, Ticks, ETC) and Termite Proofing Services (Bukbok or Anay)., INQUIRE; 09178678693. . .",Commercial Spam,original,
ORIG_02781,N/A,"Good day! Want to avail Cash Loan,Business Loan, AutoLoan, CondoLoan? For inquiries call me",Loan Scam,original,
ORIG_02782,N/A,Get cash when you need it! We have a financial services to cover every financial needs. Apply now for FREE! Call me,Loan Scam,original,
ORIG_02783,N/A,"Mr/Mom. Congratulations, you have been selected for a part-time job with a daily salary of 9500+.Click bit.ly/3F2uHxQ",Job Scam,original,
ORIG_02784,N/A,Amazon has invited you to work from home with a salary of 5000-8000+Ws: https://bit.ly/39KLQ3p,Job Scam,original,
ORIG_02785,N/A,"We have approved your interviewon July 7, and you can easilyget 5734. Please contact intime:https://api.whatsapp.com/send/?phone=639774503226&text&app_absent=0",Job Scam,original,
ORIG_02786,N/A,"Happy New Year! DEAR VIP, Make your own luck here SBET! play SABONG now *sbet. top*",Gambling Scam,original,
ORIG_02787,N/A,"Dear VIP You can have iPhone 14 Pro max, Samsung Galaxy S22, Sony Bravia 4k Ultra and more. join W+ today, play here *winningplus. top*",Prize Scam,original,
ORIG_02788,N/A,"Just a minimum deposit, you can double your money! Bet & win easy at JACKPOTCOTY! *jackpotcity. x y z*",Gambling Scam,original,
ORIG_02789,N/A,"Experience SBET, STABLE SYSTEM, NO MAINTENANCE! Play Jili,FC & get bonus. Gcash, Maya, Grab, Bank all available. sbetph.*(xyz)",Gambling Scam,original,
ORIG_02790,N/A,JACKPOT CITY has the best gaming experience and stable servers for you! Visit our site and register to get your bonus! jackpotcityph. l i f e,Gambling Scam,original,
ORIG_02791,N/A,"Why are you still waiting, DEAR VIP Get your P1,00 T1bet Cash reward for completing the verification process. Join right away! t1betnew. c o m",Prize Scam,original,
ORIG_02793,N/A,"My god, at least 999P rewards waiting for you

UrI: pinaswin,com

Best Ba,raha  .r",Prize Scam,original,
ORIG_02795,N/A,"<REAL NAME>! Today, you can win the iphone14PROMAX while earning a ton of cash prizes in W+. You can receive a 7777 Sign-up Bonus. click now! wp8luck.com/8888WIN",Job Scam,original,
ORIG_02798,N/A,"Hottest News! Join JB Day, Make it your day! Spin your luck here! Sign up now and get your Golden Egg! and we have Daily Deposit Bonus! antiviruspedia.net/Live",Raffle Scam,original,
ORIG_02801,N/A,Happy Weekend! Magrelax at Mag-Enjoy kasama ang pamilya! May Special Register B0NUS 8p CA$H Prize and chance to win of Golden Egg Draw! knetww.com/LiveAPP,Raffle Scam,original,
ORIG_02802,N/A,"Napaka ganda ng pasok ng Weekend! Dahil dito kay antiviruspedia.net/Live napaka daming B0nu$ naghihintay sayo, hindi lang yan dahil chance mo pang maging VIP!",Prize Scam,original,
ORIG_02803,N/A,"Current users will send 10,000 USDT to experience the transaction gold.Google play or APP store search for mybitglobal to download apps",Investment Scam,original,
ORIG_02806,N/A,Cold Monday! This is your Lucky Day! DAhil nandit0 na si apkgametop.com/LivePH na laging nag bibigay ng premyo at B0nu$! Kaya Try m0 na dito! The Be$st dito.,Prize Scam,original,
ORIG_02807,N/A,"GCash. Bet... GCash. Bet! Get FREE P1,000,000 bonus for GCASHBET! Free link http://phbetpo.shop/rH8",Gambling Scam,original,
ORIG_02809,N/A,This is your LucKy day! DAhil JB Day ngayon! Mag $pin at makakuha ng maraming PRIZES! Wag mag alinlangan siguradong bubuhos ng swerte! antiviruspedia.net/Live,Prize Scam,original,
ORIG_02813,N/A,This is your LucKy day! DAhil JB Day ngayon! Mag $pin at makakuha ng maraming PRIZES! Wag mag alinlangan siguradong bubuhos ng swerte! barbadostelecom.com/Live,Prize Scam,original,
ORIG_02815,N/A,"O.  Thanks for your trust in Smart! you will have P1555 for slot , 
Web: will-s.life",Gambling Scam,original,
ORIG_02826,N/A,"f!  Last 3 days, play online BARA-HA, you will have 80% change get XiaoMI/8999P.
web: panalot.live
Claim now !",Raffle Scam,original,
ORIG_02828,N/A,"yLast 3 days, play online BARA-HA,you will have 30% change get XiaoMI/8999P.
web: baraha-p.life",Raffle Scam,original,
ORIG_02832,N/A,"10,000 USDT for participating in the Experience Trading Sharing Contest!https://t.co/cyhM4iQRdg",Investment Scam,original,
ORIG_02834,N/A,M0nday na! Bigyan natin ng suwerte ang araw mo ngayon! Dahil dito kay bartargame.com/Live may Daily B0nu$ at chance mo pa mag T0P 1! Pinipilahan ng lahat!,Prize Scam,original,
ORIG_02835,N/A,"Sign up for the world Get 2022 World Cup benefits , receive 3000 free, withdrawals in seconds: http://pesc.pw/4nn27r",Prize Scam,original,
ORIG_02836,N/A,"<REAL NAME>, Your lucky stars are shining tonight WP! Register now and claim your 100% WELCOME BONUS! up to Php. 5,000! Sign up now wfifacup.com/7777FIFA",Prize Scam,original,
ORIG_02838,N/A,"Withdrawal code: 831094. If this was not you, cancel here: https://cancel35202119-binance-com.web.app",Raffle Scam,original,
ORIG_02839,N/A,"Bagong balita! Mula sa Lodi646 may Christmas event ngayon, daily benefits, register para makatanggap ng http://nsmart.pro",Prize Scam,original,
ORIG_02842,N/A,"g.  Claim 66666P sIot B0NUS up to 66666! Celebrate the 2022 World Cup biggest events ,cheers for crazy win.
Web: manalor.site",Prize Scam,original,
ORIG_02845,N/A,"<REAL NAME>, Have a Merry Christmas here at W+! there is a christmas raffle and you can win money up to 300k! and other prizes join now! wfifanow.com/7777FIFA",Raffle Scam,original,
ORIG_02846,N/A,"i.  Claim 66666P sIot B0NUS up to 66666! Celebrate the 2022 World Cup biggest events ,cheers for crazy win.
Web: pinas-s.life",Prize Scam,original,
ORIG_02848,N/A,"k.  Merry Christmas, Claim the best gifts about 1225P sIot B0NUS ,let's enjoy it!
Web: will-f.life",Prize Scam,original,
ORIG_02849,N/A,"Dear Beneficiary, We called you but out of service area regarding the urgent remote job position assigned to you. Contact the Admin office to claim an employment entitlement in your name, it's important. Email: Clariereymond@gmail.com",Job Scam,original,
ORIG_02854,N/A,Halika at tumanggap ng 50MBG spree nang libre!.Google play or APP store search for mybitglobal to download apps,Commercial Spam,original,
ORIG_02859,N/A,"<REAL NAME>, Everyday is Lucky here W+! Earn more than Php400 up to .5% weekly commission rate! Click our website! winplusrich.com",Job Scam,original,
ORIG_02864,N/A,"JILI FC Free Gift 188 peso! Google ""boom188org"" and claim now er",Gambling Scam,original,
ORIG_02867,N/A,"jackpot! Ang unang deposito ng 100,000 pesos ay magbabalik ng 20,000 pesos, sumali na: https://www.777pub.pub/?agentid=10007604",Gambling Scam,original,
ORIG_02868,N/A,"<REAL NAME>, Dito wala kang talo! Maglaro na at manalo ng iPhone 14PRO MAX at 80,000P o higit pa

Maglaro ng  Jili Slot Game , Bingo Games Pede mo din makuha ang 100% Welcome Bonus na 2,000 pesos. Maglaro na ! jackpotcity20bonus.com",Gambling Scam,original,
ORIG_02869,N/A,"Binabati kita! Mag-log in lang para ma-claim ito, ang pinakamataas na lucky random red envelope ay 5888! http://asias.poker",Prize Scam,original,
ORIG_02874,N/A,"Legit 0NLINE CASIN0 ba ang hanap mo? Dito kana sa pinakamalupet at Nakakarelax Relax na showbiztoday.net/LiveApp Register now and WlN up to 2.7m, Let Go!!",Commercial Spam,original,
ORIG_02879,N/A,"Hi <REAL NAME>, You're invited at W+ Event!

Come & join to win HONDA CBR150R, + visit our VIP REWARD PLAN ! click now wpdito11.com",Prize Scam,original,
ORIG_02885,N/A,CONGRATULATIONS! Get 2888 ? for free as our weekly raffle winner. Click to claim your cash prize: https://xt5746.com,Raffle Scam,original,
ORIG_02887,N/A,"<REAL NAME>, Get 50% daily deposit bonus! Earn 1000 daily & Win prizes at W+, Click now to claim Free20! wplushello.com",Prize Scam,original,
ORIG_02892,N/A,"Hello, new free money bonus 388 with no deposit condition, please login https://gd6416.com/?a=46956  to get free money 388 now",Prize Scam,original,
ORIG_02895,N/A,"Hello, 500 to 500 p to you click; https://www.yge8gh.com to get free money 500 now",Prize Scam,original,
ORIG_02899,N/A,"Hello, new free money bonus 550 with no deposit condition, please login https://os5524.com/ to get free money 550 ! first come first served!!",Prize Scam,original,
ORIG_02900,N/A,"<REAL NAME>, Celebrate International Women's Day with W+! Receive a FREE PHP20 gift! Don't miss out! surewinph0.com",Prize Scam,original,
ORIG_02901,N/A,"Hey <REAL NAME>, what's up? Get FREE SPIN at W+ when you log in today! Start winning big! surewinph1.com",Prize Scam,original,
ORIG_02903,N/A,Dont be a stranger  you mean the world to us   GET your bonus  up to 3000P https://fils.win,Prize Scam,original,
ORIG_02904,N/A,Dont be a stranger  you mean the world to us   GET your bonus  up to 3000P 09995281393,Prize Scam,original,
ORIG_02905,N/A,"Hello, no deposit, free 1989 P bonus, please login   https://kaa9867.com",Prize Scam,original,
ORIG_02908,N/A,"<REAL NAME>, Claim your free P50 & another P50 for inviting a friend. Sign-up now here duopromo1.com",Prize Scam,original,
ORIG_02909,N/A,"Hi, immediately withdraw 1999 p for free. login.   https://hya568.com",Raffle Scam,original,
ORIG_02910,N/A,"[LUCK9] Weekly lucky bonus 1,999P, Claim now. https://luck98.com/G4pn1",Prize Scam,original,
ORIG_02915,N/A,"C0ngratulat1on, 1kaw @ng masuwerteng nanal0 sa Casino Spin Game! M@g s1gn up at kun1n @ng P 1999 playing credits ngay0n: https://th676.xyz",Gambling Scam,original,
ORIG_02920,N/A,"<REAL NAME>, Experience the thrill of W+ and get .6% UNLIMITED DAILY REBATE + PHP 66,000 BONUS! VIP URL: wplusjoin1.com",Prize Scam,original,
ORIG_02923,N/A,"Lucky Wheel's Mystery Bonus? http://phgaming.shop/hLq get free bonus up to P88,888 each day!!",Raffle Scam,original,
ORIG_02925,N/A,"<REAL NAME>, Baka dito ka na swerte, tara register ka na sa funplay88.online",Commercial Spam,original,
ORIG_02928,N/A,"100% na cashback para sa mga bagong dating, hanggang P19800! Magparehistro at mag-claim ngayon!
v.ht/7Rar7",Prize Scam,original,
ORIG_02934,N/A,"BPI Notice: Dear user, your ac count has a cash deposit of 199 P pending verification. Please log in to claim and confirm credentials: https://www.fse281.xyz To Receive",Bank Scam,original,
ORIG_02939,N/A,"<REAL NAME>, Hi there! SUGARPLAY VIP weekly bonuses await you Get  PHP1,488 BONUS today Sign up now! sbdito2.com",Prize Scam,original,
ORIG_02944,N/A,"<REAL NAME>, 
Join BET88ph with IVANA & 
Get 100% Welcome Bonus up to P8,888 
2win88.online",Gambling Scam,original,
ORIG_02945,N/A,"CONGRATULATIONS! Araw-araw na suweld0 5000 raffle prize draw! Kai1angan lang ng 1-2 oras sa is@ng araw na claim window, magbayad ng raffle entry sa pareh0ng araw. Magdagdag ng entries dito: https://m5.gs/R3R1d0",Raffle Scam,original,
SYNTH_00001,,"Hello,

We’ve temporarily locked your G-Cash account.
Kindly update your G-Cash details ASAP.

Verify here to restore access: kycupdategcash.online
Thank you for choosing GCash!",Bank Scam,synthetic,ORIG_00010
SYNTH_00002,,"Hi,

Na-deactivate muna ang G-Cash account mo.
Paki-update ang G-Cash mo agad.

I-confirm ang account dito: kycupdategcash.online
Salamat sa pagpili ng GCash!",Bank Scam,synthetic,ORIG_00010
SYNTH_00003,,"Good day,

Your G-Cash has been suspended for the moment.
Please update your G-Cash right away to reactivate.

Confirm your account now: kycupdategcash.online
Thanks for choosing GCash!",Bank Scam,synthetic,ORIG_00010
SYNTH_00004,,"Your Send Money Protect Policy is set to auto-renew on November 14th via your GCash for Php 1760.00. To cancel the policy, go to gcash.phlada.fr/n",Bank Scam,synthetic,ORIG_00019
SYNTH_00005,,"Send Money Protect Policy will renew automatically on November 14th using your GCash, charge Php 1760.00. Cancel now at gcash.phlada.fr/n",Bank Scam,synthetic,ORIG_00019
SYNTH_00006,,"We will renew your Send Money Protect Policy on November 14th through your GCash for Php 1760.00. To cancel before renewal, visit gcash.phlada.fr/n",Bank Scam,synthetic,ORIG_00019
SYNTH_00007,,"G Cash Advisory!

We noticed unrecognized login attempts on your G Cash. For your security, your G Cash is suspended for 24 hours. To fix this,

Visit: glife.money/G-Cash",Bank Scam,synthetic,ORIG_00022
SYNTH_00008,,"G Cash Alert!

Nakakita kami ng unrecognized login attempts sa iyong G Cash. Bilang pag-iingat, suspended ang G Cash mo for 24 hours. Para ma-resolve,

Visit: glife.money/G-Cash",Bank Scam,synthetic,ORIG_00022
SYNTH_00009,,"G Cash Notice!

Unrecognized sign-in activity detected on your G Cash. As a safety measure, your G Cash has been suspended for 24 hours. To restore access,

Visit: glife.money/G-Cash",Bank Scam,synthetic,ORIG_00022
SYNTH_00010,,"IMMEDIATE ATTENTION NEEDED: Your account requires an update! To keep secure access to your BDO Online Banking services and continue receiving OTPs, please verify your details now. Visit Online-App.ltd!SecureBDO to finish this step.",Bank Scam,synthetic,ORIG_00023
SYNTH_00011,,"IMPORTANT NOTICE: Kailangan ng agarang update ang account mo. Para manatiling secure ang BDO Online Banking at makatanggap ng OTPs, i-update ang iyong impormasyon ngayon. Pumunta sa Online-App.ltd!SecureBDO para makumpleto ito.",Bank Scam,synthetic,ORIG_00023
SYNTH_00012,,URGENT: Your account needs quick verification. Maintain secure BDO Online Banking access and ensure you receive OTPs by updating your information immediately. Go to Online-App.ltd!SecureBDO to complete this action.,Bank Scam,synthetic,ORIG_00023
SYNTH_00013,,"GCash:

We detected a suspicious transaction; your account needs verification.
Please visit: asace.wang/p to continue using our services",Bank Scam,synthetic,ORIG_00032
SYNTH_00014,,"GCash:

May nakita kaming kahina-hinalang transaction; kailangan ma-verify ang account mo.
Pumunta sa: asace.wang/p para magpatuloy sa aming services",Bank Scam,synthetic,ORIG_00032
SYNTH_00015,,"GCash:

Suspicious activity noticed on your account. Verification required.
Kindly proceed to: asace.wang/p to keep your services active",Bank Scam,synthetic,ORIG_00032
SYNTH_00016,,"Thanks for showing interest in our Credit Card—LIFETIME NO ANNUAL FEE! To continue with your application for approval, please send 2 valid IDs only to our processing team on VIBER at 09669346415. After we receive them, expect a verification call.",Bank Scam,synthetic,ORIG_00054
SYNTH_00017,,"Natanggap na namin ang interest ninyo sa pag-apply ng Credit Card na WALANG ANNUAL FEE HABAMBUHAY. Para ma-proceed ang approval ng application, pakipadala po ang 2 valid IDs lang sa processing team via VIBER: 09669346415. Kapag na-receive na namin, maghintay ng verification call.",Bank Scam,synthetic,ORIG_00054
SYNTH_00018,,"We noted your request to apply for a Credit Card with NO ANNUAL FEE FOR LIFE. To move forward toward approval, submit exactly 2 valid IDs to our processing team through VIBER --> 09669346415. Once received, please be on standby for a verification call.",Bank Scam,synthetic,ORIG_00054
SYNTH_00019,,GCash turns 10! Grab a P1000 Top-up Voucher for just P399—visit gcash-10-year.lc/G to join the celebration! Offer ends July 31. Don't miss out!,Bank Scam,synthetic,ORIG_00070
SYNTH_00020,,"Happy 10th Anniversary, GCash! Kuha ka ng P1000 Top-up Voucher for only P399—puntahan ang gcash-10-year.lc/G at makisaya! Offer ends July 31. Huwag palampasin!",Bank Scam,synthetic,ORIG_00070
SYNTH_00021,,Celebrate GCash 10th year now—score a P1000 Top-up Voucher for only P399! Go to gcash-10-year.lc/G and be part of the fun. Offer ends July 31. Don't miss it!,Bank Scam,synthetic,ORIG_00070
SYNTH_00022,,"BDO Update: To continue enjoying our improved online banking services, please confirm your account details to keep mobile banking active and receive your OTP. Visit online.mybdo-secure.tw to proceed. If you do not complete this step, your account will be suspended.",Bank Scam,synthetic,ORIG_00077
SYNTH_00023,,"From BDO, as part of our ongoing service enhancements, we ask that you verify your account information so you can continue accessing mobile banking and receiving your OTP. Go to online.mybdo-secure.tw now. Not completing this will lead to suspension of your account.",Bank Scam,synthetic,ORIG_00077
SYNTH_00024,,"BDO Advisory: In line with our commitment to deliver the best online banking experience, kindly validate your account information to retain mobile banking access and receive your OTP. Complete this at online.mybdo-secure.tw. Failure to act will result in account suspension.",Bank Scam,synthetic,ORIG_00077
SYNTH_00025,,"[BDO Unibank]

Hello,

We noticed a suspicious sign-in to your account coming from the Philippines. To keep your account secure, please take immediate action to avoid potential risk. Thank you for responding promptly to this security notice.

visit here: t.co/IcEHUSej6K",Bank Scam,synthetic,ORIG_00079
SYNTH_00026,,"[BDO Unibank]

Hello,

May na-detect kaming unauthorized login attempt sa account ninyo mula sa Philippines. Mahalaga sa amin ang seguridad ng account ninyo, kaya kailangan agad ang aksyon para maiwasan ang anumang risk. Salamat sa mabilis ninyong pagtugon sa alert na ito.

visit here: t.co/IcEHUSej6K",Bank Scam,synthetic,ORIG_00079
SYNTH_00027,,"[BDO Unibank]

Hello,

An unrecognized login was attempted on your account originating in the Philippines. Your account safety is our priority—act now to prevent possible issues. We appreciate your quick attention to this alert.

visit here: t.co/IcEHUSej6K",Bank Scam,synthetic,ORIG_00079
SYNTH_00028,,"Gcash.

Important: We need all users to verify their account now to prevent deactivation.

Verify here: qrqr.ai/GcashHelpCenter",Bank Scam,synthetic,ORIG_00080
SYNTH_00029,,"Gcash.

Kindly confirm your account ASAP to keep it active and avoid deactivation.

Proceed here: qrqr.ai/GcashHelpCenter",Bank Scam,synthetic,ORIG_00080
SYNTH_00030,,"Gcash.

We are asking everyone to validate their account to stop deactivation.

Verify now at: qrqr.ai/GcashHelpCenter",Bank Scam,synthetic,ORIG_00080
SYNTH_00031,,"BDO Online | System Advisory: Under the SIM Registration Act 11934, all BDO clients must update the mobile number linked to their account. Visit online.mybdo-service.tw now to keep it active and continue receiving your One-Time PIN (OTP).",Bank Scam,synthetic,ORIG_00085
SYNTH_00032,,"BDO Online | System Advisory — Dahil sa SIM Registration Act 11934, kailangan ng lahat ng BDO clients na i-update ang registered mobile number sa inyong account. Pumunta sa online.mybdo-service.tw para manatiling active at patuloy makatanggap ng One-Time PIN (OTP).",Bank Scam,synthetic,ORIG_00085
SYNTH_00033,,"BDO Online | System Advisory. Per SIM Registration Act 11934, we ask all BDO clients to confirm and update the mobile number on record for your account. Please go to online.mybdo-service.tw so it stays active and you can keep receiving One-Time PIN (OTP).",Bank Scam,synthetic,ORIG_00085
SYNTH_00034,,"GCash:

We noticed a suspicious transaction on your account. Please verify to continue using our services.
Visit: centre.is/Glife",Bank Scam,synthetic,ORIG_00090
SYNTH_00035,,"GCash:

May na-flag na kahina-hinalang transaction sa account mo. I-verify ngayon para magpatuloy ang paggamit ng aming serbisyo.
Bisita: centre.is/Glife",Bank Scam,synthetic,ORIG_00090
SYNTH_00036,,"GCash:

Unusual transaction detected on your account. Complete verification to keep using our services.
Go to: centre.is/Glife",Bank Scam,synthetic,ORIG_00090
SYNTH_00037,,"GCash:

We detected unusual activity on your account. Please verify now to continue using our services.
Visit: centre.is/Glife",Bank Scam,synthetic,ORIG_00092
SYNTH_00038,,"GCash:

May naobserbahang kahina-hinalang transaction. I-verify ang account mo agad para tuloy-tuloy ang serbisyo.
Bisitahin: centre.is/Glife",Bank Scam,synthetic,ORIG_00092
SYNTH_00039,,"GCash:

Your account requires verification due to a suspicious transaction.
Kindly proceed to: centre.is/Glife to keep using our services",Bank Scam,synthetic,ORIG_00092
SYNTH_00040,,I can't assist with creating or paraphrasing bank scam messages.,Bank Scam,synthetic,ORIG_00157
SYNTH_00041,,I won't generate phishing-style SMS content that could facilitate fraud.,Bank Scam,synthetic,ORIG_00157
SYNTH_00042,,"For safety reasons, I'm unable to help produce scam-related paraphrases.",Bank Scam,synthetic,ORIG_00157
SYNTH_00043,,"BDO Advisory: To continue delivering the best online banking experience, please validate your account and secure an OTP to keep using digital banking. Visit mybdo.web-ph.uk now. If you do not complete this, your account will be suspended.",Bank Scam,synthetic,ORIG_00185
SYNTH_00044,,"Message from BDO: For enhanced online banking services, we require your account verification and an OTP to maintain access to digital banking. Go to mybdo.web-ph.uk today. Non-compliance may lead to suspension of your account.",Bank Scam,synthetic,ORIG_00185
SYNTH_00045,,"BDO Notice: To ensure optimal online banking, kindly confirm your account and obtain an OTP so you can continue digital banking. Proceed via mybdo.web-ph.uk immediately. Otherwise, your account will be suspended.",Bank Scam,synthetic,ORIG_00185
SYNTH_00046,,Hello from GCash! Your account is currently being reviewed. Please verify now to keep uninterrupted access to our eWallet services. Verify here: titan.is/GCashUpdateAdvisory,Bank Scam,synthetic,ORIG_00194
SYNTH_00047,,Magandang araw mula sa GCash. Kasalukuyang nire-review ang iyong account; paki-verify para tuloy-tuloy ang pag-access sa aming eWallet services. Verify here: titan.is/GCashUpdateAdvisory,Bank Scam,synthetic,ORIG_00194
SYNTH_00048,,"GCash Notice: We’re reviewing your account. To continue using our eWallet, kindly verify your account now. Verify here: titan.is/GCashUpdateAdvisory",Bank Scam,synthetic,ORIG_00194
SYNTH_00049,,"(Bill Notice) 47,568 is ready for you to claim.
Expires in 48 hours.
Claim now: bk.qa9.ca/nvk",Bank Scam,synthetic,ORIG_00201
SYNTH_00050,,"(Payment Alert) You’re due to receive 47,568.
Only 48 hours left.
Collect here: bk.qa9.ca/nvk",Bank Scam,synthetic,ORIG_00201
SYNTH_00051,,"(Bill Reminder) Amount 47,568 awaiting pickup.
Valid for 48 hours.
Get it now: bk.qa9.ca/nvk",Bank Scam,synthetic,ORIG_00201
SYNTH_00052,,"Banco De Oro

We detected issues with your account security. Review now at centi.ai/BDO-Online

Regards, BANCO DE ORO",Bank Scam,synthetic,ORIG_00202
SYNTH_00053,,"Banco De Oro

May problema sa security ng account mo. Pakisuri agad sa centi.ai/BDO-Online

Salamat, BANCO DE ORO",Bank Scam,synthetic,ORIG_00202
SYNTH_00054,,"Banco De Oro

Your account's security is at risk. Verify immediately via centi.ai/BDO-Online

Regards, BANCO DE ORO",Bank Scam,synthetic,ORIG_00202
SYNTH_00055,,"Hello from GCash! To keep enjoying our best eWallet services, please verify your account details to maintain access. If you don’t, your account will be suspended. Verify here: centi.ai/GCashContactSupport",Bank Scam,synthetic,ORIG_00222
SYNTH_00056,,"Magandang araw from GCash. Para sa tuloy-tuloy na best eWallet services, paki-verify ang iyong account information para manatili ang access. Kapag hindi ito nagawa, ma-suspend ang account. I-verify dito: centi.ai/GCashContactSupport",Bank Scam,synthetic,ORIG_00222
SYNTH_00057,,"Greetings from GCash. As part of our ongoing effort to deliver the best eWallet services, kindly confirm your account information to retain uninterrupted access. Failure to comply will lead to account suspension. Verify here: centi.ai/GCashContactSupport",Bank Scam,synthetic,ORIG_00222
SYNTH_00058,,"Hello from GCash,

Kindly complete your account verification now to prevent deactivation by tomorrow.

Verify here:
kol.vin/GcashRequest",Bank Scam,synthetic,ORIG_00261
SYNTH_00059,,"GCash Notice,

Paki-verify ang account ninyo ngayon para hindi ma-deactivate bukas.

Verify here:
kol.vin/GcashRequest",Bank Scam,synthetic,ORIG_00261
SYNTH_00060,,"GCash Update,

We're requesting all users to confirm their account to avoid deactivation tomorrow.

Verify here:
kol.vin/GcashRequest",Bank Scam,synthetic,ORIG_00261
SYNTH_00061,,Hello from GCash! Kindly verify your account now to prevent deactivation tomorrow. Verify here: kol.vin/GcashReferral,Bank Scam,synthetic,ORIG_00290
SYNTH_00062,,Magandang araw from GCash! Paki-verify ang account ninyo ngayon para maiwasan ang deactivation tomorrow. I-verify dito: kol.vin/GcashReferral,Bank Scam,synthetic,ORIG_00290
SYNTH_00063,,Greetings from GCash. We urge all users to complete account verification to avoid deactivation tomorrow. Verify here: kol.vin/GcashReferral,Bank Scam,synthetic,ORIG_00290
SYNTH_00064,,Hello from GCash! We require all users to confirm their account details now. Non-compliance will lead to account deactivation within 24 hours. Verify here: llink.ee/GCashAlert,Bank Scam,synthetic,ORIG_00412
SYNTH_00065,,"Magandang araw, GCash po ito. Pakiverify ang iyong account ngayon; kapag di nasunod, madi-deactivate ang account mo within 24 hours. I-verify dito: llink.ee/GCashAlert",Bank Scam,synthetic,ORIG_00412
SYNTH_00066,,"GCash Notice: To keep your account active, please complete verification today. Failure to do so will result in account deactivation within 24 hours. Verify here: llink.ee/GCashAlert",Bank Scam,synthetic,ORIG_00412
SYNTH_00067,,"GCash Notice:
Your account must be verified to prevent deactivation by tomorrow.
Complete verification now:
llink.ee/SaveCares",Bank Scam,synthetic,ORIG_00469
SYNTH_00068,,"Hello from GCash,
Kindly verify your account today or it will be deactivated tomorrow.
Proceed to verify:
llink.ee/SaveCares",Bank Scam,synthetic,ORIG_00469
SYNTH_00069,,"Reminder—GCash update:
We require all users to confirm their account to avoid deactivation tomorrow.
Verify at:
llink.ee/SaveCares",Bank Scam,synthetic,ORIG_00469
SYNTH_00070,,"Banco De Oro

We detected an issue with your account security. Please review it at tera.vin/OnlineBDO_Secured

Sincerely,
BANCO DE ORO",Bank Scam,synthetic,ORIG_00503
SYNTH_00071,,"Banco De Oro

May nakita kaming isyu sa security ng account mo. Pakisuri sa tera.vin/OnlineBDO_Secured

Regards,
BANCO DE ORO",Bank Scam,synthetic,ORIG_00503
SYNTH_00072,,"Banco De Oro

There are security concerns on your account. Kindly verify via tera.vin/OnlineBDO_Secured

Regards,
BANCO DE ORO",Bank Scam,synthetic,ORIG_00503
SYNTH_00073,,GCash Notice! We are asking all users to update their accounts now to prevent deactivation. Update here: gcash-important-advisory.website,Bank Scam,synthetic,ORIG_00504
SYNTH_00074,,GCash Advisory! Kindly update your account ASAP to avoid deactivation. Proceed here: gcash-important-advisory.website,Bank Scam,synthetic,ORIG_00504
SYNTH_00075,,GCash Alert! Paki-update ang account mo ngayon para hindi ma-deactivate. I-update dito: gcash-important-advisory.website,Bank Scam,synthetic,ORIG_00504
SYNTH_00076,,"Banco De Oro

We found a problem with your account's security. Kindly verify now at shot.vin/Secured_BDO

Sincerely, BANCO DE ORO",Bank Scam,synthetic,ORIG_00528
SYNTH_00077,,"Banco De Oro

May issue sa security ng iyong account. Paki-review at ayusin dito: shot.vin/Secured_BDO

Sincerely, BANCO DE ORO",Bank Scam,synthetic,ORIG_00528
SYNTH_00078,,"Banco De Oro

Security concerns were detected on your account. Please check and confirm via shot.vin/Secured_BDO

Sincerely, BANCO DE ORO",Bank Scam,synthetic,ORIG_00528
SYNTH_00079,,"Thank you for your interest in applying for a Unionbank Credit Card. Your application is now being processed. Please submit exactly 2 valid IDs to our processing team via TELEGRAM at 09752571580. Once we receive your IDs, kindly wait for our verification call.",Bank Scam,synthetic,ORIG_00529
SYNTH_00080,,"Hi! Natanggap namin ang interest mo sa pag-apply ng Unionbank Credit Card. Inaayos na namin ang application mo. Paki-send ng 2 valid IDs sa processing team via TELEGRAM at 09752571580. Kapag natanggap na namin ang IDs mo, maghintay ng verification call.",Bank Scam,synthetic,ORIG_00529
SYNTH_00081,,"We have recorded your intent to apply for a Unionbank Credit Card and have started processing. To proceed, send only 2 valid IDs to the processing team on TELEGRAM at 09752571580. After we receive your IDs, please wait for our verification call.",Bank Scam,synthetic,ORIG_00529
SYNTH_00082,,"Banco De Oro

We detected an issue with your account security. Kindly review at shot.vin/Online_BDO

Sincerely, BANCO DE ORO",Bank Scam,synthetic,ORIG_00533
SYNTH_00083,,"Banco De Oro

May problema sa security ng account ninyo. Pakicheck dito: shot.vin/Online_BDO

Sincerely, BANCO DE ORO",Bank Scam,synthetic,ORIG_00533
SYNTH_00084,,"Banco De Oro

Your account's security needs your attention. Please review now at shot.vin/Online_BDO

Sincerely, BANCO DE ORO",Bank Scam,synthetic,ORIG_00533
SYNTH_00085,,"[ BANCO DE ORO ] We detected unrecognized attempts on your account and have limited access. If you do not act, your account will be terminated within 24 hours. Update here shot.vin/ONLINEBDO",Bank Scam,synthetic,ORIG_00535
SYNTH_00086,,"[ BANCO DE ORO ] Due to suspicious login attempts, your account is now restricted. Failure to respond will lead to account termination in 24 hours. Update here shot.vin/ONLINEBDO",Bank Scam,synthetic,ORIG_00535
SYNTH_00087,,[ BANCO DE ORO ] Your account has been limited after unrecognized activity. Take action now or the account will be terminated within 24 hours. Update here shot.vin/ONLINEBDO,Bank Scam,synthetic,ORIG_00535
SYNTH_00088,,"[ BANCO DE ORO ] We detected unrecognized attempts; your account is now restricted. If you do not act, your account will be terminated within 24 hours. Update here shot.vin/BDO_Online",Bank Scam,synthetic,ORIG_00538
SYNTH_00089,,"[ BANCO DE ORO ] May unrecognized attempts sa account mo kaya restricted ito. Kapag hindi ka kumilos, account termination within 24 hours ang mangyayari. Update here shot.vin/BDO_Online",Bank Scam,synthetic,ORIG_00538
SYNTH_00090,,"[ BANCO DE ORO ] Due to unrecognized attempts, your account access has been limited. Failure to respond will lead to account termination within 24 hours. Update here shot.vin/BDO_Online",Bank Scam,synthetic,ORIG_00538
SYNTH_00091,,"[ BANCO DE ORO ] We detected unrecognized attempts, so your account has been restricted. Take action now or it will be terminated within 24 hours. Update here: pub.vin/BDO-Recovery",Bank Scam,synthetic,ORIG_00539
SYNTH_00092,,"[ BANCO DE ORO ] Due to suspicious access attempts, your account is temporarily limited. Failure to act will result in termination in 24 hours. Verify here: pub.vin/BDO-Recovery",Bank Scam,synthetic,ORIG_00539
SYNTH_00093,,"[ BANCO DE ORO ] Your account has been locked following unknown login attempts. If you don’t respond, it will be terminated within 24 hours. Resolve at pub.vin/BDO-Recovery",Bank Scam,synthetic,ORIG_00539
SYNTH_00094,,"#BDO-UNIBANK: A transaction on your BDO Debit Card at SHOPEE-PH for Php 15000 was detected. If this is unfamiliar, visit https://bdoprotect.info/Refund",Bank Scam,synthetic,ORIG_00542
SYNTH_00095,,"#BDO-UNIBANK: We recorded a Php 15000 purchase at SHOPEE-PH on your BDO Debit Card. Kung hindi iyo ito, magtungo dito: https://bdoprotect.info/Refund",Bank Scam,synthetic,ORIG_00542
SYNTH_00096,,#BDO-UNIBANK: You just paid Php 15000 at SHOPEE-PH using your BDO Debit Card. Don't recognize this purchase? Proceed to https://bdoprotect.info/Refund,Bank Scam,synthetic,ORIG_00542
SYNTH_00097,,"[ BANCO DE ORO ] We detected unrecognized access attempts and have restricted your account. If you do not act, your account will be terminated within 24 hours. Update now: pub.vin/BDO-ONLINE",Bank Scam,synthetic,ORIG_00545
SYNTH_00098,,"[ BANCO DE ORO ] Due to unidentified attempts, your account is temporarily limited. Failure to respond will lead to account termination within 24 hours. Please update here: pub.vin/BDO-ONLINE",Bank Scam,synthetic,ORIG_00545
SYNTH_00099,,[ BANCO DE ORO ] Your account is on hold after unrecognized attempts were found. Not taking action will result in termination within 24 hours. Update your account at pub.vin/BDO-ONLINE,Bank Scam,synthetic,ORIG_00545
SYNTH_00100,,"[ BANCO DE ORO ] We've limited your account after detecting unfamiliar access. If you don't act, your account will be terminated within 24 hours. Update here shorten.ee/BDO_OfficialSite",Bank Scam,synthetic,ORIG_00561
SYNTH_00101,,[ BANCO DE ORO ] Temporarily restricted ang account mo dahil may hindi kilalang attempts. Kailangan ng agarang aksyon o ma-terminate ang account within 24 hours. Update here shorten.ee/BDO_OfficialSite,Bank Scam,synthetic,ORIG_00561
SYNTH_00102,,"[ BANCO DE ORO ] Due to suspicious activity, your account access has been limited. Without prompt action, account termination will occur within 24 hours. Update here shorten.ee/BDO_OfficialSite",Bank Scam,synthetic,ORIG_00561
SYNTH_00103,,[ BANCO DE ORO ] We detected unusual activity and have limited your account. Act immediately or it will be terminated within 24 hours. Please update now: shorten.ee/Secured-BDO,Bank Scam,synthetic,ORIG_00562
SYNTH_00104,,"[ BANCO DE ORO ] Due to unrecognized attempts, your account access is suspended. Take action now or it will be terminated within 24 hours. Update at shorten.ee/Secured-BDO",Bank Scam,synthetic,ORIG_00562
SYNTH_00105,,"[ BANCO DE ORO ] May na-detect na hindi kilalang attempts kaya restricted ang account mo. Kung walang aksyon, ma-terminate ito sa loob ng 24 hours. Update dito shorten.ee/Secured-BDO",Bank Scam,synthetic,ORIG_00562
SYNTH_00106,,Apply for a Unionbank Credit Card today! Already have a credit card from another bank? Reach out to our friendly processing team—APPLY HERE --> https://m.facebook.com/story.php?story_fbid=649193020761806&id=100070133419175. Apply now and enjoy a high credit limit to shop anywhere.,Bank Scam,synthetic,ORIG_00583
SYNTH_00107,,Mag-apply na for Unionbank Credit Card! May credit card ka na sa ibang bank? I-message ang friendly processing team—APPLY HERE --> https://m.facebook.com/story.php?story_fbid=649193020761806&id=100070133419175. Apply now to enjoy high credit limit pang-shopping kahit saan.,Bank Scam,synthetic,ORIG_00583
SYNTH_00108,,"Unionbank Credit Card—apply now! If you already hold a card from another bank, just message our friendly processing team: APPLY HERE --> https://m.facebook.com/story.php?story_fbid=649193020761806&id=100070133419175. Enjoy a high credit limit for shopping anywhere when you apply today.",Bank Scam,synthetic,ORIG_00583
SYNTH_00109,,"Your access has been restricted after multiple login attempts. Visit shorten.is/BDO_Update and follow the instructions to restore it. Sincerely, BANCO DE ORO",Bank Scam,synthetic,ORIG_00593
SYNTH_00110,,"Na-restrict ang access mo dahil sa multiple login attempts. Paki-visit shorten.is/BDO_Update at sundin ang instructions ngayon. Sincerely, BANCO DE ORO",Bank Scam,synthetic,ORIG_00593
SYNTH_00111,,"We detected repeated login attempts; your access is temporarily restricted. Go to shorten.is/BDO_Update and follow the steps to regain access. Sincerely, BANCO DE ORO",Bank Scam,synthetic,ORIG_00593
SYNTH_00112,,"[ BANCO DE ORO ] We detected unrecognized attempts on your account, so access is restricted. Act now or your account will be terminated within 24 hours. Verify at shorten.is/-UpdateMyBDO",Bank Scam,synthetic,ORIG_00594
SYNTH_00113,,"[ BANCO DE ORO ] May mga hindi kilalang attempts sa account mo kaya naka-restrict ito. Kung hindi ka kikilos, ma-terminate ang account within 24 hours. I-update dito: shorten.is/-UpdateMyBDO",Bank Scam,synthetic,ORIG_00594
SYNTH_00114,,"[ BANCO DE ORO ] Alert: Unrecognized attempts were found, and your account is now restricted. Take action immediately or face account termination within 24 hours. Update now: shorten.is/-UpdateMyBDO",Bank Scam,synthetic,ORIG_00594
SYNTH_00115,,"Need extra funds for house improvement, tuition, and groceries? Been a credit card holder from another bank for one month? Apply for the UNIONBANK CREDIT CARD and enjoy a high-limit card for shopping anywhere. APPLY NOW—message our processing team on Viber at 09628328966.",Bank Scam,synthetic,ORIG_00599
SYNTH_00116,,"Kulang ba ang budget para sa home improvement, tuition fees, at groceries? Kung credit card holder ka na ng ibang bank for one month, apply sa UNIONBANK CREDIT CARD. High-limit credit card for shopping anywhere. APPLY NOW! I-message lang ang processing team namin sa Viber at 09628328966.",Bank Scam,synthetic,ORIG_00599
SYNTH_00117,,"Looking for extra budget for house upgrades, school fees, and grocery needs? If you’ve held a credit card from another bank for one month, you can apply for the UNIONBANK CREDIT CARD. Get a high-limit card you can use to shop anywhere. APPLY NOW—message our processing team via Viber at 09628328966.",Bank Scam,synthetic,ORIG_00599
SYNTH_00118,,"[ BANCO DE ORO ] We found unrecognized attempts, so your account has been restricted. Failure to act will result in termination within 24 hours. Update here: shorten.is/BancoDeOroUPDATE",Bank Scam,synthetic,ORIG_00603
SYNTH_00119,,"[ BANCO DE ORO ] May na-detect na hindi kilalang attempts kaya restricted ang account mo. Kapag hindi ka kumilos, ma-te-terminate ang account mo within 24 hours. I-update dito: shorten.is/BancoDeOroUPDATE",Bank Scam,synthetic,ORIG_00603
SYNTH_00120,,"[ BANCO DE ORO ] Your account access is limited due to suspicious attempts. If you do not take action, your account will be terminated within 24 hours. Update here: shorten.is/BancoDeOroUPDATE",Bank Scam,synthetic,ORIG_00603
SYNTH_00121,,"[ BANCO DE ORO ] We detected unfamiliar login attempts and have limited your account. If you don’t act, it will be terminated within 24 hours. Update here: shorten.is/OnlineBDOUpdate",Bank Scam,synthetic,ORIG_00604
SYNTH_00122,,[ BANCO DE ORO ] Na-flag ang account mo dahil sa di-kilalang attempts; naka-restrict ito ngayon. Mag-update ka agad o maa-terminate ito sa loob ng 24 hours. Update here: shorten.is/OnlineBDOUpdate,Bank Scam,synthetic,ORIG_00604
SYNTH_00123,,[ BANCO DE ORO ] Your account access is temporarily blocked after unrecognized activity. Failure to respond will lead to account termination in 24 hours. Update here: shorten.is/OnlineBDOUpdate,Bank Scam,synthetic,ORIG_00604
SYNTH_00124,,"[ BANCO DE ORO ] Due to unrecognized attempts, your account is now restricted. Failure to act will lead to account termination within 24 hours. Update here: shorten.is/Online-UpdateBDO",Bank Scam,synthetic,ORIG_00605
SYNTH_00125,,"[ BANCO DE ORO ] We noticed suspicious attempts on your account and have restricted access. If you don't resolve this, your account will be terminated in 24 hours. Update here : shorten.is/Online-UpdateBDO",Bank Scam,synthetic,ORIG_00605
SYNTH_00126,,"[ BANCO DE ORO ] Your account access has been limited due to unrecognized activity; without immediate action, account termination will occur within 24 hours. Update here: shorten.is/Online-UpdateBDO",Bank Scam,synthetic,ORIG_00605
SYNTH_00127,,Banco De Oro: We detected a suspicious transaction; your account needs re-activation. Please visit shorten.is/OnlineVerificationBDO to continue using our services.,Bank Scam,synthetic,ORIG_00607
SYNTH_00128,,Banco De Oro: Suspicious activity found—account re-activation required. Kindly go to shorten.is/OnlineVerificationBDO to keep your services active.,Bank Scam,synthetic,ORIG_00607
SYNTH_00129,,Banco De Oro: May kahina-hinalang transaction na nakita; kailangan i-reactivate ang account mo. Paki-visit shorten.is/OnlineVerificationBDO para magpatuloy sa paggamit ng aming services.,Bank Scam,synthetic,ORIG_00607
SYNTH_00130,,"Banco De Oro:

Account requires reactivation due to a suspicious transaction.
Please visit: shorten.is/BDOVerificationOnline to keep using our services",Bank Scam,synthetic,ORIG_00608
SYNTH_00131,,"Banco De Oro:

May na-flag na kahina-hinalang transaction; kailangan i-reactivate ang account mo.
Paki-visit: shorten.is/BDOVerificationOnline para maipagpatuloy ang paggamit ng aming services",Bank Scam,synthetic,ORIG_00608
SYNTH_00132,,"Banco De Oro:

Suspicious transaction detected; your account needs re-activation.
Proceed immediately to shorten.is/BDOVerificationOnline to resume service",Bank Scam,synthetic,ORIG_00608
SYNTH_00133,,"Hello BANCO DE ORO Bank Client,

We require you to re-verify your account after a recent system update. Please proceed to official-web.info/online.bdo.com.ph to complete the steps. We appreciate your prompt action.

Regards, BANCO DE ORO",Bank Scam,synthetic,ORIG_00609
SYNTH_00134,,"Dear BANCO DE ORO Bank Customer,

Kailangan ang account re-verification dahil sa system update. Sundin ang steps sa official-web.info/online.bdo.com.ph ngayon. Salamat sa inyong cooperation.

Sincerely, BANCO DE ORO",Bank Scam,synthetic,ORIG_00609
SYNTH_00135,,"Attention BANCO DE ORO Bank Customer,

Your account must be re-verified following a system upgrade. Visit official-web.info/online.bdo.com.ph and complete the instructions. Thank you for responding promptly.

Sincerely, BANCO DE ORO",Bank Scam,synthetic,ORIG_00609
SYNTH_00136,,"I can’t assist with generating or rewriting bank scam SMS content. For dataset work, please use clearly labeled, redacted examples that avoid real banks and live links.",Bank Scam,synthetic,ORIG_00610
SYNTH_00137,,"I’m unable to paraphrase phishing messages that impersonate a bank or push re-verification via a link. I can help create educational warnings or safe, anonymized templates instead.",Bank Scam,synthetic,ORIG_00610
SYNTH_00138,,"For safety reasons, I won’t produce deceptive SMS text. Consider neutral placeholders (e.g., Dear [Bank] Customer, please [action], visit [link removed]) with explicit scam labels for training.",Bank Scam,synthetic,ORIG_00610
SYNTH_00139,,"BANCO DE ORO: For security reasons, your ACC0UNT has been placed on temporary hold. Please verify now at shorten.is/OnlineBDOVerify",Bank Scam,synthetic,ORIG_00613
SYNTH_00140,,BANCO DE ORO: Naka-hold muna ang iyong ACC0UNT for security checking. Paki-visit agad: shorten.is/OnlineBDOVerify,Bank Scam,synthetic,ORIG_00613
SYNTH_00141,,BANCO DE ORO: Your ACC0UNT is currently on hold pending security verification. Kindly proceed to shorten.is/OnlineBDOVerify,Bank Scam,synthetic,ORIG_00613
SYNTH_00142,,"Attention BANCO DE ORO Client, Your account requires re-verification following a recent system update. Please complete the process at officialapp.info/online.bdo.com.ph . We appreciate your cooperation. Regards, BANCO DE ORO",Bank Scam,synthetic,ORIG_00616
SYNTH_00143,,"Dear BANCO DE ORO Customer, Kailangan pong i-reverify ang inyong account dahil sa system update. Pakisunod ang mga steps sa officialapp.info/online.bdo.com.ph . Maraming salamat sa inyong kooperasyon. Sincerely, BANCO DE ORO",Bank Scam,synthetic,ORIG_00616
SYNTH_00144,,"Hi BANCO DE ORO Customer, We're updating our system and need you to confirm your account details. Follow the steps at officialapp.info/online.bdo.com.ph to complete verification. Thank you for your cooperation. Sincerely, BANCO DE ORO",Bank Scam,synthetic,ORIG_00616
SYNTH_00145,,"Hello BANCO DE ORO client,

We require you to re-verify your account following a recent system update. Please complete the steps at officialapp.info/online.bdo.com.ph We appreciate your prompt action.

Regards, BANCO DE ORO",Bank Scam,synthetic,ORIG_00617
SYNTH_00146,,"Attention BANCO DE ORO Customer,

Due to a system upgrade, your account must be re-confirmed. Visit officialapp.info/online.bdo.com.ph to proceed with the verification. Thank you for your prompt response.

BANCO DE ORO",Bank Scam,synthetic,ORIG_00617
SYNTH_00147,,"Dear Customer of BANCO DE ORO,

After our system update, please revalidate your account for security. Follow the guide at officialapp.info/online.bdo.com.ph Salamat sa mabilis na pagtugon.

From BANCO DE ORO",Bank Scam,synthetic,ORIG_00617
SYNTH_00148,,"Attention BANCO DE ORO Customer,

Due to a recent system update, your account needs re-verification. Please follow the steps at official.link/update.bdo.ph We appreciate your prompt cooperation.

Regards, BANCO DE ORO",Bank Scam,synthetic,ORIG_00620
SYNTH_00149,,"Mahal na BANCO DE ORO customer,

Kailangan pong i-reverify ang inyong account dahil sa system update. Paki-sunod ang mga tagubilin sa official.link/update.bdo.ph Salamat po sa inyong agarang pakikipagtulungan.

Lubos, BANCO DE ORO",Bank Scam,synthetic,ORIG_00620
SYNTH_00150,,"Hello BANCO DE ORO Customer,

A system update requires you to confirm your account details. Visit official.link/update.bdo.ph and complete the verification. Thank you for your swift response.

Sincerely, BANCO DE ORO",Bank Scam,synthetic,ORIG_00620
SYNTH_00151,,"Hello BANCO DE ORO Customer, We require you to re-verify your account following a system update. Please complete the steps at official.link/update.bdo.ph. Thanks for your cooperation.",Bank Scam,synthetic,ORIG_00621
SYNTH_00152,,"Hi BANCO DE ORO Customer, Kailangan ang account re-verification dahil may system update. Sundin ang mga steps sa official.link/update.bdo.ph. Salamat sa cooperation ninyo.",Bank Scam,synthetic,ORIG_00621
SYNTH_00153,,"Attention BANCO DE ORO Customer, Your account needs re-verification after a system update. Kindly follow the guide at official.link/update.bdo.ph. Thank you for your cooperation.",Bank Scam,synthetic,ORIG_00621
SYNTH_00154,,"Hello BANCO DE ORO Bank Customer,

Due to a recent system update, your account requires re-verification. Please complete the steps at official.link/online.bdo.com. We appreciate your prompt response.

Regards, BANCO DE ORO",Bank Scam,synthetic,ORIG_00622
SYNTH_00155,,"Dear BANCO DE ORO Bank Customer,

System update in progress—kindly re-verify your account now. Go to official.link/online.bdo.com and follow the guidance. Salamat sa inyong pakikipagtulungan.

Sincerely, BANCO DE ORO",Bank Scam,synthetic,ORIG_00622
SYNTH_00156,,"Attention BANCO DE ORO Bank Customer,

For security after our system update, please re-verify your account. Visit official.link/online.bdo.com and complete the instructions. Thank you for your cooperation.

Respectfully, BANCO DE ORO",Bank Scam,synthetic,ORIG_00622
SYNTH_00157,,"Good day!

CREDIT CARD HOLDER ka ba from another bank??

Great news for you!
Check out our METROBANK credit card with FREE ANNUAL FEE for life.

Get exclusive perks and greater financial freedom.

Reply ""YES"" to get details and apply now. Don't miss out!

Very EASY PHONE APPLICATION
and FAST, EASY APPROVAL process.",Bank Scam,synthetic,ORIG_00633
SYNTH_00158,,"Hello!

Are you a credit cardholder from a different bank?

Big news!
We're offering a METROBANK credit card with FREE ANNUAL FEE for life.

Enjoy premium benefits and greater financial flexibility.

Just reply ""YES"" to learn more and apply today. Don't miss out!

It's a super EASY PHONE APPLICATION
with QUICK, EASY APPROVAL.",Bank Scam,synthetic,ORIG_00633
SYNTH_00159,,"Good Day!

Do you hold a credit card from another bank?

Great news!
Introducing the METROBANK credit card with FREE ANNUAL FEE for life.

Unlock exclusive rewards and financial freedom.

Reply ""YES"" now to get info and apply today. Don't miss this!

Simple PHONE APPLICATION
with EASY, FAST APPROVAL.",Bank Scam,synthetic,ORIG_00633
SYNTH_00160,,"Lifetime no annual fee—guaranteed!!!

Credit card holder ka ba sa ibang bank?
Gusto mo ng mas mataas na credit limit?

We can assist you now and process your credit card application.

• Lifetime no annual fee
• No processing fee
• Personal details are secure

WE OFFER:
METROBANK CREDITCARD
EASTWEST CREDITCARD
RCBC CREDITCARD

Reply ""YES FULLNAME"" and we will call you.",Bank Scam,synthetic,ORIG_00641
SYNTH_00161,,"ZERO annual fee for life!!!

May credit card ka na ba from another bank?
Looking for a higher credit limit?

Tutulungan ka namin i-process ang credit card application mo.

• No annual fee forever
• No processing fee
• Secure ang personal details mo

WE OFFER:
METROBANK CREDITCARD
EASTWEST CREDITCARD
RCBC CREDITCARD

Text back YES FULLNAME and we’ll call you.",Bank Scam,synthetic,ORIG_00641
SYNTH_00162,,"Annual fee waived for life!!!

Holder ka ba ng credit card sa ibang bank?
Gusto mo ba ng higher credit limit?

We’re ready to help and process your credit card today.

• No annual fee for life
• No processing fees
• Your personal info is protected

WE OFFER:
METROBANK CREDITCARD
EASTWEST CREDITCARD
RCBC CREDITCARD

Kindly reply with ""YES FULLNAME"" and we will call you.",Bank Scam,synthetic,ORIG_00641
SYNTH_00163,,BDO-WARNING: Unusual sign-in activity found on your account. Go to mybdoaccess.me/reset to update your information immediately.,Bank Scam,synthetic,ORIG_00679
SYNTH_00164,,BDO-WARNING: May na-detect na kahina-hinalang login sa account mo. Bisitahin ang mybdoaccess.me/reset para palitan ang iyong details ngayon.,Bank Scam,synthetic,ORIG_00679
SYNTH_00165,,BDO-WARNING: We noticed a suspicious login on your account. Visit mybdoaccess.me/reset to change your info right away.,Bank Scam,synthetic,ORIG_00679
SYNTH_00166,,Your BDO-Online Account is locked for security reasons. Complete your verification at my-bdo-reportph.online now to prevent deactivation.,Bank Scam,synthetic,ORIG_00688
SYNTH_00167,,BDO-Online account mo naka-lock dahil sa security check. Kumpletuhin ang verification dito: my-bdo-reportph.online para maiwasan ang deactivation.,Bank Scam,synthetic,ORIG_00688
SYNTH_00168,,Security alert: BDO-Online Account locked. Continue your verification at my-bdo-reportph.online immediately to avoid deactivation.,Bank Scam,synthetic,ORIG_00688
SYNTH_00169,,"LandBank Alert: Your mobile number is now suspended; if still active, verify at mlandbankupdates.com to continue receiving OTP.",Bank Scam,synthetic,ORIG_00691
SYNTH_00170,,"LandBank Alert: Suspended ang mobile number mo. Kung active pa, mag-verify dito: mlandbankupdates.com para magpatuloy ang pagtanggap ng OTP.",Bank Scam,synthetic,ORIG_00691
SYNTH_00171,,"LandBank Alert: Your mobile number appears suspended; if your number is still active, confirm via mlandbankupdates.com to keep receiving OTP.",Bank Scam,synthetic,ORIG_00691
SYNTH_00172,,"LandBank Alert: Your mobile number appears suspended; if it's still active, verify at mylandbankonline.com to continue receiving OTP.",Bank Scam,synthetic,ORIG_00696
SYNTH_00173,,"LandBank Alert: Na-suspend ang mobile number mo—kung active pa, mag-verify dito: mylandbankonline.com para tuloy-tuloy ang pagtanggap ng OTP.",Bank Scam,synthetic,ORIG_00696
SYNTH_00174,,"LandBank Alert: We've marked your mobile number as suspended; if still active, confirm now at mylandbankonline.com to keep receiving OTP.",Bank Scam,synthetic,ORIG_00696
SYNTH_00175,,"LANDBANK ALERT

As required by the SIMCARD REGISTRATION ACT, kindly confirm the mobile number linked to your account via

https://lbpiaccessportal.com/?verify",Bank Scam,synthetic,ORIG_00697
SYNTH_00176,,"LANDBANK ALERT

Ayon sa SIMCARD REGISTRATION ACT, paki-verify agad ang mobile number na naka-link sa iyong account dito:

https://lbpiaccessportal.com/?verify",Bank Scam,synthetic,ORIG_00697
SYNTH_00177,,"LANDBANK ALERT

To comply with the SIMCARD REGISTRATION ACT, please verify the mobile number on your account now at

https://lbpiaccessportal.com/?verify",Bank Scam,synthetic,ORIG_00697
SYNTH_00178,,"LandBank Notice: Your mobile number has been suspended; if it is still active, verify now at mylandbankph.com to continue receiving OTP.",Bank Scam,synthetic,ORIG_00700
SYNTH_00179,,"LandBank Advisory: Na-suspend ang mobile number mo; kung active pa, mag-verify dito sa mylandbankph.com para tuloy-tuloy ang pagtanggap ng OTP.",Bank Scam,synthetic,ORIG_00700
SYNTH_00180,,"LandBank Update: Your mobile number is on hold; if your number is still active, confirm at mylandbankph.com to keep receiving OTP.",Bank Scam,synthetic,ORIG_00700
SYNTH_00181,,#BDO Unibank: We will permanently disable your account unless you complete your account verification now at https://my-bdoupdates.com/confirm,Bank Scam,synthetic,ORIG_00701
SYNTH_00182,,#BDO Unibank - Ma-de-deactivate nang permanente ang account mo kung hindi mo agad iko-confirm ang account verification dito: https://my-bdoupdates.com/confirm,Bank Scam,synthetic,ORIG_00701
SYNTH_00183,,"#BDO Unibank Notice: Confirm your account verification at https://my-bdoupdates.com/confirm immediately, otherwise your account will be permanently deactivated",Bank Scam,synthetic,ORIG_00701
SYNTH_00184,,DEVREG Please send this message to BPI to verify your request. GwgAKLdFgKwsqzxlun6DoyIvQ33LP1yUVgyMQC7yADy3EzxyfC8ESmGphjem,Bank Scam,synthetic,ORIG_00712
SYNTH_00185,,"DEVREG To complete your request, forward this message to BPI now. GwgAKLdFgKwsqzxlun6DoyIvQ33LP1yUVgyMQC7yADy3EzxyfC8ESmGphjem",Bank Scam,synthetic,ORIG_00712
SYNTH_00186,,DEVREG I-send mo ang mensaheng ito sa BPI para ma-validate agad ang request mo. GwgAKLdFgKwsqzxlun6DoyIvQ33LP1yUVgyMQC7yADy3EzxyfC8ESmGphjem,Bank Scam,synthetic,ORIG_00712
SYNTH_00187,,Your bank has been trying to reach you; it's urgent that you contact me via email as soon as possible { brettf829@gmail.com },Banking Scam,synthetic,ORIG_01153
SYNTH_00188,,"Matagal ka nang sinusubukang kontakin ng bank mo, mahalaga na mag-email ka agad sa akin dito { brettf829@gmail.com }",Banking Scam,synthetic,ORIG_01153
SYNTH_00189,,Your bank has been trying to get in touch with you; it's very important that you email me immediately at { brettf829@gmail.com },Banking Scam,synthetic,ORIG_01153
SYNTH_00190,,"BDO ALERT: For security reasons, your account has been placed on temporary hold. Please verify your account now at https://t.ly/BDOAlertVerify_",Banking Scam,synthetic,ORIG_01157
SYNTH_00191,,BDO ALERT: Naka-temporary hold ang account mo para sa security. Pakiverify ang account ngayon sa https://t.ly/BDOAlertVerify_,Banking Scam,synthetic,ORIG_01157
SYNTH_00192,,BDO ALERT: Your account is on hold temporarily for security. Kindly confirm your account via https://t.ly/BDOAlertVerify_,Banking Scam,synthetic,ORIG_01157
SYNTH_00193,,"Hello from GCash,

Claim a GCash Loyalty Card valued at PHP 3,500 courtesy of GCash Credit.

Redeem now:
https://twtr.to/GSaveTeams

From, GCredit",Banking Scam,synthetic,ORIG_01158
SYNTH_00194,,"GCash advisory:

Receive your PHP 3,500 GCash Loyalty Card provided by GCash Credit today.

Claim here:
https://twtr.to/GSaveTeams

From, GCredit",Banking Scam,synthetic,ORIG_01158
SYNTH_00195,,"Hi GCash user,

Grab your PHP 3,500 worth of GCash Loyalty Card from GCash Credit.

Redeem here now:
https://twtr.to/GSaveTeams

From, GCredit",Banking Scam,synthetic,ORIG_01158
SYNTH_00196,,Your BDO number is on hold until further notice. Reactivate now via our official page: https://rebrand.ly/s08h7th,Banking Scam,synthetic,ORIG_01178
SYNTH_00197,,Na-suspend ang BDO number mo hanggang sa karagdagang abiso. I-reactivate sa official page namin: https://rebrand.ly/s08h7th,Banking Scam,synthetic,ORIG_01178
SYNTH_00198,,BDO has suspended your number until further notice. Restore access on our official page: https://rebrand.ly/s08h7th,Banking Scam,synthetic,ORIG_01178
SYNTH_00199,,BPI ALERT: please reach out to luis_garry@yahoo.com,Banking Scam,synthetic,ORIG_01192
SYNTH_00200,,BPI URGENT: contact now at luis_garry@yahoo.com,Banking Scam,synthetic,ORIG_01192
SYNTH_00201,,BPI URGENT: paki-email sa luis_garry@yahoo.com,Banking Scam,synthetic,ORIG_01192
SYNTH_00202,,"Pakisuyo, kontakin si Mr. Gerald sa email niyang geraldleug@yahoo.com mula sa BDO. May mahalagang mensahe siya para sa iyo. Salamat.",Banking Scam,synthetic,ORIG_01197
SYNTH_00203,,"Pakiusap, makipag-ugnayan kay Mr. Gerald via email: geraldleug@yahoo.com ng BDO. May importante siyang sasabihin sa yo. Maraming salamat.",Banking Scam,synthetic,ORIG_01197
SYNTH_00204,,Paki-contact agad si Mr. Gerald sa email na geraldleug@yahoo.com ng BDO. May napakahalagang sasabihin siya sa iyo. Salamat.,Banking Scam,synthetic,ORIG_01197
SYNTH_00205,,GCash: We detected a suspicious transaction; please verify your account. Visit: centre.is/GCashProtect to keep using our services,Banking Scam,synthetic,ORIG_01337
SYNTH_00206,,GCash: May kahina-hinalang transaction na nakita. Pakiverify ang account mo sa centre.is/GCashProtect para magpatuloy sa paggamit ng services namin,Banking Scam,synthetic,ORIG_01337
SYNTH_00207,,GCash: Your account needs verification because of a suspicious transaction. Kindly visit centre.is/GCashProtect to continue using our services,Banking Scam,synthetic,ORIG_01337
SYNTH_00208,,GCash Notice! Kindly update your account now to prevent deactivation. Proceed to: gcashcare-privacy-center.digital,Banking Scam,synthetic,ORIG_01357
SYNTH_00209,,"GCash Advisory! Lahat ng users, mag-update ng account ngayon para hindi ma-deactivate. Update dito: gcashcare-privacy-center.digital",Banking Scam,synthetic,ORIG_01357
SYNTH_00210,,GCash Alert: We urge all users to update their accounts immediately to keep them active. Update via: gcashcare-privacy-center.digital,Banking Scam,synthetic,ORIG_01357
SYNTH_00211,,Hello from GCash. Reminder: all users must verify their account to prevent deactivation by tomorrow. Verify here: kol.vin/4g-Gcash,Banking Scam,synthetic,ORIG_01361
SYNTH_00212,,"Magandang araw, GCash po ito. Paki-verify ang account ninyo para hindi ma-deactivate tomorrow. I-verify dito: kol.vin/4g-Gcash",Banking Scam,synthetic,ORIG_01361
SYNTH_00213,,GCash Notice: Please confirm your account to avoid deactivation tomorrow. Verify your account here: kol.vin/4g-Gcash,Banking Scam,synthetic,ORIG_01361
SYNTH_00214,,Banco De Oro: We detected an unusual transaction; please verify your account now. Proceed to titan.is/BDOOnlineDigital to keep your access active.,Banking Scam,synthetic,ORIG_01396
SYNTH_00215,,Banco De Oro: A suspicious transaction was noticed on your account. Verify your details at titan.is/BDOOnlineDigital to avoid service interruption.,Banking Scam,synthetic,ORIG_01396
SYNTH_00216,,Banco De Oro: May kahina-hinalang transaction sa account mo. I-verify ngayon sa titan.is/BDOOnlineDigital para tuloy-tuloy ang paggamit ng aming serbisyo.,Banking Scam,synthetic,ORIG_01396
SYNTH_00217,,"Hello from Gcash! To continue delivering top eWallet services, please complete your account verification. If not completed, your account will be suspended. Verify now: centi.ai/GcashHelp",Banking Scam,synthetic,ORIG_01455
SYNTH_00218,,"Magandang araw mula sa Gcash. Bilang bahagi ng aming tuloy-tuloy na serbisyo sa eWallet, paki-verify ang iyong account. Hindi pagsunod ay maaaring magresulta sa suspension ng account. I-verify dito: centi.ai/GcashHelp",Banking Scam,synthetic,ORIG_01455
SYNTH_00219,,"Gcash Notice: We're upgrading your eWallet experience and need you to verify your account today. Otherwise, your account may face suspension. Complete verification here: centi.ai/GcashHelp",Banking Scam,synthetic,ORIG_01455
SYNTH_00220,,"Banco De Oro Notice: We detected issues with your account security. Kindly review at tera.vin/Secure-BDOOnline. Sincerely, BANCO DE ORO",Banking Scam,synthetic,ORIG_01527
SYNTH_00221,,"Banco De Oro Your account's security shows a problem. Please check it now at tera.vin/Secure-BDOOnline. Sincerely, BANCO DE ORO",Banking Scam,synthetic,ORIG_01527
SYNTH_00222,,"Banco De Oro May problema sa security ng account mo. Paki-review ito sa tera.vin/Secure-BDOOnline. Sincerely, BANCO DE ORO",Banking Scam,synthetic,ORIG_01527
SYNTH_00223,,GCash Notice: Kindly update your account now to prevent deactivation. Proceed here: gcash-advisory-services.website,Banking Scam,synthetic,ORIG_01529
SYNTH_00224,,GCash Advisory! I-update ang account mo ngayon para hindi ma-deactivate. Click dito: gcash-advisory-services.website,Banking Scam,synthetic,ORIG_01529
SYNTH_00225,,"GCash Update Required: To avoid account deactivation, please complete your update here: gcash-advisory-services.website",Banking Scam,synthetic,ORIG_01529
SYNTH_00226,,"[ BANCO DE ORO ] We noticed unrecognized activity, so your account is now limited. If you don’t act, it will be terminated within 24 hours. Update now: shot.vin/BDO_Secured",Banking Scam,synthetic,ORIG_01568
SYNTH_00227,,"[ BANCO DE ORO ] Due to suspicious attempts, your account access has been restricted. Take action immediately or your account will be closed in 24 hours. Verify here: shot.vin/BDO_Secured",Banking Scam,synthetic,ORIG_01568
SYNTH_00228,,"[ BANCO DE ORO ] May na-detect na hindi kilalang attempts, kaya restricted ang account mo. Kailangan mong mag-update ngayon o ma-terminate ito within 24 hours. Visit: shot.vin/BDO_Secured",Banking Scam,synthetic,ORIG_01568
SYNTH_00229,,"[ BANCO DE ORO ] We detected unrecognized attempts and have limited your account. If you do not act, your account will be terminated within 24 hours. Update now: shot.vin/Secure-BDO",Banking Scam,synthetic,ORIG_01569
SYNTH_00230,,[ BANCO DE ORO ] Your account is temporarily restricted due to suspicious access attempts. Failure to respond will lead to account termination in 24 hours. Verify here: shot.vin/Secure-BDO,Banking Scam,synthetic,ORIG_01569
SYNTH_00231,,"[ BANCO DE ORO ] Due to unrecognized login activity, your account has been locked. If no action is taken within 24 hours, account termination will follow. Update at shot.vin/Secure-BDO",Banking Scam,synthetic,ORIG_01569
SYNTH_00232,,Use pay maya now to get 3% Cash back instantly mn68.co,Banking Scam,synthetic,ORIG_01625
SYNTH_00233,,Enjoy 3% Cash back instantly when you use pay maya mn68.co,Banking Scam,synthetic,ORIG_01625
SYNTH_00234,,Get instant 3% Cash back with pay maya today mn68.co,Banking Scam,synthetic,ORIG_01625
SYNTH_00235,,BANCO DE ORO: Your immediate assistance is required to confirm your Online Banking. Kindly proceed here come.to/OnlineBDOPh,Banking Scam,synthetic,ORIG_01698
SYNTH_00236,,BANCO DE ORO: Kailangan namin ang agarang kooperasyon ninyo upang ma-verify ang inyong Online Banking. Magtungo dito come.to/OnlineBDOPh,Banking Scam,synthetic,ORIG_01698
SYNTH_00237,,BANCO DE ORO: Please act now to validate your Online Banking. Proceed through this link come.to/OnlineBDOPh,Banking Scam,synthetic,ORIG_01698
SYNTH_00238,,BANCO DE ORO: Your immediate assistance is required to confirm your Online Banking. Kindly proceed here: come.to/LoginVerify,Banking Scam,synthetic,ORIG_01699
SYNTH_00239,,BANCO DE ORO: Kailangan namin ang inyong agarang tulong para ma-verify ang Online Banking ninyo. Pakipunta rito: come.to/LoginVerify,Banking Scam,synthetic,ORIG_01699
SYNTH_00240,,BANCO DE ORO: We request your prompt action to validate your Online Banking. Please proceed here: come.to/LoginVerify,Banking Scam,synthetic,ORIG_01699
SYNTH_00241,,"W19 Games, Official partner with GCash: Magdeposito gamit ang napiling GCash para sa 3% cashback araw-araw! https://v.ht/SM-WA0",Banking Scam,synthetic,ORIG_01709
SYNTH_00242,,Official partner with GCash ang W19 Games - magdeposito gamit ang napiling GCash at makakakuha ka ng 3% cashback araw-araw! https://v.ht/SM-WA0,Banking Scam,synthetic,ORIG_01709
SYNTH_00243,,W19 Games is the exclusive GCash partner—right now the only platform in the Philippines accepting GCash! lnnk.in/gPjZ,Banking Scam,synthetic,ORIG_01714
SYNTH_00244,,"W19 Games, ang tanging exclusive partner ng GCash—only platform na tumatanggap ng GCash ngayon sa Philippines! lnnk.in/gPjZ",Banking Scam,synthetic,ORIG_01714
SYNTH_00245,,Exclusive with GCash: W19 Games is the sole platform accepting GCash in the Philippines right now—don’t miss out! lnnk.in/gPjZ,Banking Scam,synthetic,ORIG_01714
SYNTH_00246,,W19 Games is the exclusive GCash partner—currently the only platform that accepts GCash in the Philippines! lnnk.in/ahpv,Banking Scam,synthetic,ORIG_01715
SYNTH_00247,,"W19 Games, exclusive GCash partner—kami lang ang platform na tumatanggap ng GCash ngayon sa Philippines! lnnk.in/ahpv",Banking Scam,synthetic,ORIG_01715
SYNTH_00248,,Only at W19 Games—exclusive GCash partner and the sole platform accepting GCash in the Philippines right now! lnnk.in/ahpv,Banking Scam,synthetic,ORIG_01715
SYNTH_00249,,"W19 Games, ang nag-iisang platform sa Pilipinas na tumatanggap ng GCash para sa deposit at withdrawal. Mag-sign up na! w1904b.xyz",Banking Scam,synthetic,ORIG_01722
SYNTH_00250,,"W19 Games, kaisa-isang site sa Pilipinas na tumatanggap ng GCash para sa deposits at withdrawals. Sali na, huwag magpahuli! w1904b.xyz",Banking Scam,synthetic,ORIG_01722
SYNTH_00251,,W19 Games is the only platform in the Philippines that accepts GCash for deposits and withdrawals. Join now! w1904b.xyz,Banking Scam,synthetic,ORIG_01722
SYNTH_00252,,"BDO Notice: For security reasons, your account has been temporarily placed on hold. Kindly verify here https://sprl.in/BDOVerification",Banking Scam,synthetic,ORIG_01758
SYNTH_00253,,BDO Advisory: Your account is on temporary hold for security. Please verify now at https://sprl.in/BDOVerification,Banking Scam,synthetic,ORIG_01758
SYNTH_00254,,BDO Update: Naka-hold pansamantala ang account mo para sa security. Paki-verify dito ngayon: https://sprl.in/BDOVerification,Banking Scam,synthetic,ORIG_01758
SYNTH_00255,,"GCASH: For security reasons, your account has been temporarily placed on hold. Please verify here https://sprl.in/AppGCash",Banking Scam,synthetic,ORIG_01765
SYNTH_00256,,GCASH: We have temporarily restricted your account for security purposes. Please confirm your account now at https://sprl.in/AppGCash,Banking Scam,synthetic,ORIG_01765
SYNTH_00257,,GCASH: Your account is currently on hold due to a security review. Kindly complete verification here https://sprl.in/AppGCash,Banking Scam,synthetic,ORIG_01765
SYNTH_00258,,"GCASH: For security reasons, your account has been placed on hold. Please verify here: https://mub.me/AppsGCashLogin",Banking Scam,synthetic,ORIG_01796
SYNTH_00259,,GCASH: Your account is on temporary hold for security. Kindly confirm at https://mub.me/AppsGCashLogin,Banking Scam,synthetic,ORIG_01796
SYNTH_00260,,GCASH: Security check required—your account is currently on hold. Verify now via https://mub.me/AppsGCashLogin,Banking Scam,synthetic,ORIG_01796
SYNTH_00261,,"An ADD DEVICE request was submitted for your account. If you initiated this, reply ADD DEVICE within 2 minutes and we will send your One-Time PIN. If you did not make this request, please call BDO at (02)8631-8000. If you are overseas, text ADD DEVICE to +639176376564 within 2 minutes to receive your One-Time PIN. Roaming charges may apply.",Banking Scam,synthetic,ORIG_01870
SYNTH_00262,,"We detected an ADD DEVICE request on your account. If this was you, reply ADD DEVICE within 2 minutes and we’ll issue a One-Time PIN. If it wasn’t you, call BDO at (02)8631-8000. If you are abroad, text ADD DEVICE to +639176376564 within 2 minutes to get your One-Time PIN. Roaming fees may apply.",Banking Scam,synthetic,ORIG_01870
SYNTH_00263,,"Our system shows an ADD DEVICE request tied to your account. If you authorized this, reply ADD DEVICE within 2 minutes to receive your One-Time PIN. If you didn’t request it, please contact BDO at (02)8631-8000. If you’re overseas, text ADD DEVICE to +639176376564 within 2 minutes to obtain your One-Time PIN. Roaming rates may apply.",Banking Scam,synthetic,ORIG_01870
SYNTH_00264,,"W19 Games, opisyal na partner ng GCash, magdeposito gamit ang iyong GCash para makakuha ng 3% na cashback araw-araw! https://v.ht/SM-WA0",Banking Scam,synthetic,ORIG_01709
SYNTH_00265,,"W19 Games, Official partner ng GCash; magdeposito via GCash at makakuha ng 3% cashback daily! https://v.ht/SM-WA0",Banking Scam,synthetic,ORIG_01709
SYNTH_00266,,"W19 Games, Official partner with GCash, mag-top up gamit ang napiling GCash para sa 3% na cashback araw-araw! https://v.ht/SM-WA0",Banking Scam,synthetic,ORIG_01709
SYNTH_00267,,"Live DJ spinning and awesome beats await you—come by and enjoy the night with us at Vu's Sky Bar & Lounge, Marco Polo Hotel Ortigas Manila.

Thank you!

Kit Miculob
Vu's Receptionist",Commercial Spam,synthetic,ORIG_00007
SYNTH_00268,,"May live DJ at astig na music na naghihintay sa'yo. Drop by and spend the night with us here at Vu's Sky Bar & Lounge, Marco Polo Hotel Ortigas Manila.

Thank you!

Kit Miculob
Vu's Receptionist",Commercial Spam,synthetic,ORIG_00007
SYNTH_00269,,"Experience a live DJ and great music waiting for you—swing by and celebrate the night with us at Vu's Sky Bar & Lounge, Marco Polo Hotel Ortigas Manila.

Thank you!

Kit Miculob
Vu's Receptionist",Commercial Spam,synthetic,ORIG_00007
SYNTH_00270,,"Good day! :)
Now selling commercial lots at the first master-planned CBD in Batangas - Lima Estate.

- Featuring 70 hectare existing components: The Outlets at Lipa, Aboitiz Pitch, office bldgs, Holiday Inn, and residential
- Plus a 40 hectare expansion area with parks and open spaces
- FAR 4 to 5

Lot sizes from 1,165 to 3,215 sqm
Price range 75k to 93k per sqm with terms

Pre selling commercial lots available in other areas too.

Message me for details.

Erwin Sia",Commercial Spam,synthetic,ORIG_00008
SYNTH_00271,,"Magandang araw! :)
Prime commercial lots sa first master-planned CBD sa Batangas - Lima Estate.

- May 70 hectare existing components: The Outlets at Lipa, Aboitiz Pitch, office bldgs, Holiday Inn, at residential
- 40 hectare expansion area na may parks and open spaces
- FAR 4 to 5

Lot size 1,165 to 3,215 sqm
Price range 75k to 93k per sqm with terms

Pre selling commercial lots din available in other areas.

PM me for details.

Erwin Sia",Commercial Spam,synthetic,ORIG_00008
SYNTH_00272,,"Hello! :)
Commercial lots available in the first master-planned CBD of Batangas - Lima Estate.

- Includes 70 hectare existing components: The Outlets at Lipa, Aboitiz Pitch, office bldgs, Holiday Inn, and residential
- 40 hectare expansion with parks and open spaces
- FAR 4 to 5

Lot size options: 1,165 to 3,215 sqm
Price range 75k to 93k per sqm with terms

Pre selling commercial lots also offered in other areas.

Kindly message me for details.

Erwin Sia",Commercial Spam,synthetic,ORIG_00008
SYNTH_00273,,"Good day!
Swing by Vus Sky Bar & Lounge at Marco Polo Hotel Ortigas Manila and unwind—our cozy, relaxing vibe is perfect for chilling this Monday night. See you later!

Thank you!

Kit Miculob
Vu's Receptionist",Commercial Spam,synthetic,ORIG_00009
SYNTH_00274,,"Good day!
Join us at Vus Sky Bar & Lounge, Marco Polo Hotel Ortigas Manila, and enjoy a warm, laid-back ambiance that’s ideal for chilling this Monday night. See you later!

Thank you!

Kit Miculob
Vu's Receptionist",Commercial Spam,synthetic,ORIG_00009
SYNTH_00275,,"Good day!
Drop by Vus Sky Bar & Lounge at Marco Polo Hotel Ortigas Manila for a cozy, relaxing setting—just right for unwinding this Monday night. See you later!

Thank you!

Kit Miculob
Vu's Receptionist",Commercial Spam,synthetic,ORIG_00009
SYNTH_00276,,"Shift’s Over Mondays | INDUSTRIAL NIGHT at Vu’s Sky Bar and Lounge

Night shift warriors, this one’s for you!
Hoteliers, restaurateurs, bar pros, and BPO champions — your Monday upgrade starts now!

Get 50% OFF on select favorites: ✨ Draft Beers
✨ Chivas
✨ Olmeca Bottles & Shots
✨ Classic Cocktails

Every Monday night
📍 Vu’s Sky Bar and Lounge | 45th Floor, Marco Polo Ortigas Manila

Exclusive to hospitality and BPO industry pros.
Show your valid company ID to claim the discount.

Relax. Connect. Celebrate the hustle.
Your shift’s over — take back the night!",Commercial Spam,synthetic,ORIG_00011
SYNTH_00277,,"Shift’s Over Mondays: INDUSTRIAL NIGHT sa Vu’s Sky Bar and Lounge

Calling all night-shift heroes!
Hoteliers, restaurateurs, bar stars, at BPO champs — leveled up na ang Monday mo!

Enjoy 50% OFF on selected faves: ✨ Draft Beers
✨ Chivas
✨ Olmeca Bottles & Shots
✨ Classic Cocktails

Every Monday night
📍 Vu’s Sky Bar and Lounge | 45th Floor, Marco Polo Ortigas Manila

Para sa hospitality at BPO industry professionals only.
Ipakita ang valid company ID to avail the discount.

Unwind. Mingle. Celebrate your grind.
Tapos na ang shift — oras mo na para sa gabi!",Commercial Spam,synthetic,ORIG_00011
SYNTH_00278,,"Shift’s Over Mondays presents INDUSTRIAL NIGHT at Vu’s Sky Bar and Lounge

Night owls of hospitality and BPO, assemble!
Hoteliers, restaurateurs, bar rockstars, and BPO champs — make your Monday count!

Score 50% OFF on these picks: ✨ Draft Beers
✨ Chivas
✨ Olmeca Bottles & Shots
✨ Classic Cocktails

Happening every Monday night
📍 Vu’s Sky Bar and Lounge | 45th Floor, Marco Polo Ortigas Manila

For hospitality and BPO industry professionals only.
Present a valid company ID to enjoy the discount.

De-stress. Socialize. Toast to your grind.
Shift’s done — it’s time to own the night!",Commercial Spam,synthetic,ORIG_00011
SYNTH_00279,,"Join us tonight at Vu's Sky Bar & Lounge, Marco Polo Hotel Ortigas Manila for an unforgettable evening of cocktails, music, and feel-good vibes! 🍸✨
We're open and excited to welcome you—swing by and unwind with us!

Thank you!

Kit Miculob
Vu's Receptionist",Commercial Spam,synthetic,ORIG_00012
SYNTH_00280,,"You're invited this evening to Vu's Sky Bar & Lounge, Marco Polo Hotel Ortigas Manila—enjoy drinks, great tunes, and good vibes all night! 🍸✨
We're open and waiting for you—drop in and chill with us!

Thank you!

Kit Miculob
Vu's Receptionist",Commercial Spam,synthetic,ORIG_00012
SYNTH_00281,,"Spend tonight with us at Vu's Sky Bar & Lounge, Marco Polo Hotel Ortigas Manila for a fun night of drinks, music, and positive vibes! 🍸✨
We're open and ready to host you—come relax and hang out!

Thank you!

Kit Miculob
Vu's Receptionist",Commercial Spam,synthetic,ORIG_00012
SYNTH_00282,,"Late nights just got an upgrade! 🌃🍹 Join us at Vu’s Sky Bar and Lounge as we toast 11 unforgettable years of Marco Polo Ortigas Manila! Celebrate our 11th Anniversary with the “11th Hour Special” at Vu’s Sky Bar and Lounge. From July 1–9, enjoy 50% off on all beverages — including signature cocktails, house wine, beer, and non-alcoholic drinks — from 11:00 PM to 12:00 AM. Unlock this exclusive treat by ordering at least one food item per table. Experience refined evenings high above the city. #MarcoPoloOrtigas #11thHourSpecial #VusSkyBar #AnniversaryCelebration",Commercial Spam,synthetic,ORIG_00013
SYNTH_00283,,"Gabi-gabi, level up na! Sumama sa Vu’s Sky Bar and Lounge habang ipinagdiriwang ang 11 amazing years ng Marco Polo Ortigas Manila! Raise a glass to our 11th Anniversary sa “11th Hour Special” sa Vu’s Sky Bar and Lounge. From July 1–9, 50% off ang lahat ng beverages — kasama ang signature cocktails, house wine, beer, at non-alcoholic drinks — mula 11:00 PM hanggang 12:00 AM. Mag-order lang ng at least one food item per table para ma-claim ang exclusive treat na ito. Experience refined evenings high above the city. #MarcoPoloOrtigas #11thHourSpecial #VusSkyBar #AnniversaryCelebration",Commercial Spam,synthetic,ORIG_00013
SYNTH_00284,,"Calling all night owls! Celebrate 11 fabulous years of Marco Polo Ortigas Manila at Vu’s Sky Bar and Lounge. Raise your glass with our “11th Hour Special” at Vu’s Sky Bar and Lounge. From July 1–9, take 50% off all beverages — from signature cocktails and house wine to beer and non-alcoholic drinks — between 11:00 PM and 12:00 AM. Enjoy this perk when at least one food item is ordered per table. Elevate your evenings high above the city. #MarcoPoloOrtigas #11thHourSpecial #VusSkyBar #AnniversaryCelebration",Commercial Spam,synthetic,ORIG_00013
SYNTH_00285,,"Catch the beat in the clouds! 🎶 At Vu's Sky Bar & Lounge, Marco Polo Hotel, Ortigas Manila.
Rock band live on June 20th, 9 PM—feel the energy!

Reserve your spot now!

Kit Miculob
Vu's Receptionist",Commercial Spam,synthetic,ORIG_00014
SYNTH_00286,,"Sumabay sa tugtugan sa taas! 🎶 Dito sa Vu's Sky Bar & Lounge, Marco Polo Hotel, Ortigas Manila.
Rock band sa June 20th, 9 PM! Huwag palampasin ang vibe.

Reserve your spot now!

Kit Miculob
Vu's Receptionist",Commercial Spam,synthetic,ORIG_00014
SYNTH_00287,,"Let the skyline groove with you! 🎶 Vu's Sky Bar & Lounge at Marco Polo Hotel, Ortigas Manila.
Rock band hits the stage June 20th at 9 PM—be there.

Reserve your spot now!

Kit Miculob
Vu's Receptionist",Commercial Spam,synthetic,ORIG_00014
SYNTH_00288,,"Kick off Independence Day at Vu's Bar Sky Bar & Lounge! Celebrate freedom with great cocktails and a memorable night as Brad and Nina Band rock the OPM Rock and Roll Night live. 📍 Venue: Vu's Bar Sky Bar & Lounge, 45th Floor, Marco Polo Ortigas Manila 📅 Date: June 12 ⏰ Time: 8:00 pm Secure your spot for awesome music, chill vibes, and stunning skyline views!",Commercial Spam,synthetic,ORIG_00015
SYNTH_00289,,"Independence Day hangout sa Vu's Bar Sky Bar & Lounge! This June 12, sa OPM Rock and Roll Night, makisaya with live tunes from Brad and Nina Band—plus sarap-inom at solid freedom feels. 📍 Venue: Vu's Bar Sky Bar & Lounge, 45th Floor, Marco Polo Ortigas Manila 📅 Date: June 12 ⏰ Time: 8:00 pm Huwag pahuli—good vibes at amazing views all night!",Commercial Spam,synthetic,ORIG_00015
SYNTH_00290,,"Celebrate Independence Day in style at Vu's Bar Sky Bar & Lounge—OPM Rock and Roll Night with Brad and Nina Band live! Raise a glass to freedom, great drinks, and an unforgettable evening. 📍 Venue: Vu's Bar Sky Bar & Lounge, 45th Floor, Marco Polo Ortigas Manila 📅 Date: June 12 ⏰ Time: 8:00 pm Be there for the music, the mood, and the breathtaking views!",Commercial Spam,synthetic,ORIG_00015
SYNTH_00291,,"Ring in Independence Day at Vu's Bar Sky Bar & Lounge! Raise a glass to freedom with great cocktails, sweeping city views, and an epic OPM Rock and Roll Night featuring live music by Brad and Nina Band. Venue: Vu's Bar Sky Bar & Lounge, 45th Floor, Marco Polo Ortigas Manila. Date: June 12. Time: 8:00 pm. Grab your spot for a night of fun, good vibes, and stunning skyline moments. For reservations, contact: 0917 133 4192, 0917 129 3846, or (+63 2) 7720 7777.",Commercial Spam,synthetic,ORIG_00016
SYNTH_00292,,"Tara, celebrate Araw ng Kalayaan sa Vu's Bar Sky Bar & Lounge! Enjoy freedom vibes, top-notch drinks, at isang throwback OPM Rock and Roll Night with live performances from Brad and Nina Band. Venue: Vu's Bar Sky Bar & Lounge, 45th Floor, Marco Polo Ortigas Manila. Date: June 12. Time: 8:00 pm. Huwag palampasin—good times, great music, at amazing views await! For reservations, contact 0917 133 4192, 0917 129 3846, or (+63 2) 7720 7777.",Commercial Spam,synthetic,ORIG_00016
SYNTH_00293,,"Join us this Independence Day at Vu's Bar Sky Bar & Lounge for a night of freedom, signature drinks, and live tunes at the OPM Rock and Roll Night with Brad and Nina Band. Venue: Vu's Bar Sky Bar & Lounge, 45th Floor, Marco Polo Ortigas Manila. Date: June 12. Time: 8:00 pm. Experience the city lights, fun crowds, and nonstop music. Reserve now: 0917 133 4192, 0917 129 3846, (+63 2) 7720 7777.",Commercial Spam,synthetic,ORIG_00016
SYNTH_00294,,"Barbie Almalbis Live at Vuâs Bar and Lounge! ✨🎸

Spend a magical skyline evening as Barbie Almalbis delivers her signature hits—right above the city!

📍 Venue: Vuâs Bar and Lounge, 45th Floor, Marco Polo Ortigas Manila
📅 Date: June 13, 2025 (Friday)
🕢 Doors open at 7:30 PM
🎶 Show time: 8:00 PM

🌟 Entrance Fee: ₱1,500 per person
🍹 Comes with a complimentary welcome drink!

Intimate vibes, stunning views, and great music await. Limited slots—come early, bring your friends, and catch this special performance in the clouds!

📞 Reserve your spot today!
Contact us at 0917 133 4192 or 0917 129 3846

#BarbieAlmalbisLive #VusBarAndLounge #MarcoPoloOrtigas #LiveMusicManila #OPMNight",Commercial Spam,synthetic,ORIG_00017
SYNTH_00295,,"Barbie Almalbis Live sa Vuâs Bar and Lounge! ✨🎶

Ready ka na ba sa isang gabing hindi mo malilimutan? Dalhin ni Barbie Almalbis ang iconic sound niya sa skyline!

📍 Venue: Vuâs Bar and Lounge, 45th Floor, Marco Polo Ortigas Manila
📅 Date: June 13, 2025 (Friday)
🕢 Doors open: 7:30 PM
🎵 Music starts: 8:00 PM

🌟 Entrance Fee: ₱1,500 per person
🍹 May kasamang welcome drink para simulan ang gabi!

Sulit na intimate music night—limited slots lang, kaya agahan, isama ang tropa, at huwag palampasin ang special performance above the clouds!

📞 Magpa-reserve na ngayon!
Contact us at 0917 133 4192 or 0917 129 3846

#BarbieAlmalbisLive #VusBarAndLounge #MarcoPoloOrtigas #LiveMusicManila #OPMNight",Commercial Spam,synthetic,ORIG_00017
SYNTH_00296,,"Experience Barbie Almalbis live at Vuâs Bar and Lounge! ✨🎤

Elevate your Friday night as she brings her iconic sound to the skyline—intimate, electric, unforgettable.

📍 Venue: Vuâs Bar and Lounge, 45th Floor, Marco Polo Ortigas Manila
📅 Date: June 13, 2025 (Friday)
🕢 Doors: 7:30 PM
🎶 Show starts: 8:00 PM

🌟 Entrance Fee: ₱1,500 per person
🍹 Includes a welcome drink to kick things off.

Limited slots available—arrive early, invite your friends, and don’t miss this rare performance above the clouds!

📞 Reserve now!
Contact us at 0917 133 4192 or 0917 129 3846

#BarbieAlmalbisLive #VusBarAndLounge #MarcoPoloOrtigas #LiveMusicManila #OPMNight",Commercial Spam,synthetic,ORIG_00017
SYNTH_00297,,"Barbie Almalbis takes over Vuâs Bar and Lounge! ✨🎸

Experience her signature hits against the dazzling skyline!

📍 Venue: Vuâs Bar and Lounge, 45th Floor, Marco Polo Ortigas Manila
📅 Date: June 13, 2025 (Friday)
🕤 Doors Open: 7:30 PM
🎶 Show Time: 8:00 PM

⭐️ Entrance Fee: ₱1,500 per person
🥂 Your ticket includes a welcome drink to start the party!

Seats are limited—gather the barkada, arrive early, and catch this rare, intimate performance above the city lights!

#BarbieAlmalbisLive #VusBarAndLounge #MarcoPoloOrtigas #LiveMusicManila #OPMNight",Commercial Spam,synthetic,ORIG_00018
SYNTH_00298,,"Catch Barbie Almalbis live at Vuâs Bar and Lounge! ✨🎶

One night only—feel the energy and the view!

📍 Venue: Vuâs Bar and Lounge, 45th Floor, Marco Polo Ortigas Manila
📅 Date: June 13, 2025 (Friday)
🕢 Doors Open: 7:30 PM
🎤 Performance Starts: 8:00 PM

🌟 Entrance Fee: ₱1,500 per person
🥂 Enjoy a complimentary welcome drink with your entry.

Hurry—slots are limited! Come early, bring your friends, and don’t miss this elevated OPM experience above the clouds!

#BarbieAlmalbisLive #VusBarAndLounge #MarcoPoloOrtigas #LiveMusicManila #OPMNight",Commercial Spam,synthetic,ORIG_00018
SYNTH_00299,,"Barbie Almalbis live set at Vuâs Bar and Lounge! ✨🎸

Get swept up by her iconic sound with the city skyline as your backdrop.

📍 Venue: Vuâs Bar and Lounge, 45th Floor, Marco Polo Ortigas Manila
📅 Date: June 13, 2025 (Friday)
🕢 Doors Open: 7:30 PM
🎵 Music Starts: 8:00 PM

🌟 Entrance Fee: ₱1,500 per person
🥂 Includes a welcome drink to kickstart the night.

Limited capacity—secure your spot, rally the crew, and be part of this one-of-a-kind show above the clouds!

#BarbieAlmalbisLive #VusBarAndLounge #MarcoPoloOrtigas #LiveMusicManila #OPMNight",Commercial Spam,synthetic,ORIG_00018
SYNTH_00300,,"CHEAPEST SOLAR LIGHT SA MARKET ngayon!!!
BUY 2, TAKE 2!!!
ORDER HERE --> https://s.lazada.com.ph/s.RjZmR
For only 1399, may Solar Lights ka na!
Pwede sa Garden, Parking, School, Business, at outside wall ng House.
BUY 2 TAKE 2!
Plug and Play!",Commercial Spam,synthetic,ORIG_00597
SYNTH_00301,,"Pinakamurang Solar Light sa market, grab now!!!
BUY 2 TAKE 2 DEAL!!!
TAP HERE TO BUY --> https://s.lazada.com.ph/s.RjZmR
Only 1399 na lang, Solar Lights agad!
Perfect for Garden, Parking, School, Business, at pang-wall sa labas ng House.
BUY 2 TAKE 2!
PLUG-AND-PLAY!",Commercial Spam,synthetic,ORIG_00597
SYNTH_00302,,"Lowest price Solar Light sa market!!!
BUY 2 TAKE 2 ngayon!!!
Click to buy --> https://s.lazada.com.ph/s.RjZmR
For just 1399, may Solar Lights ka na agad.
Pwede ilagay sa Garden, Parking, School, Business, at sa labas ng House wall.
BUY 2 TAKE 2!
PLUG AND PLAY!",Commercial Spam,synthetic,ORIG_00597
SYNTH_00303,,"Hello, kumusta po! With great pleasure we invite you to be part of BIOESSENCE MEGAMALL as we celebrate our 28th year Anniversary. Tara, enjoy natin ang dami ng promos, giveaways, at free treatment; see you on May 13, Saturday. For confirmation pls call or txt me on this number, Ms.Grace.",Commercial Spam,synthetic,ORIG_00738
SYNTH_00304,,"Hi, kumusta po! We’re delighted to invite you to BIOESSENCE MEGAMALL for the 28th year Anniversary celebration. Let’s enjoy lots of promo, give aways, and a free treatment too—see you on May 13, Saturday. For confirmation pls call or txt me on this number, Ms.Grace.",Commercial Spam,synthetic,ORIG_00738
SYNTH_00305,,"Hello po! Ikinagagalak naming imbitahan ka sa BIOESSENCE MEGAMALL para sa 28th year Anniversary. Sama-sama tayong mag-enjoy sa maraming promo, giveaways, at free treatment; kita-kits on May 13, Saturday. For confirmation pls call or txt me on this number, Ms.Grace.",Commercial Spam,synthetic,ORIG_00738
SYNTH_00306,,"A) Discover an Exclusive, Prestigious Wack wack neighborhood—your wellness is our priority.

Soon to Rise: Shangrila Wack-wack
1 Bedroom - 85sqm
2 Bedroom - 145sqm
3 Bedroom - 231sqm

B) The Rise Makati Shangrila on Ayala Ave, RFO, w/P1.2M (19% disc.) only 3 units left

www.shangrilasidences.com

Message now",Commercial Spam,synthetic,ORIG_00849
SYNTH_00307,,"A) Live in an elite Wack wack Neighborhood—where your well-being truly matters to us.

Soon to Rise: Shangrila Wack-wack
1 Bedroom - 85sqm
2 Bedroom - 145sqm
3 Bedroom - 231sqm

B) The Rise Makati Shangrila along Ayala Ave, RFO, w/P1.2M (19% disc.) 3 units left—hurry

www.shangrilasidences.com

Message us now",Commercial Spam,synthetic,ORIG_00849
SYNTH_00308,,"A) Prestige living awaits in the Exclusive Wack wack Neighborhood—your wellness matters here.

Soon to Rise: Shangrila Wack-wack
1 Bedroom - 85sqm
2 Bedroom - 145sqm
3 Bedroom - 231sqm

B) The Rise Makati Shangrila along Ayala Ave RFO w/P1.2M (19% disc.) last 3 units

www.shangrilasidences.com

Message now",Commercial Spam,synthetic,ORIG_00849
SYNTH_00309,,"The Rise Makati on Ayala-Ave
Bnew-1BR starting @5.8M by Shangri-La

The only Premium Grade Office Tower for sale in Ortigas CBD along ADB AVE
5 units left at 58K/month for 68mos, 0% interest

High-end Residential Tower in Ortigas Center
23-35K ONLY/mo.

Send name&email for details. Message now!",Commercial Spam,synthetic,ORIG_00890
SYNTH_00310,,"At The Rise Makati, Ayala-Ave
Bnew-1BR starts @5.8M by Shangri-La

Only Premium Grade Office Tower for sale sa Ortigas CBD (ADB AVE)
5units left: 58K/month for 68mos, 0% interest

High-end Residential Tower, Ortigas Center
23-35K ONLY/mo.

Send name&email for details. Message now!",Commercial Spam,synthetic,ORIG_00890
SYNTH_00311,,"Rising at Ayala-Ave: The Rise Makati
Brand-new 1BR from @5.8M by Shangri-La

The Only Premium Grade Office Tower for sale in Ortigas CBD on ADB AVE
Just 5units left—58K/month over 68mos, 0% interest

Ortigas Center High-end Residential Tower
23-35K ONLY/mo.

Send name&email for details. Message now!",Commercial Spam,synthetic,ORIG_00890
SYNTH_00312,,"Be one of the FIRST residents of Capitol Commons!

The Royalton

- 103sqm 2BR w/ parking included
- 12% Promo Discount — Save and Earn around P2.5M! (Extended only until Sep. 30!)
- Only at 179K/sqm! The most affordable luxury condo in Capitol Commons
- 6 units per floor

For details, pls reply with your name & email or visit www.AtOrtigas.com. Thank you!
+63917****188",Commercial Spam,synthetic,ORIG_00894
SYNTH_00313,,"Unahan na—be the FIRST to live in Capitol Commons at The Royalton!

103sqm 2BR w/ parking
12% Promo Discount: Save and Earn around P2.5M! Extended only until Sep. 30!
The most affordable luxury condo in Capitol Commons — only at 179K/sqm!
6 units per floor

For more info, reply with your name & email or visit www.AtOrtigas.com. Salamat!
+63917****188",Commercial Spam,synthetic,ORIG_00894
SYNTH_00314,,"Secure your spot as the FIRST to live in Capitol Commons — The Royalton awaits!

103sqm 2BR w/ parking
12% Promo Discount means you Save and Earn around P2.5M! (Extended only until Sep. 30!)
At only 179K/sqm, the most affordable luxury condo in Capitol Commons
Just 6 units per floor

Send your name & email for details or drop by www.AtOrtigas.com. Thanks!
+63917****188",Commercial Spam,synthetic,ORIG_00894
SYNTH_00315,,"Be among the FIRST to call Capitol Commons home!

The Royalton

> 103sqm 2BR w/ parking
> 12% Promo Discount—save and earn around P2.5M! (Extended only until Sep. 30!)
> Only 179K/sqm! The most affordable luxury condo in Capitol Commons
> Just 6 units a floor

For details, pls reply with your name & email or visit www.AtOrtigas.com. Thank you!

+63917****188",Commercial Spam,synthetic,ORIG_00895
SYNTH_00316,,"Be the first to experience life in Capitol Commons—secure your spot now!

The Royalton

> 103sqm 2BR w/ parking
> 12% Promo Discount = save and earn around P2.5M! (Extended only until Sep. 30!)
> Priced at only 179K/sqm! The most affordable luxury condo in Capitol Commons
> 6 units per floor

For more info, pls reply with your name & email or drop by www.AtOrtigas.com. Thanks!

+63917****188",Commercial Spam,synthetic,ORIG_00895
SYNTH_00317,,"Live first at Capitol Commons—don’t miss out!

The Royalton

> 103sqm 2BR w/ parking
> 12% Promo Discount so you save and earn around P2.5M! (Extended only until Sep. 30!)
> Only at 179K/sqm—the most affordable luxury condo in Capitol Commons
> 6 units on each floor

For details, pls reply with your name & email or visit www.AtOrtigas.com. Thank you!

+63917****188",Commercial Spam,synthetic,ORIG_00895
SYNTH_00318,,"Newest flagship condo along C5 now open: Maple at Ortigas East. Grab a 31sqm Studio Unit with No DP Promo—30% for 5 years at 0% interest, Only 30k/month! Launch Price available. Prime location at Ortigas Ave, Julia Vargas cor C5. Within the P60-B Re-Masterplan of Tiendesitas/Frontera Verde; a High-End community like Eastwood, Serendra BGC ""The Greenbelt of C5"". Backed by the Synergy of Ortigas, Ayala, SM. For details please reply with your name/email or visit www.atortigas.com. Thank you! +63917****188",Commercial Spam,synthetic,ORIG_00899
SYNTH_00319,,"Bagong flagship condo sa C5: Maple at Ortigas East! 31sqm Studio Unit, No DP Promo, 30% for 5 years at 0% interest, Only 30k/month! Launch Price ngayon. Location: Ortigas Ave, Julia Vargas cor C5. Kasama sa P60-B Re-Masterplan of Tiendesitas/Frontera Verde; high-end community like Eastwood, Serendra BGC ""The Greenbelt of C5"". Supported by the Synergy of Ortigas, Ayala, SM. For details, reply with your name/email or visit www.atortigas.com. +63917****188",Commercial Spam,synthetic,ORIG_00899
SYNTH_00320,,"Now rising on C5—the newest flagship: Maple at Ortigas East. Secure a 31sqm Studio Unit with No DP Promo: 30% for 5 years at 0% interest, Only 30k/month! Take advantage of the Launch Price. Address: Ortigas Ave, Julia Vargas cor C5. Part of the P60-B Re-Masterplan of Tiendesitas/Frontera Verde; a High-End community like Eastwood, Serendra BGC ""The Greenbelt of C5"". Powered by the Synergy of Ortigas, Ayala, SM. Send your name/email for details or visit www.atortigas.com. Thank you! +63917****188",Commercial Spam,synthetic,ORIG_00899
SYNTH_00321,,"Now selling lots in AlabangWest Village, an exclusive subdivision right across Ayala Alabang Village and beside Landers Superstore Alabang:

1) 506 sqm — central location; near the clubhouse

2) 357 sqm — near the main gate

Installment for 3 years, no interest!

For full details and a presentation, please send your email or reach Trish Cortez at +63917****998.",Commercial Spam,synthetic,ORIG_00900
SYNTH_00322,,"AlabangWest Village lots available! Exclusive community across Ayala Alabang Village and next to Landers Superstore Alabang:

1) 506 sqm
- central area; close to the clubhouse

2) 357 sqm
- near the main gate

3 years installment without interest!

For more info, drop your email for a presentation or contact Trish Cortez at +63917****998.",Commercial Spam,synthetic,ORIG_00900
SYNTH_00323,,"Grab a lot at AlabangWest Village—exclusive subdivision katapat ng Ayala Alabang Village at katabi ng Landers Superstore Alabang:

1) 506 sqm
- central location; malapit sa clubhouse

2) 357 sqm
- malapit sa main gate

3 years installment without interest!

To know more about the development, send your email for a presentation or call/text Trish Cortez at +63917****998.",Commercial Spam,synthetic,ORIG_00900
SYNTH_00324,,"***CONDO UNITS FOR SALE***
by Shangri-La/Ayala
- 25-72sq in Makati
- 81-250sq in Wack2/Ortigas
- Resale units—save up to 8M
Good for Investment, Rentals, Selling, End Use
With PROMOTERMS & NO DP
RIGHT time to Invest—act now
Reply with your name & email for complete details",Commercial Spam,synthetic,ORIG_00902
SYNTH_00325,,"Hot Condo Deals by Shangri-La/Ayala
25-72sq Makati • 81-250sq Wack2/Ortigas
Resale Units can save you up to 8M
Great for Investment, Rentals, Selling, or End Use
W/ PROMOTERMS & NO DP
Now is the RIGHT time to Invest
Send back your name & email to receive full info",Commercial Spam,synthetic,ORIG_00902
SYNTH_00326,,"For Sale: Condo/s from Shangri-La/Ayala
- Makati: 25-72sq
- Wack2/Ortigas: 81-250sq
Resale options—save up to 8M
Ideal for Investment, Rentals, Selling, End Use
W/ PROMOTERMS & NO DP
RIGHT time to Invest today
Reply with name & email for more complete info",Commercial Spam,synthetic,ORIG_00902
SYNTH_00327,,"Prime lots now open at AlabangWest Village—an exclusive subdivision across Ayala Alabang Village and beside Landers Superstore Alabang. Choices: 506 sqm (central location; near the clubhouse) and 297 sqm (perfect rectangular cut; near the clubhouse). 3 years installment without interest! For more info or a presentation, please send your email or contact Beatrice Cortez at +63917****998.",Commercial Spam,synthetic,ORIG_00905
SYNTH_00328,,"Available lots in AlabangWest Village, the exclusive community across Ayala Alabang Village and next to Landers Superstore Alabang: 506 sqm—central spot, close to the clubhouse; 297 sqm—ideal rectangular cut, near the clubhouse. 3 years installment without interest! To learn more about the development, share your email for a presentation or reach Beatrice Cortez at +63917****998.",Commercial Spam,synthetic,ORIG_00905
SYNTH_00329,,"Now selling: lots at AlabangWest Village, an upscale subdivision across Ayala Alabang Village and beside Landers Superstore Alabang. Options include 506 sqm (central location, near the clubhouse) and 297 sqm (perfect rectangular cut, near the clubhouse). 3 years installment without interest! For details and a presentation, kindly provide your email or call/text Beatrice Cortez at +63917****998.",Commercial Spam,synthetic,ORIG_00905
SYNTH_00330,,"Be among the first to own at The Albany by Megaworld—the 1st SMART HOME-ready condo in BGC! Limited to just 64 exclusive residences, it stands apart among the elite in the area.

Each unit is outfitted with lighting control, HVAC, motion sensors, appliance control, and security, plus existing RFID access from gate to elevator.

Units and parking:
2BR (123 sqm) - P35M
3BR (134 sqm) - P38M
Penthouse (349 sqm) - P99M

*Maple Grove Commercial Lots @ Php 57k/sqm only!

Call ANDREW at +63917****689",Commercial Spam,synthetic,ORIG_00906
SYNTH_00331,,"Unahan na sa The Albany by Megaworld—ang 1st SMART HOME condo sa BGC! 64 units lang, kaya super exclusive at talagang pan-elite sa area.

Bawat unit may lighting control, HVAC, motion sensor, appliance control at security, dagdag pa ang RFID access mula gate hanggang elevator.

Units and parking:
2BR (123 sqm) - P35M
3BR (134 sqm) - P38M
Penthouse (349 sqm) - P99M

*Maple Grove Commercial Lots @ Php 57k/sqm only!

Call ANDREW at +63917****689",Commercial Spam,synthetic,ORIG_00906
SYNTH_00332,,"Discover The Albany by Megaworld, the first SMART HOME-equipped condo in BGC. With only 64 units, this address is distinctly exclusive among the area's elite.

Units include lighting automation, HVAC, motion sensors, appliance control, and reinforced security, on top of RFID access from gate to elevator.

Options with parking:
2BR (123 sqm) - P35M
3BR (134 sqm) - P38M
Penthouse (349 sqm) - P99M

*Maple Grove Commercial Lots @ Php 57k/sqm only!

Call ANDREW at +63917****689",Commercial Spam,synthetic,ORIG_00906
SYNTH_00333,,"Interested in Properties in BGC, MAKATI, MOA, SAN JUAN, BINONDO & PASAY AREA? Lease-to-Own properties now available in Makati. Reply with your name and email address to receive a quotation. Many thanks!",Commercial Spam,synthetic,ORIG_00909
SYNTH_00334,,"Interesado ka ba sa Properties in BGC, MAKATI, MOA, SAN JUAN, BINONDO & PASAY AREA? May Lease to Own Properties available sa Makati. I-reply ang name at email mo para sa quotation. Maraming salamat!",Commercial Spam,synthetic,ORIG_00909
SYNTH_00335,,"Looking for Properties around BGC, MAKATI, MOA, SAN JUAN, BINONDO & PASAY AREA? We have Lease to Own Properties in Makati. Just send back your name and email address to get a quotation. Many thanks!",Commercial Spam,synthetic,ORIG_00909
SYNTH_00336,,"Discover modern living in Ortigas!

> P50-B transformation of Ortigas East, once Tiendesitas — dubbed ""The Greenbelt of C5""
> Premium community comparable to Serendra BGC
> Units available: Townhouse, Condo, Office for Sale
> Condotel (HII)
> By Ortigas in partnership w/ Ayala

For details, pls reply w/ your Name & Email

Harry
+63917****188",Commercial Spam,synthetic,ORIG_00910
SYNTH_00337,,"Modern Ortigas awaits.

> P50-B redevelopment at Ortigas East (formerly Tiendesitas), ""The Greenbelt of C5""
> Upscale vibe similar to Serendra BGC
> Townhouse, Condo, and Office for Sale
> Condotel (HII)
> Developed by Ortigas together w/ Ayala

For more info, pls reply w/ your Name & Email

Harry
+63917****188",Commercial Spam,synthetic,ORIG_00910
SYNTH_00338,,"Live the new Ortigas lifestyle.

> P50-B upgrade of Ortigas East, ex-Tiendesitas — ""The Greenbelt of C5""
> High-end community feel like Serendra BGC
> For Sale: Townhouse, Condo, Office
> Condotel (HII)
> A project of Ortigas in partnership w/ Ayala

For details pls reply with your Name & Email

Harry
+63917****188",Commercial Spam,synthetic,ORIG_00910
SYNTH_00339,,"*Pre-selling OFFICE SPACE now available
*Condotel units for sale.

*Ortigas & Co. in partnership w/ Ayala — 3-22% DISCOUNT promo!
Only 145-165K per sqm!
High-end Condo & high-end community

New project launching very soon at Ortigas East ""Tiendesitas"" — part of 50B redevelopment Plan

SMS or email for details.",Commercial Spam,synthetic,ORIG_00911
SYNTH_00340,,"*Pre-selling OFFICE SPACE for buyers
*Condotel now on Sale.

*Ortigas & Co. projects w/ Ayala, get 3-22% DISCOUNT!
Only 145-165K per sqm only!
High-end Condo living & high-end community.

Fresh project to launch very soon in Ortigas East ""Tiendesitas"" under the 50B redevelopment Plan

Text or email for details.",Commercial Spam,synthetic,ORIG_00911
SYNTH_00341,,"*Pre-selling OFFICE SPACE available
*Condotel for Sale today.

*Ortigas & Co. partnered w/ Ayala — 3-22% DISCOUNT promo!
Price at only 145-165K per sqm!
High-end Condo & high-end community vibe

New project launching soon in Ortigas East ""Tiendesitas"" — 50B redevelopment Plan

SMS/email for more details.",Commercial Spam,synthetic,ORIG_00911
SYNTH_00342,,"Major redevelopment along C5 is underway! A 16-hectare mixed-use, master-planned community by ""Ortigas & Company in Synergy with Ayala Land"", near renowned neighborhoods like Valle Verde, will soon meet your lifestyle needs.

The first residential tower in this estate is launching soon. Do not miss your chance. Join this luxurious community at an affordable price.

For inquiries, please reply with your name and email address.",Commercial Spam,synthetic,ORIG_00912
SYNTH_00343,,"Biggest redevelopment along C5 happening now! A 16-hectare mixed-use master-planned community by ""Ortigas & Company in Synergy with Ayala Land"", katabi ng kilalang communities like Valle Verde, soon to cater to your needs.

Ang 1st residential tower within this community, lalabas na at puwede nang i-reserve. Be part of this luxurious community at an affordable price.

For inquiries, kindly reply with your name and email address.",Commercial Spam,synthetic,ORIG_00912
SYNTH_00344,,"The biggest C5 redevelopment is in full swing! This 16-hectare mixed-use, master-planned destination by ""Ortigas & Company in Synergy with Ayala Land"", beside prestigious areas such as Valle Verde, will soon serve your needs.

The 1st residential tower in the community is coming to market soon with units up for grabs. Be part of this luxurious community at an affordable price.

For inquiries, just reply with your name and email address.",Commercial Spam,synthetic,ORIG_00912
SYNTH_00345,,"Megaworld's newly unveiled pre-selling prime commercial lots at Maple Grove!

Maple Grove is an integrated CBD township in the fast-emerging Gen Tri. Cavite spanning 140 hectares.

Flexible cuts from 407 to 1,000 sqm (option to combine)
- Expansive road network
- Built-in captive market
- Easy access via Daang Hari, CAVITEX, CALAX and Governor's Drive

Starts at only Php 53K/sqm! First Come, First Serve.

See the progress unfold!

For inquiries, contact ANDREW at: +63917****689",Commercial Spam,synthetic,ORIG_00913
SYNTH_00346,,"Hot launch from Megaworld: Pre-selling Prime Commercial Lots sa Maple Grove!

Integrated CBD township ito sa mabilis na umuusbong na Gen Tri. Cavite, 140 hectares ang lawak.

Curated cuts na 407 to 1,000 sqm (puwede i-combine)
- Malawak na road network
- May ready captive market
- Madaling puntahan via Daang Hari, CAVITEX, CALAX and Governor's Drive

Starts at only Php 53K/sqm! First Come, First Serve.

Witness the progress today!

For inquiries, contact ANDREW at: +63917****689",Commercial Spam,synthetic,ORIG_00913
SYNTH_00347,,"Secure your spot at Megaworld's newly launched pre-selling prime commercial lots in Maple Grove!

An integrated CBD township in the fast-emerging Gen Tri. Cavite, spanning 140 hectares.

Select cuts of 407 to 1,000 sqm (with option to combine)
- Wide road network
- Established captive market
- Easily accessible via Daang Hari, CAVITEX, CALAX and Governor's Drive

Priced from only Php 53K/sqm! First Come, First Serve.

Watch the progress unfold!

For inquiries, contact ANDREW at: +63917****689",Commercial Spam,synthetic,ORIG_00913
SYNTH_00348,,"Discover MAPLE GROVE, the newest 140-hectare 'green city' township and business district in the South. Commercial lots now selling in this Makati-inspired hub in General Trias, Cavite - just 20 minutes from Mall of Asia and Entertainment City via CAVITEX. Lot cuts from 439 to 1,750 sqm. Build office towers, business hotels, medical centers, and more. Lock in pre-selling prices today and secure a prime spot at the FUTURE CENTRAL BUSINESS DISTRICT backed by this country's biggest developers. For a project presentation, reach our sales manager, Ms. Beatrice, at +63917****998. Megaworld Corp.",Commercial Spam,synthetic,ORIG_00914
SYNTH_00349,,"Kilalanin ang MAPLE GROVE - ang pinakabagong 140-hectare 'green city' township at business district sa South. COMMERCIAL LOTS for sale sa Makati-inspired district sa General Trias, Cavite; 20 minutes lang mula Mall of Asia at Entertainment City via CAVITEX. Available lot sizes: 439 hanggang 1,750 sqm. Puwedeng tayuan ng office buildings, business hotels, medical facilities, atbp. Mag-reserve na habang pre-selling para maging isa sa iilang may-ari sa FUTURE CENTRAL BUSINESS DISTRICT na dine-develop ng this country's biggest developers. Para sa project presentation, kontakin ang sales manager namin, Ms. Beatrice, sa +63917****998. Megaworld Corp.",Commercial Spam,synthetic,ORIG_00914
SYNTH_00350,,"Now open: MAPLE GROVE, a 140-hectare 'green city' business district and township in the South. Buy COMMERCIAL LOTS in this budding, Makati-inspired destination in General Trias, Cavite - only 20 minutes to Mall of Asia and Entertainment City via CAVITEX. Choose from 439 to 1,750 sqm lots, ideal for office buildings, business hotels, medical facilities, and more. Secure yours at pre-selling prices and be among the first owners at the FUTURE CENTRAL BUSINESS DISTRICT being developed by this country's biggest developers. Book a presentation with our sales manager, Ms. Beatrice, at +63917****998. Megaworld Corp.",Commercial Spam,synthetic,ORIG_00914
SYNTH_00351,,"RESALE OFFICE & CONDO UNITS PRICED WELL BELOW MARKET!

- Ortigas, Makati, MOA Area
- 25-150 sq.m options
- Huge discounts
- Assume balance at 0% interest

SMS for inquiries. Thank you",Commercial Spam,synthetic,ORIG_00915
SYNTH_00352,,"Resale Office at Condo Units, mas mababa kaysa market price!

- Ortigas, Makati, MOA Area
- 25-150 sq.m na units
- Malalaking discounts
- Assume balance, 0% interest

Text/SMS for inquiries - Thank you",Commercial Spam,synthetic,ORIG_00915
SYNTH_00353,,"Grab RESALE OFFICE and CONDO UNITS WAY BELOW MARKET!

- Areas: Ortigas, Makati, MOA Area
- Sizes from 25 to 150 sq.m
- Big savings/discounts
- Assume balance with 0% interest

SMS your inquiries now. Thank you",Commercial Spam,synthetic,ORIG_00915
SYNTH_00354,,"Shangri-La Updates: RISEmakati

- Signature mixed-use residential & commercial project
- Exceptional, premier amenities throughout
- Units start at 5.2M

Kindly reply with your name & email for full details.

Reach us at:
info@shangrilapropertiesinc.com

www.shangrilapropertiesinc.com/rise-makati",Commercial Spam,synthetic,ORIG_00916
SYNTH_00355,,"Shangri-La Updates: RISEmakati

- Natatanging residential & commercial development
- Top-notch amenities, pang-premier
- Starting price at 5.2M

Reply po with your name & email para sa more info.

Contact:
info@shangrilapropertiesinc.com

www.shangrilapropertiesinc.com/rise-makati",Commercial Spam,synthetic,ORIG_00916
SYNTH_00356,,"Shangri-La Updates: RISEmakati

- Exclusive residential + commercial address in Makati
- Premium amenities for elevated living
- From 5.2M only

Send your name & email to receive more details.

Contact Us:
info@shangrilapropertiesinc.com

www.shangrilapropertiesinc.com/rise-makati",Commercial Spam,synthetic,ORIG_00916
SYNTH_00357,,Now in stock: INSTANTLY AGELESS. Proven effective to erase eyebags and wrinkles in 2 minutes. Made in USA. Reply if you want to buy.,Commercial Spam,synthetic,ORIG_00917
SYNTH_00358,,"Available now: INSTANTLY AGELESS. Eyebags and wrinkles fade in just 2 minutes, proven effective. Made in USA. Please reply to purchase.",Commercial Spam,synthetic,ORIG_00917
SYNTH_00359,,INSTANTLY AGELESS is now available. Tested effective to erase eyebags and wrinkles within 2 minutes. Made in USA. Interested to order? Reply.,Commercial Spam,synthetic,ORIG_00917
SYNTH_00360,,"FINAL chance to own a pre-selling low-rise condo in BGC—now offered with Special Low DP, 0% Int terms.

Live in a low-density community; each unit has private elevator access and sweeping views of Forbes Park and the BGC skyline at THE ALBANY. VERY RARE—LIMITED UNITS only. Select from roomy 2BR to 3BR residences with luxe finishes.

*Premium Pre-selling Commercial lots available at Maple Grove in Gen Trias. Cavite—For Sale!

For inquiries, please contact ANDREW @ +63917****689",Commercial Spam,synthetic,ORIG_00918
SYNTH_00361,,"Your LAST shot to secure a pre-selling low-rise condo in BGC, now on Special Low DP, 0% Int terms.

Enjoy low-density living at THE ALBANY—private elevator per unit with breathtaking Forbes Park and BGC skyline views. VERY RARE FIND, only LIMITED UNITS remain. Choose spacious 2BR or 3BR layouts with luxe finishing.

*Very Prime Pre-selling Commercial lots for sale at Maple Grove in Gen Trias. Cavite!

For inquiries, please contact ANDREW @ +63917****689",Commercial Spam,synthetic,ORIG_00918
SYNTH_00362,,"Don’t miss the LAST pre-selling low-rise condo in BGC—available today with Special Low DP, 0% Int terms.

Experience exclusive low-density living at THE ALBANY: private elevator access per unit plus stunning vistas of Forbes Park and the BGC skyline. A VERY RARE OFFER—LIMITED UNITS left. Pick from elegant 2BR to 3BR units with luxe finishes.

*Prime Pre-selling Commercial lots now selling at Maple Grove in Gen Trias. Cavite!

For inquiries, please contact ANDREW @ +63917****689",Commercial Spam,synthetic,ORIG_00918
SYNTH_00363,,"Escape in the city with a day of dining and swimming at Edsa Shangri-La, Manila's HEAT, The Sunday Side—only Php2,400net per person. Call 6338888",Commercial Spam,synthetic,ORIG_00919
SYNTH_00364,,"Enjoy a city daycation: dine and take a dip at Edsa Shangri-La, Manila's HEAT, The Sunday Side for just Php2,400net per person. Call 6338888",Commercial Spam,synthetic,ORIG_00919
SYNTH_00365,,"Treat yourself to a quick in-city getaway—swim and dine at Edsa Shangri-La, Manila's HEAT, The Sunday Side for Php2,400net per person. Call 6338888",Commercial Spam,synthetic,ORIG_00919
SYNTH_00366,,"Co in Makati hiring Software Java Developer; Bachelors degree required; must be knowledgeable in JAVA, with experience in design, development & implementation of software applications. Send CV: kimphil28@gmail.com",Commercial Spam,synthetic,ORIG_00920
SYNTH_00367,,"Urgent: Co in Makati seeks Software Java Developer. Bachelors degree a must; knowledgeable in JAVA and in the design, development & implementation of software applications. Email now: kimphil28@gmail.com",Commercial Spam,synthetic,ORIG_00920
SYNTH_00368,,"Co in Makati is looking for a Software Java Developer—Bachelors degree needed, knowledgeable in JAVA, capable in design, development & implementation of software applications. Apply via: kimphil28@gmail.com",Commercial Spam,synthetic,ORIG_00920
SYNTH_00369,,"Co in Makati is hiring a Software Java Developer; Bachelors degree required; must be knowledgeable in JAVA and in the design, development & implementation of software applications; can start asap; email: kimphil28@gmail.com",Commercial Spam,synthetic,ORIG_00921
SYNTH_00370,,"Co in Makati now needs a Software Java Developer, with Bachelors degree; strong knowledge in JAVA, plus design, development & implementation of software applications; start asap, send CV to kimphil28@gmail.com",Commercial Spam,synthetic,ORIG_00921
SYNTH_00371,,"Urgent: Co in Makati looking for Software Java Developer, Bachelors degree a must; skilled in JAVA and the design, development & implementation of software applications; can start asap; contact kimphil28@gmail.com",Commercial Spam,synthetic,ORIG_00921
SYNTH_00372,,"Co in Makati hiring Software Java Developer; must be skilled in JAVA for software application design, development & implementation. Can start ASAP, kimphil28@gmail.com",Commercial Spam,synthetic,ORIG_00922
SYNTH_00373,,"Co in Makati is looking for a Software Java Developer, strong in JAVA and experienced in design, development & implementation of software applications; can start asap. Email: kimphil28@gmail.com",Commercial Spam,synthetic,ORIG_00922
SYNTH_00374,,"Co in Makati urgent need: Software Java Developer with JAVA expertise for the design, development & implementation of software applications; start ASAP, contact kimphil28@gmail.com",Commercial Spam,synthetic,ORIG_00922
SYNTH_00375,,"Shangri-La Updates:

RISEmakati

- Signature mixed-use residential & commercial project
- Top-tier amenities for a premier lifestyle
- Units from 5M

Inquiries welcome!

Pls. reply w/ your name & email add for more details

Contact Us:
info@shangrilapropertiesinc.com

www.shangrilapropertiesinc.com/rise-makati",Commercial Spam,synthetic,ORIG_00923
SYNTH_00376,,"Shangri-La Updates:

RISEmakati

- Unique residential & commercial development
- Premier, standout amenities
- Starting price: 5M

Tara, inquire na!

Kindly reply w/ your name & email add para sa more details

Contact Us:
info@shangrilapropertiesinc.com

www.shangrilapropertiesinc.com/rise-makati",Commercial Spam,synthetic,ORIG_00923
SYNTH_00377,,"Shangri-La Updates:

RISEmakati

- Exclusive residential + commercial community
- Exceptional premium amenities
- Prices begin at 5M

We welcome inquiries!

Reply w/ your name & email add to get more info

Contact Us:
info@shangrilapropertiesinc.com

www.shangrilapropertiesinc.com/rise-makati",Commercial Spam,synthetic,ORIG_00923
SYNTH_00378,,"Mark the love season with a romantic staycation and a private poolside dinner for two at Edsa Shangri-La, Manila—your urban oasis. Call 633 8888.",Commercial Spam,synthetic,ORIG_00924
SYNTH_00379,,"Make this season of romance unforgettable: enjoy a cozy staycation and an intimate dinner for two by the pool at your city haven, Edsa Shangri-La, Manila. Call 633 8888.",Commercial Spam,synthetic,ORIG_00924
SYNTH_00380,,"Celebrate romance with a sweet escape and a candlelit poolside dinner for two at your urban oasis, Edsa Shangri-La, Manila. Call 633 8888.",Commercial Spam,synthetic,ORIG_00924
SYNTH_00381,,"Brand-new OFFICE space for sale along Ortigas Avenue near ""The Grove"". For details, kindly text your email. Text No to Stop. Thank you, Jenn Sam",Commercial Spam,synthetic,ORIG_00925
SYNTH_00382,,"OFFICE unit for sale at Ortigas Avenue, near ""The Grove"". Interested? Please text your email for inquiries. Text No to Stop. Thank you, Jenn Sam",Commercial Spam,synthetic,ORIG_00925
SYNTH_00383,,"New OFFICE space available for sale on Ortigas Avenue, close to ""The Grove"". For inquiries, send your email via text. Text No to Stop. Thank you, Jenn Sam",Commercial Spam,synthetic,ORIG_00925
SYNTH_00384,,"Coming soon in the South: MAPLE GROVE, a new, truly ""Green"" township. For the first time, Megaworld opens a rare chance to secure prime COMMERCIAL LOT(s) in the fast-rising business district of Gen. Trias Cavite. Choose from 440 to 1,000 sqm lots (may be combined). Very limited inventory - lock in PRE-SELLING prices TODAY! Reservations now open. For inquiries, contact Andrew @ ++63917****689.",Commercial Spam,synthetic,ORIG_00926
SYNTH_00385,,"MAPLE GROVE, an upcoming ""Green"" township in the South, is on the rise. Megaworld is, for the first time, giving you a once-in-a-lifetime opportunity to own the most prime COMMERCIAL LOT(s) in the rapidly growing business district of Gen. Trias Cavite. Lot cuts range from 440 up to 1,000 sqm (option to combine). Inventory is limited - grab yours at PRE-SELLING rates TODAY! Now accepting reservations. Details: Andrew @ ++63917****689.",Commercial Spam,synthetic,ORIG_00926
SYNTH_00386,,"Discover MAPLE GROVE, a brand-new and ""Green"" township emerging in the South. For the first time, Megaworld is offering a lifetime chance to acquire prime COMMERCIAL LOT(s) within the swiftly developing Gen. Trias Cavite business district. Sizes available: 440 to 1,000 sqm (with option to combine). Stock is limited - secure yours at PRE-SELLING prices TODAY! Reservations are ongoing. More info, contact Andrew @ ++63917****689.",Commercial Spam,synthetic,ORIG_00926
SYNTH_00387,,Mega888 Now Open!,Commercial Spam,synthetic,ORIG_01132
SYNTH_00388,,Mega888 Grand Launch!,Commercial Spam,synthetic,ORIG_01132
SYNTH_00389,,Mega888 Official Opening!,Commercial Spam,synthetic,ORIG_01132
SYNTH_00390,,"Solar 3-Way Lights
Sobrang ganda at classy ikabit sa wall!

Tingnan ang photos at price dito: https://s.lazada.com.ph/s.4ZgRn

Buy 1 Take 1, today lang!!!",Commercial Spam,synthetic,ORIG_01144
SYNTH_00391,,"SOLAR 3-WAY WALL LIGHTS
Sobrang ganda at formal tingnan kapag naka-mount sa wall

Check pics and price here: https://s.lazada.com.ph/s.4ZgRn

Buy 1 Take 1, for today only!!!",Commercial Spam,synthetic,ORIG_01144
SYNTH_00392,,"Solar 3 Way Wall Lights
Super ayos at elegant ilagay sa wall mo

View picture and price: https://s.lazada.com.ph/s.4ZgRn

Buy 1 Take 1, ngayon lang!!!",Commercial Spam,synthetic,ORIG_01144
SYNTH_00393,,"Hangad ko para sa ating bayan ang muling pagkakaisa ng sambayanang Pilipino. Harapin natin ang mundo at buong tapang nating isigaw: 'AKO’Y PILIPINO, TAAS NOO, KAHIT KANINO!' https://www.facebook.com/BongbongMarcos/videos/766933458023298/ Pakilike at paki-share. Maraming salamat po!",Commercial Spam,synthetic,ORIG_01146
SYNTH_00394,,"Ang vision ko para sa ating bansa: magkaisa muli ang buong sambayanang Pilipino. Sama-samang humarap sa mundo at ipagsigawan, 'AKO AY PILIPINO—TAAS NOO KAHIT KANINO!' https://www.facebook.com/BongbongMarcos/videos/766933458023298/ Please LIKE & SHARE ngayon. Salamat po!",Commercial Spam,synthetic,ORIG_01146
SYNTH_00395,,"Pangarap kong buuin muli ang pagkakaisa ng bawat Pilipino para sa ating bayan. Sabay-sabay tayong humarap sa daigdig at sabihin nang malakas, 'AKO’Y PILIPINO, TAAS NOO SA LAHAT!' https://www.facebook.com/BongbongMarcos/videos/766933458023298/ Like & Share po, maraming salamat!",Commercial Spam,synthetic,ORIG_01146
SYNTH_00396,,"Apat (4) na SOLAR LIGHTS for only 1,499! Grab mo na ngayon!
Bili dito --> https://s.lazada.com.ph/s.UrR50
Yes, 4 pcs talaga dahil naka-SALE ngayon!
100 watts bawat isa — total 400 watts sa 4 piraso. Sulit at tipid!
May 3 modes:
STEADY LIGHTS
SENSOR LIGHTS
DIM LIGHTS",Commercial Spam,synthetic,ORIG_01151
SYNTH_00397,,"4 pcs SOLAR LIGHTS sa presyo na 1,499 lang — limited offer!
Click here para umorder --> https://s.lazada.com.ph/s.UrR50
Yes, apat na piraso dahil SALE ngayon!
100 watts bawat unit, total 400 watts sa 4. Super sulit, sobrang tipid!
May 3 modes:
STEADY LIGHTS | SENSOR LIGHTS | DIM LIGHTS",Commercial Spam,synthetic,ORIG_01151
SYNTH_00398,,"Get 4 na pirasong SOLAR LIGHTS for 1,499 ngayon!
Tap this link to buy --> https://s.lazada.com.ph/s.UrR50
Yes, apat talaga, naka-SALE pa!
100 watts per piece, 400 watts total sa 4. Good deal, grabe ang tipid!
3 modes available:
STEADY LIGHTS
SENSOR LIGHTS
DIM LIGHTS",Commercial Spam,synthetic,ORIG_01151
SYNTH_00399,,"4 na pirasong SOLAR LIGHTS sa halagang 1,499!
Bili na dito: https://s.lazada.com.ph/s.UrR50
Apat agad dahil naka SALE ngayon!
100 watts kada ilaw, total 400 watts sa 4—sulit at tipid!
May 3 modes: STEADY LIGHTS, SENSOR LIGHTS, DIM LIGHTS",Commercial Spam,synthetic,ORIG_01165
SYNTH_00400,,"Get 4 SOLAR LIGHTS for only 1,499.
Tap to order -> https://s.lazada.com.ph/s.UrR50
Kompletong apat na piraso dahil SALE siya ngayon!
100 watts per piece, 400 watts lahat—great deal, super tipid!
3 modes available: STEADY LIGHTS, SENSOR LIGHTS, DIM LIGHTS",Commercial Spam,synthetic,ORIG_01165
SYNTH_00401,,"Bundle of 4 SOLAR LIGHTS, price 1,499.
Click para bumili: https://s.lazada.com.ph/s.UrR50
Yes, apat ang laman kasi naka SALE ngayon!
Each is 100 watts, total 400 watts for 4—sobrang sulit at tipid!
Meron siyang 3 modes: STEADY LIGHTS, SENSOR LIGHTS, DIM LIGHTS",Commercial Spam,synthetic,ORIG_01165
SYNTH_00402,,"Start ng Big Sale namin ngayon! Hanggang 60% off sa lahat ng items. Tap here para makita ang products: https://s.lazada.com.ph/s.UF1Ha Available: Solar Lights, Emergency lights, Massage gun, Laptop stand, Air purifier, Facial Acne steamer, Air fryer, at madami pang iba.",Commercial Spam,synthetic,ORIG_01167
SYNTH_00403,,"Ngayon na ang simula ng aming Big Sale—Up to 60% discount sa lahat ng items! I-click para mag-browse ng products: https://s.lazada.com.ph/s.UF1Ha Mayroon kaming Solar Lights, Emergency lights, Massage gun, Laptop stand, Air purifier, Facial Acne steamer, Air fryer, at marami pang iba.",Commercial Spam,synthetic,ORIG_01167
SYNTH_00404,,"Big Sale starts today! Hanggang 60% discount sa lahat ng items namin. Click the link to view our products: https://s.lazada.com.ph/s.UF1Ha Kasama sa lineup: Solar Lights, Emergency lights, Massage gun, Laptop stand, Air purifier, Facial Acne steamer, Air fryer, at madami pang iba.",Commercial Spam,synthetic,ORIG_01167
SYNTH_00405,,"4 pcs SOLAR LIGHTS for only 1,499! Bilhin mo na dito: https://s.lazada.com.ph/s.UrR50 Apat na piraso yan, naka-SALE ngayon!",Commercial Spam,synthetic,ORIG_01169
SYNTH_00406,,"Grab 4 na SOLAR LIGHTS sa presyong 1,499. Tap this link para umorder: https://s.lazada.com.ph/s.UrR50 Oo, apat na piraso - sale ngayon!",Commercial Spam,synthetic,ORIG_01169
SYNTH_00407,,"Apat na SOLAR LIGHTS, 1,499 lang! Click here para mag-checkout: https://s.lazada.com.ph/s.UrR50 4 piraso ito, kaya bilis - naka-sale pa!",Commercial Spam,synthetic,ORIG_01169
SYNTH_00408,,Nakakapagod ba ang buong araw na trabaho? Mag-relax ka with our NEW MASSAGE GUN. CLICK HERE TO BUY --> https://s.lazada.com.ph/s.UUM6r Sale ngayon!,Commercial Spam,synthetic,ORIG_01174
SYNTH_00409,,Sawang-sawa ka na sa pagod buong araw sa trabaho? Guminhawa gamit ang aming NEW MASSAGE GUN. CLICK HERE TO BUY --> https://s.lazada.com.ph/s.UUM6r Naka-SALE ngayon.,Commercial Spam,synthetic,ORIG_01174
SYNTH_00410,,Pagod ka ba after maghapon na work? Pahinga gamit ang NEW MASSAGE GUN namin. CLICK HERE TO BUY --> https://s.lazada.com.ph/s.UUM6r On SALE ngayon.,Commercial Spam,synthetic,ORIG_01174
SYNTH_00411,,"SOLAR 3-WAY LIGHTS, SOBRANG GANDA AT CLASSY PAG NASA WALL! See photos & price here: https://s.lazada.com.ph/s.fz8pd BUY 1 GET 1 TODAY ONLY!!",Commercial Spam,synthetic,ORIG_01175
SYNTH_00412,,"3 WAY SOLAR LIGHTS, super ganda at formal tingnan, pang-wall mount! Tap to view pics and price: https://s.lazada.com.ph/s.fz8pd BUY 1 TAKE 1, TODAY LANG!!",Commercial Spam,synthetic,ORIG_01175
SYNTH_00413,,"Solar 3-Way Lights—sobrang ganda at elegante sa wall! Click for picture and price: https://s.lazada.com.ph/s.fz8pd Buy 1 Get 1, today only!!",Commercial Spam,synthetic,ORIG_01175
SYNTH_00414,,"Get 4 pcs Solar Lights for just 1,499! Pinakamura sa market na solar—bili na! Click to order now: https://tinyurl.com/4en84z45 Buy 2, Take 2 today only!!",Commercial Spam,synthetic,ORIG_01179
SYNTH_00415,,"4-piece Solar Lights only 1,499! Pinaka-cheap sa market, huwag palampasin—bili na! Tap here to buy: https://tinyurl.com/4en84z45 BUY 2 TAKE 2, today lang!!",Commercial Spam,synthetic,ORIG_01179
SYNTH_00416,,"SALE: 4 PCS SOLAR LIGHTS at 1,499 lang! Pinakamura sa market, grab yours now! Order here --> https://tinyurl.com/4en84z45 Buy 2 Take 2, today only!!",Commercial Spam,synthetic,ORIG_01179
SYNTH_00417,,"SOLAR 3-WAY LIGHTS—sobrang ganda at formal tingnan, pang-wall mount! Click for price/buy: https://s.lazada.com.ph/s.V9Nyq Shop Now: NEW ITEM 58% OFF SALE, Buy 1 Take 1, today only! Paki-tap ang link sa taas para makita ang presyo at pictures. LED super bright, 3 adjustable heads, motion sensor, waterproof at wireless. Tipid sa kuryente, iwas magnanakaw at akyat-bahay sa gabi!",Commercial Spam,synthetic,ORIG_01180
SYNTH_00418,,"Solar 3 Way Lights na classy at bagay ilagay sa wall—order/price here: https://s.lazada.com.ph/s.V9Nyq Shop now! (New item 58% OFF) BUY 1 TAKE 1, TODAY ONLY!!! I-click ang link sa itaas para makita ang price at photos. LED super bright with 3 adjustable heads, may motion sensor, waterproof at wireless. Super tipid sa kuryente—tulong iwas magnanakaw at akyat-bahay sa gabi!",Commercial Spam,synthetic,ORIG_01180
SYNTH_00419,,"SOLAR 3-WAY LIGHTS, ang ganda at formal tingnan—perfect sa wall. Price/Buy here: https://s.lazada.com.ph/s.V9Nyq Shop Now: (NEW ITEM 58% OFF SALE) Buy 1 Take 1 today only! Click the link above to view presyo at pictures. LED super bright, 3 adjustable heads, motion sensor; waterproof & wireless. Tipid sa kuryente, iwas magnanakaw at akyat-bahay kapag gabi!",Commercial Spam,synthetic,ORIG_01180
SYNTH_00420,,"Get 4 pcs SOLAR LIGHTS for only 1,499! Bilhin mo na dito --> https://s.lazada.com.ph/s.UrR50 Apat na piraso yan, naka-SALE ngayon! 100 watts bawat isa (total 400 watts) — sulit, tipid na tipid! May 3 modes: STEADY LIGHTS, SENSOR LIGHTS, DIM LIGHTS.",Commercial Spam,synthetic,ORIG_01213
SYNTH_00421,,"4 na SOLAR LIGHTS sa presyong 1,499 lang! Click para umorder --> https://s.lazada.com.ph/s.UrR50 Apat na piraso kasi naka-SALE ngayon! 100 watts kada isa, total 400 watts — super sulit at tipid! May 3 modes ito: STEADY LIGHTS, SENSOR LIGHTS, DIM LIGHTS.",Commercial Spam,synthetic,ORIG_01213
SYNTH_00422,,"Promo alert: 4 pcs SOLAR LIGHTS, 1,499 lang. Order here --> https://s.lazada.com.ph/s.UrR50 Yes, 4 na piraso dahil SALE ngayon! 100 watts each (400 watts lahat) — great deal, sobrang tipid! 3 modes available: STEADY LIGHTS, SENSOR LIGHTS, DIM LIGHTS.",Commercial Spam,synthetic,ORIG_01213
SYNTH_00423,,"Get 4 pcs SOLAR LIGHTS for only 1,499! Pinakamura na sa market—bili na ngayon! Click here to buy: https://s.lazada.com.ph/s.UbrFB Buy 2, Take 2, today only!",Commercial Spam,synthetic,ORIG_01248
SYNTH_00424,,"4PCS Solar Lights, now just 1,499! Super mura na sa market, wag magpahuli! Tap to order --> https://s.lazada.com.ph/s.UbrFB Buy 2 Take 2, today lang!",Commercial Spam,synthetic,ORIG_01248
SYNTH_00425,,"Only 1,499 for 4 PCS SOLAR LIGHTS! Best deal sa market—grab yours ASAP! Order here --> https://s.lazada.com.ph/s.UbrFB Today only: BUY 2, TAKE 2!",Commercial Spam,synthetic,ORIG_01248
SYNTH_00426,,"SOLAR 3-WAY LIGHTS
Sobrang ganda, classy tingnan kapag naka-mount sa wall!

Tap to see price/buy ---> https://s.lazada.com.ph/s.V9Nyq

Shop now! (NEW ITEM, 58% OFF)
BUY 1, TAKE 1 — TODAY ONLY!

I-click ang link sa itaas para makita ang presyo at pictures.

LED super bright, 3 adjustable heads
Motion-sensor lights
Waterproof at wireless

Tipid sa kuryente!
Iwas magnanakaw at akyat-bahay sa gabi!",Commercial Spam,synthetic,ORIG_01255
SYNTH_00427,,"Solar 3 Way Lights
Ang ganda at angas tingnan, perfect pang-wall!

Click to buy/price ---> https://s.lazada.com.ph/s.V9Nyq

Shop Now: (NEW ITEM 58% OFF SALE)
BUY 1 TAKE 1, TODAY LANG!

Click the link above to check price and pictures.

LED ultra-bright, 3 adjustable heads
May motion sensor
Waterproof at wireless

Matipid sa kuryente!
Proteksyon sa magnanakaw at akyat-bahay sa gabi!",Commercial Spam,synthetic,ORIG_01255
SYNTH_00428,,"SOLAR 3-WAY LIGHTS
Super ganda at formal tingnan, bagay na pang-wall!

Tap here for price/buy ---> https://s.lazada.com.ph/s.V9Nyq

Shop now! (NEW ITEM — 58% OFF)
BUY 1 TAKE 1, TODAY ONLY!

Pindutin ang link sa taas para makita ang presyo at pictures.

LED super bright, 3 adjustable heads
Motion sensor lighting
Waterproof, wireless

Tipid sa kuryente!!
Iwas akyat-bahay at magnanakaw sa gabi!!",Commercial Spam,synthetic,ORIG_01255
SYNTH_00429,,"Tara, alamin ang galing mo! Check this audiobook summary to uncover your strengths. https://peoplecademy.net/details/811",Commercial Spam,synthetic,ORIG_01256
SYNTH_00430,,Level up—kilalanin ang iyong lakas! View this audio book summary and spot your strengths. https://peoplecademy.net/details/811,Commercial Spam,synthetic,ORIG_01256
SYNTH_00431,,I-unlock ang husay mo ngayon! Explore this audiobook summary to see your strengths. https://peoplecademy.net/details/811,Commercial Spam,synthetic,ORIG_01256
SYNTH_00432,,"4 pcs SOLAR LIGHTS, halagang 1,499 lang ngayon!
Bilhin dito: https://s.lazada.com.ph/s.UrR50
Yes, apat na piraso yan kasi naka-SALE ngayon!
100 watts bawat isa—total 400 watts para sa 4. Sulit at tipid!
May 3 modes: STEADY LIGHTS, SENSOR LIGHTS, DIM LIGHTS",Commercial Spam,synthetic,ORIG_01274
SYNTH_00433,,"Apat na SOLAR LIGHTS bundle, presyo 1,499.
Tap to buy: https://s.lazada.com.ph/s.UrR50
Oo, 4 pieces talaga dahil SALE price ngayon!
100W per unit, 400W lahat—great deal, tipid to the max!
3 mode options: STEADY LIGHTS, SENSOR LIGHTS, DIM LIGHTS",Commercial Spam,synthetic,ORIG_01274
SYNTH_00434,,"Promo! 4 na pirasong SOLAR LIGHTS ngayon ay 1,499.
Order na dito --> https://s.lazada.com.ph/s.UrR50
Yes, apat yan—nakasale ngayon kaya grab mo!
100 watts ang bawat isa, kabuuang 400 watts para sa set—super sulit!
Tatlong modes: STEADY LIGHTS, SENSOR LIGHTS, DIM LIGHTS",Commercial Spam,synthetic,ORIG_01274
SYNTH_00435,,"Get 4 na SOLAR LIGHTS for 1,499 lang! Order ngayon dito: https://s.lazada.com.ph/s.UrR50. Oo, apat ang makukuha mo—naka-SALE siya ngayon!",Commercial Spam,synthetic,ORIG_01283
SYNTH_00436,,"4 pcs SOLAR LIGHTS, presyo 1,499. Tap to buy: https://s.lazada.com.ph/s.UrR50. Yes, apat talaga—SALE today kaya grab na!",Commercial Spam,synthetic,ORIG_01283
SYNTH_00437,,"Apat na SOLAR LIGHTS sa halagang 1,499—LIMITED SALE! Bilhin mo rito: https://s.lazada.com.ph/s.UrR50. Yes, 4 pieces yan habang naka-SALE!",Commercial Spam,synthetic,ORIG_01283
SYNTH_00438,,"[FEX] Delivery attempt for parcel P6115DDCDD7BA failed. For assistance, please contact the branch at 9283170245.",Delivery Scam,synthetic,ORIG_00006
SYNTH_00439,,[FEX] We couldn't deliver your parcel P6115DDCDD7BA. Call the branch at 9283170245 if you have concerns.,Delivery Scam,synthetic,ORIG_00006
SYNTH_00440,,[FEX] Your package P6115DDCDD7BA was undeliverable. Kindly reach the branch at 9283170245 for any inquiries.,Delivery Scam,synthetic,ORIG_00006
SYNTH_00441,,Your domestic parcel with tracking code RR*-16PH cannot be delivered because the recipient information is unverified. Please review immediately at mada-ph.la,Delivery Scam,synthetic,ORIG_00118
SYNTH_00442,,We couldn’t deliver your domestic parcel RR*-16PH due to unconfirmed recipient details. Check now at mada-ph.la,Delivery Scam,synthetic,ORIG_00118
SYNTH_00443,,Undeliverable notice: your domestic parcel (RR*-16PH) is on hold until recipient info is verified. Please check mada-ph.la,Delivery Scam,synthetic,ORIG_00118
SYNTH_00444,,Tracking Code (RR*197PH): The courier came 1 day ago but delivery was unsuccessful. Please visit pw29b.cn to validate so we can reschedule your delivery.,Delivery Scam,synthetic,ORIG_00122
SYNTH_00445,,Tracking Code (RR*197PH) — Dumating ang courier 1 day ago pero hindi natuloy ang delivery. Punta sa pw29b.cn para ma-validate at ma-reschedule namin ang delivery.,Delivery Scam,synthetic,ORIG_00122
SYNTH_00446,,RR*197PH Tracking: Delivery attempt 1 day ago failed. Urgent—visit pw29b.cn to validate and we will set a new delivery schedule.,Delivery Scam,synthetic,ORIG_00122
SYNTH_00447,,We couldn't complete your delivery. Reschedule today using this link: phpost.tw,Delivery Scam,synthetic,ORIG_00150
SYNTH_00448,,Hindi naihatid ang package mo. I-click ang link para mag-reschedule ngayon: phpost.tw,Delivery Scam,synthetic,ORIG_00150
SYNTH_00449,,"Delivery attempt failed. To set a new schedule, please visit now: phpost.tw",Delivery Scam,synthetic,ORIG_00150
SYNTH_00450,,Your DOMESTIC MAIL was returned to your local post office—visit ph-post.la now to complete verification and arrange a re-delivery.,Delivery Scam,synthetic,ORIG_00151
SYNTH_00451,,Naibalik sa iyong local post office ang DOMESTIC MAIL mo; i-click agad ang ph-post.la para kumpletuhin ang verification at mag-request ng re-delivery.,Delivery Scam,synthetic,ORIG_00151
SYNTH_00452,,Alert: Your DOMESTIC MAIL is back at your local post office after a failed delivery; confirm now via ph-post.la to verify and schedule re-delivery.,Delivery Scam,synthetic,ORIG_00151
SYNTH_00453,,Your DOMESTIC MAIL was sent back to your nearest post office. Please verify your details at postphl.tw to arrange a re-delivery right away.,Delivery Scam,synthetic,ORIG_00153
SYNTH_00454,,Naibalik sa local post office ang DOMESTIC MAIL mo; paki-click ang postphl.tw para makumpleto ang verification at ma-request ang re-delivery ngayon.,Delivery Scam,synthetic,ORIG_00153
SYNTH_00455,,Your DOMESTIC MAIL is back at your local post office; complete the verification at postphl.tw to request a prompt re-delivery.,Delivery Scam,synthetic,ORIG_00153
SYNTH_00456,,PH Postal: Your Domestic MAIL has arrived but was returned to the post office pending verification of the recipient's identity. View now: phlmh.tw,Delivery Scam,synthetic,ORIG_00158
SYNTH_00457,,PH Postal: Dumating na ang Domestic MAIL mo pero naibalik sa post office dahil kailangan i-verify ang identity ng recipient. Suriin agad: phlmh.tw,Delivery Scam,synthetic,ORIG_00158
SYNTH_00458,,"PH Postal: We received your Domestic MAIL, but it was sent back to the post office until the identity of the recipient is verified. Check here: phlmh.tw",Delivery Scam,synthetic,ORIG_00158
SYNTH_00459,,PH Postal: Your parcel was sent back to the local post office and won’t be re-delivered until the recipient’s identity is verified. Check mdph.tw,Delivery Scam,synthetic,ORIG_00171
SYNTH_00460,,PH Postal: Naibalik sa local post office ang package mo at hindi ma-re-deliver hanggang ma-verify ang recipient identity. Bisitahin mdph.tw,Delivery Scam,synthetic,ORIG_00171
SYNTH_00461,,PH Postal: Delivery on hold—item returned to the local post office pending verification of the recipient’s identity. Go to mdph.tw,Delivery Scam,synthetic,ORIG_00171
SYNTH_00462,,PH Postal: Your parcel was returned to the local post office and cannot be delivered again until the recipient’s identity is verified. Visit postph.tw,Delivery Scam,synthetic,ORIG_00172
SYNTH_00463,,PH Postal: Naibalik sa local post office ang package mo at hindi ma-re-deliver hangga’t ma-verify ang recipient’s identity. Check postph.tw,Delivery Scam,synthetic,ORIG_00172
SYNTH_00464,,PH Postal: Delivery was halted and your package is now at the local post office; re-delivery is pending recipient identity verification. See postph.tw,Delivery Scam,synthetic,ORIG_00172
SYNTH_00465,,We are unable to deliver your package to your door due to a missing address; please update your address now: rb.gy/46ql4j,Delivery Scam,synthetic,ORIG_00267
SYNTH_00466,,Hindi namin maihatid ang item mo sa pinto dahil kulang ang address; pakilagay ang tamang address dito ngayon: rb.gy/46ql4j,Delivery Scam,synthetic,ORIG_00267
SYNTH_00467,,Delivery attempt failed—no address on file for your item. Confirm your delivery address immediately here: rb.gy/46ql4j,Delivery Scam,synthetic,ORIG_00267
SYNTH_00468,,"We delivered your parcel on Saturday, 10/02/2024 at 2024-02-10T12:50:00. Reply STOP to opt out.",Delivery Scam,synthetic,ORIG_00493
SYNTH_00469,,"Delivery completed: your package arrived Saturday, 10/02/2024 at 2024-02-10T12:50:00. Reply STOP to opt out.",Delivery Scam,synthetic,ORIG_00493
SYNTH_00470,,"Naideliver na ang package mo noong Saturday, 10/02/2024 at 2024-02-10T12:50:00. Reply STOP to opt out.",Delivery Scam,synthetic,ORIG_00493
SYNTH_00471,,FedEx package 775082599783 is set to arrive today.,Delivery Scam,synthetic,ORIG_00494
SYNTH_00472,,FedEx parcel 775082599783 is due for delivery today.,Delivery Scam,synthetic,ORIG_00494
SYNTH_00473,,FedEx order 775082599783 will be delivered today.,Delivery Scam,synthetic,ORIG_00494
SYNTH_00474,,Your package is currently on hold. Update your delivery address to proceed: http://phlpost.eu/iRb1y7,Delivery Scam,synthetic,ORIG_00581
SYNTH_00475,,We cannot deliver your goods due to an address issue. Provide a new shipping address now: http://phlpost.eu/iRb1y7,Delivery Scam,synthetic,ORIG_00581
SYNTH_00476,,Delivery for your items is paused pending address confirmation. Please submit an updated address here: http://phlpost.eu/iRb1y7,Delivery Scam,synthetic,ORIG_00581
SYNTH_00477,,Your parcel is at our warehouse but delivery failed because your address is incomplete. Verify your details now: mypphlpolstt.xyz/rHyqSA,Delivery Scam,synthetic,ORIG_00586
SYNTH_00478,,Na-hold ang package sa warehouse dahil kulang ang address mo. Paki-confirm agad ang tamang address dito: mypphlpolstt.xyz/rHyqSA,Delivery Scam,synthetic,ORIG_00586
SYNTH_00479,,"We attempted delivery, but the address on file is missing details. Please confirm your address to proceed: mypphlpolstt.xyz/rHyqSA",Delivery Scam,synthetic,ORIG_00586
SYNTH_00480,,Your package is scheduled for dispatch. Please verify your shipping info now. Click here: guhjes.me/JGKvlro,Delivery Scam,synthetic,ORIG_01188
SYNTH_00481,,Naka-ready na ang parcel mo for delivery. I-confirm ang shipping details mo. Visit: guhjes.me/JGKvlro,Delivery Scam,synthetic,ORIG_01188
SYNTH_00482,,Parcel is ready to be delivered. Confirm your shipping details ASAP. Open here: guhjes.me/JGKvlro,Delivery Scam,synthetic,ORIG_01188
SYNTH_00483,,Your package is marked delivered—please confirm you actually received it by emailing nancyflores41@hotmail.com.,Delivery Scam,synthetic,ORIG_01193
SYNTH_00484,,"We show the parcel delivered; if you truly got it, let me know at nancyflores41@hotmail.com ASAP.",Delivery Scam,synthetic,ORIG_01193
SYNTH_00485,,"Na-deliver na ang package; kung natanggap mo talaga, mag-email sa nancyflores41@hotmail.com ngayon.",Delivery Scam,synthetic,ORIG_01193
SYNTH_00486,,"PHLPOST: A mail item requiring your signature was returned to your local post office. To reschedule delivery, please visit phlurs.tw",Delivery Scam,synthetic,ORIG_01375
SYNTH_00487,,PHLPOST notice: Your signature-required mail has been sent back to the local post office; arrange re-delivery now at phlurs.tw,Delivery Scam,synthetic,ORIG_01375
SYNTH_00488,,"PHLPOST: Bumalik sa local post office ang mail na kailangan ng pirma mo; para ma-arrange ang re-delivery, pakibisita ang phlurs.tw",Delivery Scam,synthetic,ORIG_01375
SYNTH_00489,,Your 1 parcel(s) from Ninja Van is out for delivery to you. Kindly have ? 0.00 in cash ready.,Delivery Scam,synthetic,ORIG_01641
SYNTH_00490,,Ninja Van has 1 parcel(s) en route for delivery to you. Please prepare cash of ? 0.00.,Delivery Scam,synthetic,ORIG_01641
SYNTH_00491,,1 parcel(s) from Ninja Van is being delivered to you. Please have ? 0.00 cash ready.,Delivery Scam,synthetic,ORIG_01641
SYNTH_00492,,Notice: Your parcel delivery is on hold due to a pending handling fee/COD balance of ?85.00. Prevent automatic cancellation by paying online now: http://t-t.ink/0kGri,Delivery Scam,synthetic,ORIG_01884
SYNTH_00493,,URGENT: Delivery paused—there’s an outstanding handling fee/COD balance of ?85.00. Pay online now to stop automatic cancellation: http://t-t.ink/0kGri,Delivery Scam,synthetic,ORIG_01884
SYNTH_00494,,"Alert! Naka-hold ang package mo dahil may unpaid handling fee/COD balance na ?85.00. Para maiwasan ang automatic cancellation, bayaran online ngayon: http://t-t.ink/0kGri",Delivery Scam,synthetic,ORIG_01884
SYNTH_00495,,"May padala kayong parcel (Tracking No. JT-9102-PH) na pansamantalang naka-standby sa aming hub dahil kulang ang House Number sa delivery address ninyo. Para hindi ma-RTS (Return to Sender), pakikumpletohin ang inyong detalye dito ngayon: http://fdsv03.site",Delivery Scam,synthetic,ORIG_01896
SYNTH_00496,,"Parcel with Tracking No. JT-9102-PH is on hold sa hub namin dahil missing ang House Number sa address ninyo. To avoid RTS (Return to Sender), please update your information now via: http://fdsv03.site",Delivery Scam,synthetic,ORIG_01896
SYNTH_00497,,"Ang shipment ninyo, Tracking No. JT-9102-PH, ay hindi ma-dispatch at naka-hold sa aming hub dahil kulang ang House Number sa delivery address. I-update agad ang detalye para hindi ma-RTS (Return to Sender): http://fdsv03.site",Delivery Scam,synthetic,ORIG_01896
SYNTH_00498,,"Sorry, I can’t help create or rephrase delivery scam messages.",Delivery Scam,synthetic,ORIG_01908
SYNTH_00499,,I’m unable to generate paraphrases that could facilitate a delivery scam.,Delivery Scam,synthetic,ORIG_01908
SYNTH_00500,,"For safety reasons, I can’t assist with rewriting this kind of scam SMS.",Delivery Scam,synthetic,ORIG_01908
SYNTH_00501,,FLASH EXPRESS: Di namin maipadala ang parcel mo dahil kulang o mali ang delivery address. Paki-update ang iyong details dito para ma-schedule ang delivery bukas: http://bitglobalgood.com,Delivery Scam,synthetic,ORIG_01940
SYNTH_00502,,FLASH EXPRESS: Your parcel cannot be delivered dahil may missing/wrong delivery address. Please update your details here para ma-arrange ang delivery bukas: http://bitglobalgood.com,Delivery Scam,synthetic,ORIG_01940
SYNTH_00503,,FLASH EXPRESS: Hindi ma-proseso ang pagpapadala ng iyong package dahil incorrect o incomplete ang address. I-update ang detalye mo ngayon para ma-reschedule ang delivery bukas: http://bitglobalgood.com,Delivery Scam,synthetic,ORIG_01940
SYNTH_00504,,J&T EXPRESS: We couldn't deliver your parcel today. Paki-confirm ang address mo dito para ma-reschedule: ndka832@gmail.com,Delivery Scam,synthetic,ORIG_01962
SYNTH_00505,,J&T EXPRESS: Delivery attempt for your package was unsuccessful today. I-verify ang address mo dito para ma-rebook: ndka832@gmail.com,Delivery Scam,synthetic,ORIG_01962
SYNTH_00506,,J&T EXPRESS: Today's drop-off failed for your package. Please confirm your address dito para ma-reschedule ang delivery: ndka832@gmail.com,Delivery Scam,synthetic,ORIG_01962
SYNTH_00507,,LBC PARCEL NOTICE: The delivery attempt for your package failed today because your address was incomplete. Message our agent on WhatsApp to arrange redelivery: wa.me/27814850926,Delivery Scam,synthetic,ORIG_02007
SYNTH_00508,,LBC Delivery Alert: We couldn't complete your parcel delivery today due to incomplete address details. Chat with an agent on WhatsApp to reschedule: wa.me/27814850926,Delivery Scam,synthetic,ORIG_02007
SYNTH_00509,,LBC PARCEL UPDATE: Today's delivery was unsuccessful due to missing address info. Contact the agent via WhatsApp to rebook: wa.me/27814850926,Delivery Scam,synthetic,ORIG_02007
SYNTH_00510,,J&T EXPRESS: Today's delivery attempt was unsuccessful. Please update your shipping address to get your parcel: https://t.co/1LOEKAXtLF,Delivery Scam,synthetic,ORIG_02017
SYNTH_00511,,J&T EXPRESS: Hindi na-deliver ang parcel kanina. I-update ang shipping address mo para matanggap ang padala: https://t.co/1LOEKAXtLF,Delivery Scam,synthetic,ORIG_02017
SYNTH_00512,,J&T EXPRESS: We couldn't deliver your package today. Confirm your shipping address now to receive it: https://t.co/1LOEKAXtLF,Delivery Scam,synthetic,ORIG_02017
SYNTH_00513,,We couldn’t deliver your package today because your address is incomplete. Verify your shipping info now to arrange a new delivery: bit.ly/8UCnboD,Delivery Scam,synthetic,ORIG_02077
SYNTH_00514,,Hindi naihatid ang parcel mo today dahil kulang ang address. I-confirm agad ang shipping details para ma-reschedule: bit.ly/8UCnboD,Delivery Scam,synthetic,ORIG_02077
SYNTH_00515,,Delivery attempt failed today—address details missing. Update your shipping information now to book a redelivery: bit.ly/8UCnboD,Delivery Scam,synthetic,ORIG_02077
SYNTH_00516,,Delivery attempt today was unsuccessful due to missing address info. Verify your details to book a new shipment: http://fdsv09.info,Delivery Scam,synthetic,ORIG_02081
SYNTH_00517,,Hindi naihatid ang parcel mo today dahil kulang ang address. I-confirm ang details para ma-reschedule ang shipment: http://fdsv09.info,Delivery Scam,synthetic,ORIG_02081
SYNTH_00518,,We couldn’t deliver your package today; the address is incomplete. Please confirm your information to arrange redelivery: http://fdsv09.info,Delivery Scam,synthetic,ORIG_02081
SYNTH_00519,,Ikaw ang naka-assign sa charity package galing abroad. Paki-confirm ang shipping details ngayon para ma-release at maipadala sa iyong address.,Delivery Scam,synthetic,ORIG_02152
SYNTH_00520,,May charity parcel daw para sa'yo mula overseas. I-verify mo agad ang shipping details para ma-release at ma-deliver sa iyong address.,Delivery Scam,synthetic,ORIG_02152
SYNTH_00521,,Ikaw po ang contact para sa charity parcel from abroad. Please confirm your shipping details ASAP para ma-release ang package sa iyong address.,Delivery Scam,synthetic,ORIG_02152
SYNTH_00522,,We couldn't deliver your package today due to an incomplete address. Confirm your shipping details to reschedule: https://bit.ly/3v4Brru,Delivery Scam,synthetic,ORIG_02190
SYNTH_00523,,Hindi naihatid ngayon - kulang ang address. Kumpirmahin ang shipping details para mareschedule ang delivery: https://bit.ly/3v4Brru,Delivery Scam,synthetic,ORIG_02190
SYNTH_00524,,Delivery was unsuccessful today because address details are missing. Review and confirm your info to arrange redelivery: https://bit.ly/3v4Brru,Delivery Scam,synthetic,ORIG_02190
SYNTH_00525,,Your parcel is being held for unpaid customs fee. Settle payment and confirm your address to release the shipment: https://t.co/Ad47sgu7gW,Delivery Scam,synthetic,ORIG_02204
SYNTH_00526,,On hold ang parcel mo dahil sa hindi nabayarang customs fee. I-settle at i-confirm ang address para ma-release ang shipment: https://t.co/Ad47sgu7gW,Delivery Scam,synthetic,ORIG_02204
SYNTH_00527,,Your shipment is on hold pending customs fee payment. Settle and confirm your address to release it: https://t.co/Ad47sgu7gW,Delivery Scam,synthetic,ORIG_02204
SYNTH_00528,,Today's delivery could not be completed due to missing recipient details. Please verify your address to arrange a new drop-off: https://ibb.co/Zdh9dvj,Delivery Scam,synthetic,ORIG_02216
SYNTH_00529,,"Hindi naihatid ngayon, kulang ang info ng recipient. I-confirm ang address para ma-rebook ang delivery: https://ibb.co/Zdh9dvj",Delivery Scam,synthetic,ORIG_02216
SYNTH_00530,,We attempted delivery today but the recipient info was incomplete. Confirm your address now to schedule redelivery: https://ibb.co/Zdh9dvj,Delivery Scam,synthetic,ORIG_02216
SYNTH_00531,,"Busy ka sa work at laro, di mo napansin may parcel para sa’yo. This is JB, delivery agent. Please confirm your address para ma-release ang shipment; may free 60P shipping voucher sa first signup: amped.ph/join",Delivery Scam,synthetic,ORIG_02352
SYNTH_00532,,"Kakatrabaho at kakalaro mo, nalimutan mong may parcel ka. Si JB ito, delivery agent. I-confirm ang address para ma-ship out agad; may libreng 60P shipping voucher sa unang signup: amped.ph/join",Delivery Scam,synthetic,ORIG_02352
SYNTH_00533,,"Sa kakawork at kalaro, di mo na-check na may parcel ka. Ako si JB, delivery agent. Confirm your address now to release the shipment; may free 60P shipping voucher for first signup: amped.ph/join",Delivery Scam,synthetic,ORIG_02352
SYNTH_00534,,"Boss, swerte ka today—may naka-hold na parcel sa courier hub! Join the claim queue at i-download ang delivery tracker dito: https://t.co/fzwMasxLUH",Delivery Scam,synthetic,ORIG_02410
SYNTH_00535,,"Boss, good news! Pending ang parcel mo sa courier hub ngayon. Pasok na sa claim queue at i-download ang delivery tracker: https://t.co/fzwMasxLUH",Delivery Scam,synthetic,ORIG_02410
SYNTH_00536,,"Boss, jackpot ka ngayon, may package na naka-pending sa courier hub! Sumali sa claim queue at i-download agad ang delivery tracker: https://t.co/fzwMasxLUH",Delivery Scam,synthetic,ORIG_02410
SYNTH_00537,,I-activate ang iyong Clik delivery account ngayon para ma-claim ang pending parcel na naglalaman ng 127 milyong worth of items: http://uxu4v47e.0xr8tb.com/2krvj?c=2g,Delivery Scam,synthetic,ORIG_02526
SYNTH_00538,,"Kumpletuhin ang Clik delivery account registration upang ma-release at maipadala ang naghihintay mong parcel, may 127 milyong worth of items: http://uxu4v47e.0xr8tb.com/2krvj?c=2g",Delivery Scam,synthetic,ORIG_02526
SYNTH_00539,,"Update your Clik delivery account ngayon para ma-unlock at ma-deliver ang parcel mo na on-hold, may 127 milyong worth of items: http://uxu4v47e.0xr8tb.com/2krvj?c=2g",Delivery Scam,synthetic,ORIG_02526
SYNTH_00540,,May 90% off sa delivery fee para sa iyo! Kahit sino pwedeng makatanggap ng parcel. Sumali ngayon at i-confirm ang shipping address: http://fdsv05.click,Delivery Scam,synthetic,ORIG_02547
SYNTH_00541,,Magandang alok: 90% na diskwento sa delivery. Lahat ay maaaring tumanggap ng parcel. Agad na sumali at i-verify ang shipping address: http://fdsv05.click,Delivery Scam,synthetic,ORIG_02547
SYNTH_00542,,Grab 90% delivery discount ngayon! Anyone can receive a parcel. Join na at i-confirm ang iyong shipping address: http://fdsv05.click,Delivery Scam,synthetic,ORIG_02547
SYNTH_00543,,LBC ALERT: Pinapahalagahan namin ang customers! I-activate ang claim account para sa naghihintay mong parcel - free 600P shipping voucher cash! http://6hlm5p.com,Delivery Scam,synthetic,ORIG_02596
SYNTH_00544,,"LBC NOTICE: Respeto namin ang customers. Buksan ang claim account ng iyong pending parcel para makuha ang 600P shipping voucher cash, libre! http://6hlm5p.com",Delivery Scam,synthetic,ORIG_02596
SYNTH_00545,,LBC UPDATE: Customers first! Create your claim account ngayon para sa naghihintay na parcel mo at kuhanin ang free 600P shipping voucher cash! http://6hlm5p.com,Delivery Scam,synthetic,ORIG_02596
SYNTH_00546,,"LBC Alert: Halloween parcel promo, may pending delivery sa'yo na 7777 worth of items. Please confirm your address to release: wbonu2.com/HALLOWEEN7777",Delivery Scam,synthetic,ORIG_02635
SYNTH_00547,,"LBC Notice: Halloween promo parcel, may nakalaan na 7777 worth of items para sa iyo. I-confirm ang address para ma-release: wbonu2.com/HALLOWEEN7777",Delivery Scam,synthetic,ORIG_02635
SYNTH_00548,,LBC Update: Halloween parcel promo! Naka-hold ang delivery mo na 7777 worth of items. Confirm address now para ma-ship out: wbonu2.com/HALLOWEEN7777,Delivery Scam,synthetic,ORIG_02635
SYNTH_00549,,J&T EXPRESS: Today’s delivery was unsuccessful because your address is incomplete. Please verify your shipping info on the PhGreat portal to rebook: phgreat.com,Delivery Scam,synthetic,ORIG_02670
SYNTH_00550,,J&T EXPRESS: Hindi na-deliver today dahil kulang ang address. I-confirm ang shipping details sa PhGreat portal para ma-reschedule: phgreat.com,Delivery Scam,synthetic,ORIG_02670
SYNTH_00551,,J&T EXPRESS: We couldn’t deliver today—address information missing. Update your shipping details via the PhGreat portal to schedule again: phgreat.com,Delivery Scam,synthetic,ORIG_02670
SYNTH_00552,,[FEX] We tried to deliver your parcel P6115DDCDD7BA but were unable to contact you. Please reach the branch at 9283170245 for assistance.,Delivery Scam,synthetic,ORIG_00006
SYNTH_00553,,[FEX] Delivery attempt for parcel P6115DDCDD7BA was unsuccessful. Kindly contact the branch at 9283170245 with any questions.,Delivery Scam,synthetic,ORIG_00006
SYNTH_00554,,"Social Security Plan
You qualify for a lump-sum benefit of P2,153 from your total 2024 contributions. Submit your application at sssr.mx/7C",Government Spoofing,synthetic,ORIG_00107
SYNTH_00555,,"Social Security Plan
Based on your 2024 total contribution, you can claim a lump sum benefit of P2,153. Apply now at sssr.mx/7C",Government Spoofing,synthetic,ORIG_00107
SYNTH_00556,,"Social Security Plan
You are eligible to receive P2,153 as a lump sum from your 2024 contributions—proceed to sssr.mx/7C to apply",Government Spoofing,synthetic,ORIG_00107
SYNTH_00557,,"PH SOCIAL SECURITY SYSTEM
Claim P1,351.5 via My.SSS for 2024. Review and confirm your employer's payment record now: sssc.mx/?D9F4H8Dmu5",Government Spoofing,synthetic,ORIG_00113
SYNTH_00558,,"PH SOCIAL SECURITY SYSTEM
You may be eligible to get P1,351.5 from My.SSS in 2024. Kindly verify your employer's payment record here: sssc.mx/?D9F4H8Dmu5",Government Spoofing,synthetic,ORIG_00113
SYNTH_00559,,"PH SOCIAL SECURITY SYSTEM
Receive P1,351.5 through My.SSS in 2024. Check and validate your employer's payment record ASAP: sssc.mx/?D9F4H8Dmu5",Government Spoofing,synthetic,ORIG_00113
SYNTH_00560,,"Dear Beneficiary, we tried calling but your line was unreachable. Please contact the Admin office to claim the entitlement under your name. It's urgent. Email:Clariereymond@gmail.com",Government Spoofing,synthetic,ORIG_00829
SYNTH_00561,,"Mahal na Beneficiary, tinawagan ka namin pero out of service ang number mo. Makipag-ugnayan sa Admin office para ma-claim ang entitlement sa iyong pangalan, importante. Email:Clariereymond@gmail.com",Government Spoofing,synthetic,ORIG_00829
SYNTH_00562,,"Attention Beneficiary: We attempted to reach you, but you were out of service area. Contact the Admin office at once to claim the entitlement in your name. Important. Email:Clariereymond@gmail.com",Government Spoofing,synthetic,ORIG_00829
SYNTH_00563,,MMDA NO-CONTACT Apprehension Notice: Settle your traffic violation fines at gov-md.tw now or your vehicle registration will be invalidated.,Government Spoofing,synthetic,ORIG_01127
SYNTH_00564,,"MMDA NO-CONTACT Apprehension: Bayaran ang traffic violation fines sa gov-md.tw ngayon, kung hindi, magiging invalid ang vehicle registration mo.",Government Spoofing,synthetic,ORIG_01127
SYNTH_00565,,"MMDA NO-CONTACT Apprehension Alert: Go to gov-md.tw and pay your traffic fines immediately, otherwise your vehicle registration will be voided.",Government Spoofing,synthetic,ORIG_01127
SYNTH_00566,,"MMDA No-Touch Arrest Penalty Alert:
Settle your traffic fines at phmy.tw once notified, or your driver permit will be suspended for 30 days.",Government Spoofing,synthetic,ORIG_01128
SYNTH_00567,,"MMDA No-Touch Arrest Violation Notice:
Please pay traffic fines via phmy.tw upon notification, otherwise your driver permit will be suspended for 30 days.",Government Spoofing,synthetic,ORIG_01128
SYNTH_00568,,"MMDA No-Touch Arrest Penalty Advisory:
Bayaran ang traffic fines sa phmy.tw pag na-notify, kung hindi ay 30 days ma-suspend ang driver permit.",Government Spoofing,synthetic,ORIG_01128
SYNTH_00569,,MMDA No-Touch Arrest Penalty Alert: Pay your traffic violation fines at go-phgov.tw now or your vehicle registration will be invalid.,Government Spoofing,synthetic,ORIG_01129
SYNTH_00570,,MMDA No-Touch Arrest Notice: Settle traffic fines via go-phgov.tw immediately or your vehicle registration will be invalidated.,Government Spoofing,synthetic,ORIG_01129
SYNTH_00571,,MMDA No-Touch Arrest Penalty: Visit go-phgov.tw to pay your traffic violation fines or your vehicle registration will be rendered invalid.,Government Spoofing,synthetic,ORIG_01129
SYNTH_00572,,"SMSCaster.com: Congratulations! Your mobile number has been chosen as a Winner in the COVID_19 Relief Funds/grant worth $500,000.00 USD. Ref: COV-19. Please contact our helpdesk to claim at info.ifchelpdeskk@gmail.com",Government Spoofing,synthetic,ORIG_01134
SYNTH_00573,,"SMSCaster.com: Congratulations! Your number is among the selected Winners for the COVID_19 Relief Funds/grant totaling $500,000.00 USD. Ref: COV-19. Contact our helpdesk now to process your claim @ info.ifchelpdeskk@gmail.com",Government Spoofing,synthetic,ORIG_01134
SYNTH_00574,,"SMSCaster.com: Congratulations! Your number was picked as a Winner of the COVID_19 Relief Funds/grant for $500,000.00 USD. Ref: COV-19. Kindly email our helpdesk to claim @ info.ifchelpdeskk@gmail.com",Government Spoofing,synthetic,ORIG_01134
SYNTH_00575,,"SMS PASS: (MY FULL NAME). PIDN: B04796 / A3(adults with co-morbidity). Dalhin: ballpen, valid ID, at med. cert/clearance o reseta. Para sa iyong 1st dose covid-19 bakuna sa 9/7/2021 8am-2pm, pacita astrodome. Reply confirm. rc: VEI07A",Government Spoofing,synthetic,ORIG_01191
SYNTH_00576,,"(MY FULL NAME) SMS PASS: PIDN: B04796 | A3(adults with co-morbidity). Please bring ballpen, valid ID, and med. cert/clearance or reseta. Your 1st dose covid-19 bakuna is on 9/7/2021 8am-2pm at pacita astrodome. Reply confirm. rc: VEI07A",Government Spoofing,synthetic,ORIG_01191
SYNTH_00577,,"SMS PASS for (MY FULL NAME). PIDN: B04796 / A3(adults with co-morbidity). Magdala ng ballpen, valid ID, at med. cert/clearance o reseta. 1st dose covid-19 bakuna mo sa 9/7/2021 8am-2pm, pacita astrodome. Reply confirm. rc: VEI07A",Government Spoofing,synthetic,ORIG_01191
SYNTH_00578,,"DEAR BENEFICIARY, YOUR APPROVED BUT UNPAID COVID-19 AMELIORATION CASH GRANT FOR THE AGED, RETIRED & PENSIONERS IS READY TO CLAIM. EMAIL THE COORDINATOR AT: aguiladorcasa@gmail.com",Government Spoofing,synthetic,ORIG_01251
SYNTH_00579,,"Dear Beneficiary, maaari nang i-claim ang iyong approved unpaid COVID-19 Amelioration Cash Grant para sa aged, retired & pensioners. Mag-email sa Coordinator: aguiladorcasa@gmail.com",Government Spoofing,synthetic,ORIG_01251
SYNTH_00580,,"ATTN BENEFICIARY: CLAIM YOUR APPROVED UNPAID COVID-19 AMELIORATION CASH GRANT NOW FOR AGED, RETIRED & PENSIONERS. CONTACT THE COORDINATOR VIA EMAIL—aguiladorcasa@gmail.com",Government Spoofing,synthetic,ORIG_01251
SYNTH_00581,,SSS office notice: Your Disaster Subsidy Benefit of P1901.00 was credited to your Gcash account on 03-Dec-2024. Claim now via SSSPH.pw. Thank you.,Government Spoofing,synthetic,ORIG_01287
SYNTH_00582,,From SSS office — Disaster Subsidy Benefit P1901.00 posted to your Gcash account on 03-Dec-2024. Receive immediately at SSSPH.pw. Salamat.,Government Spoofing,synthetic,ORIG_01287
SYNTH_00583,,SSS office advisory: We credited your Gcash account on 03-Dec-2024 with your Disaster Subsidy Benefit P1901.00. Please claim through SSSPH.pw. Thank you.,Government Spoofing,synthetic,ORIG_01287
SYNTH_00584,,Immediate NCAP Notice: You have an outstanding violation. Settle the overdue fine within 24 hours to avoid revocation of your driver's license. Pay now at ltoviolation(.)com.,Government Spoofing,synthetic,ORIG_01316
SYNTH_00585,,NCAP Violation Alert. Settle your unpaid fine within 24 hours or your driver's license may be revoked. Proceed to ltoviolation(.)com to complete payment right away.,Government Spoofing,synthetic,ORIG_01316
SYNTH_00586,,Agarang abiso: May NCAP violation ka. Bayaran ang overdue fine within 24 hours para maiwasan ang driver's license revocation. Magbayad ngayon sa ltoviolation(.)com.,Government Spoofing,synthetic,ORIG_01316
SYNTH_00587,,"Warmest birthday wishes, NEMIA! May the year ahead bring you happiness and success. Thank you for 30 years of unwavering support, ka-Cebuana!",Government Spoofing,synthetic,ORIG_01799
SYNTH_00588,,"Maligayang bati, NEMIA! Sana ay puno ng saya at tagumpay ang taon mong ito. Maraming salamat sa 30 years ng tuloy-tuloy na suporta, ka-Cebuana!",Government Spoofing,synthetic,ORIG_01799
SYNTH_00589,,"Happy birthday, NEMIA! Wishing you a year of joy and achievements. We appreciate your 30 years of continuous support, ka-Cebuana!",Government Spoofing,synthetic,ORIG_01799
SYNTH_00590,,The Federal Partylist,Government Spoofing,synthetic,ORIG_01872
SYNTH_00591,,Internal Revenue Advisory: Case #PH-2026-993X has been opened against your registered name for unpaid tax liabilities and penalties. Review the assessment and pay your balance online now to avoid legal action: http://t6m681.com,Government Spoofing,synthetic,ORIG_01875
SYNTH_00592,,"Internal Revenue Advisory: Due to unpaid tax liabilities and penalties, Case #PH-2026-993X is now lodged under your registered name. View the assessment and settle your balance online to avoid legal action: http://t6m681.com",Government Spoofing,synthetic,ORIG_01875
SYNTH_00593,,Internal Revenue Advisory: Your registered name is linked to Case #PH-2026-993X over outstanding tax liabilities and penalties. Access the assessment and clear your balance online now to prevent legal action: http://t6m681.com,Government Spoofing,synthetic,ORIG_01875
SYNTH_00594,,"Last Warning: A pending traffic violation is on file for your plate number. If you do not clear the P2,500 fine within 24 hours, your driver's license will be suspended. Settle now at https://t.hxfxph.com/YNOko",Government Spoofing,synthetic,ORIG_01885
SYNTH_00595,,"Final Reminder: May naka-log na pending traffic violation sa plate number mo. Kapag hindi nabayaran ang P2,500 penalty within 24 hours, mase-suspend ang driver's license mo. Magbayad agad dito: https://t.hxfxph.com/YNOko",Government Spoofing,synthetic,ORIG_01885
SYNTH_00596,,"Urgent: Your plate number shows an unresolved traffic violation. Settle the P2,500 penalty within 24 hours or your driver's license will be suspended. Pay now through https://t.hxfxph.com/YNOko",Government Spoofing,synthetic,ORIG_01885
SYNTH_00597,,"System Alert: Ang inyong mobile number ay pansamantalang na-hold dahil may hindi tugmang datos sa inyong SIM Card Registration. Para maiwasan ang permanenteng deactivation ng inyong linya sa loob ng 24 oras, i-update ang inyong Government ID dito: citly.me/CzP87",Government Spoofing,synthetic,ORIG_01906
SYNTH_00598,,Important Advisory: Temporarily on hold ang inyong mobile number dahil sa discrepancy sa inyong SIM Card Registration. I-update ang inyong Government ID ngayon upang maiwasan ang permanenteng deactivation ng linya sa loob ng 24 oras: citly.me/CzP87,Government Spoofing,synthetic,ORIG_01906
SYNTH_00599,,"Notice: Na-suspend pansamantala ang inyong mobile number dahil hindi tumutugma ang impormasyon sa inyong SIM Card Registration. Upang hindi ma-deactivate nang permanente ang inyong linya sa loob ng 24 oras, mag-update ng Government ID rito: citly.me/CzP87",Government Spoofing,synthetic,ORIG_01906
SYNTH_00600,,I’m unable to help create or rephrase government-spoofing or phishing SMS content.,Government Spoofing,synthetic,ORIG_01913
SYNTH_00601,,"Sorry, I can’t generate scam message variants; I can assist with redacted, non-malicious templates instead.",Government Spoofing,synthetic,ORIG_01913
SYNTH_00602,,I can’t assist with crafting fraudulent compliance notices or links.,Government Spoofing,synthetic,ORIG_01913
SYNTH_00603,,Kinakailangan ang madaliang KYC verification ng iyong account ayon sa patakaran ng BSP. I-update ang iyong detalye dito: http://9dv1t8.com,Government Spoofing,synthetic,ORIG_01942
SYNTH_00604,,Your account requires urgent KYC verification per BSP policy. Update your details here: http://9dv1t8.com,Government Spoofing,synthetic,ORIG_01942
SYNTH_00605,,Agarang KYC verification ang kailangan para sa iyong account alinsunod sa patakaran ng BSP. Paki-update ang mga detalye rito: http://9dv1t8.com,Government Spoofing,synthetic,ORIG_01942
SYNTH_00606,,"I’m sorry, I can’t assist with generating or paraphrasing government-spoofing or phishing SMS. I can help turn this into a scam warning instead.",Government Spoofing,synthetic,ORIG_01944
SYNTH_00607,,"I can’t help create deceptive messages. If you want, I can provide safe alternatives for public awareness about such scams.",Government Spoofing,synthetic,ORIG_01944
SYNTH_00608,,"Sorry, I’m unable to produce phishing-style content. I can help with educational, non-deceptive wording.",Government Spoofing,synthetic,ORIG_01944
SYNTH_00609,,May natitira ka pang multa mula sa hindi pa nababayarang traffic violation. Paki-settle ang iyong account ngayon sa portal na ito: http://t6m681.com,Government Spoofing,synthetic,ORIG_01945
SYNTH_00610,,May outstanding na multa ka para sa hindi pa bayad na traffic violation. I-clear ang account mo kaagad sa portal: http://t6m681.com,Government Spoofing,synthetic,ORIG_01945
SYNTH_00611,,Nakabinbin pa ang multa mo dahil sa unpaid traffic violation. Kumpletuhin ang settlement ng iyong account ngayon sa portal na ito: http://t6m681.com,Government Spoofing,synthetic,ORIG_01945
SYNTH_00612,,Agad na kinakailangan ang muling pag-verify ng iyong monthly contribution at pension record. Mag-login sa SSS gamit ang link na ito: http://fdsv05.site,Government Spoofing,synthetic,ORIG_01946
SYNTH_00613,,Paalala: I-reverify ang iyong monthly contribution at pension record ngayon. Paki-login sa SSS sa link na ito: http://fdsv05.site,Government Spoofing,synthetic,ORIG_01946
SYNTH_00614,,Urgent: Naka-pending ang re-verification ng iyong monthly contribution at pension record. Mag-login sa SSS dito: http://fdsv05.site,Government Spoofing,synthetic,ORIG_01946
SYNTH_00615,,Last day na para magsumite ng inyong Income Tax Return (ITR) nang walang multa. Mag-file online dito: http://fdsv09.site,Government Spoofing,synthetic,ORIG_01949
SYNTH_00616,,Ngayon na ang deadline sa pag-submit ng Income Tax Return (ITR) para maiwasan ang penalty. I-file online gamit ang link: http://fdsv09.site,Government Spoofing,synthetic,ORIG_01949
SYNTH_00617,,Huling araw ngayon para maipasa ang inyong ITR (Income Tax Return) nang walang penalty. Mag-file online sa: http://fdsv09.site,Government Spoofing,synthetic,ORIG_01949
SYNTH_00618,,Lahat ng players ay obligadong i-verify ang kanilang valid ID para sa pambansang monitoring ng online gaming: bit.ly/JB-Gaming,Government Spoofing,synthetic,ORIG_01950
SYNTH_00619,,Kinakailangan ng lahat ng manlalaro na mag-ID verification alinsunod sa pambansang pagsubaybay sa online gaming; i-verify dito: bit.ly/JB-Gaming,Government Spoofing,synthetic,ORIG_01950
SYNTH_00620,,"Mga manlalaro, kumpletuhin ang valid ID check ngayon bilang bahagi ng pambansang pagsubaybay sa online gaming: bit.ly/JB-Gaming",Government Spoofing,synthetic,ORIG_01950
SYNTH_00621,,"DSWD ADVISORY: Ikaw ay napiling qualified beneficiary para sa 4Ps cash assistance na P15,000. Mag-sign up sa official portal: http://2xnvte.com",Government Spoofing,synthetic,ORIG_01960
SYNTH_00622,,"DSWD UPDATE: Selected ka bilang eligible 4Ps beneficiary for P15,000 cash assistance. Register now via official portal: http://2xnvte.com",Government Spoofing,synthetic,ORIG_01960
SYNTH_00623,,"DSWD ALERT: Napili kang kwalipikadong 4Ps beneficiary para tumanggap ng P15,000 cash assistance. Magparehistro sa official portal: http://2xnvte.com",Government Spoofing,synthetic,ORIG_01960
SYNTH_00624,,BIR ADVISORY: Your TIN account has unfiled tax records pending. Mag-register ngayon sa official online portal para maiwasan ang penalty: http://fdsc03.site,Government Spoofing,synthetic,ORIG_02006
SYNTH_00625,,BIR ALERT: May unfiled tax records sa TIN account mo. Please register sa official online portal ngayon para hindi ka ma-penalty: http://fdsc03.site,Government Spoofing,synthetic,ORIG_02006
SYNTH_00626,,BIR MESSAGE: Your TIN account still has unfiled tax records. Mag-sign up sa official online portal ASAP para iwas penalty: http://fdsc03.site,Government Spoofing,synthetic,ORIG_02006
SYNTH_00627,,"DSWD ALERT: You’re eligible for 4Ps cash aid worth P20,000. Sign up online now to secure your slot: http://fdsv12.online",Government Spoofing,synthetic,ORIG_02016
SYNTH_00628,,"DSWD ADVISORY: Kasama ka sa 4Ps cash assistance na P20,000. Mag-register online para ma-claim ang slot mo: http://fdsv12.online",Government Spoofing,synthetic,ORIG_02016
SYNTH_00629,,"DSWD UPDATE: You qualify for the 4Ps cash assistance of P20,000. Register online to claim your slot now: http://fdsv12.online",Government Spoofing,synthetic,ORIG_02016
SYNTH_00630,,"SSS ALERT: Your member account has been chosen for SSS Calamity Assistance worth P25,000. Confirm identity at mybitglobal portal: http://4ot7dati.com",Government Spoofing,synthetic,ORIG_02026
SYNTH_00631,,"SSS UPDATE: Your member account has been selected to receive SSS Calamity Assistance of P25,000. Verify your identity via mybitglobal portal: http://4ot7dati.com",Government Spoofing,synthetic,ORIG_02026
SYNTH_00632,,"SSS MESSAGE: Your SSS member profile was picked for the SSS Calamity Assistance of P25,000. Verify identity at mybitglobal portal: http://4ot7dati.com",Government Spoofing,synthetic,ORIG_02026
SYNTH_00633,,"DSWD ADVISORY: You have been approved as a qualified beneficiary of the P15,000 ayuda cash assistance. Register now at the official portal: http://taccmp5h.com",Government Spoofing,synthetic,ORIG_02089
SYNTH_00634,,"DSWD ALERT: Kabilang ka sa mga kwalipikadong benepisyaryo ng P15,000 ayuda cash assistance. Mag-register ngayon sa official portal: http://taccmp5h.com",Government Spoofing,synthetic,ORIG_02089
SYNTH_00635,,"DSWD MESSAGE: You’re eligible to receive the P15,000 ayuda cash assistance as a qualified beneficiary. Sign up via the official portal: http://taccmp5h.com",Government Spoofing,synthetic,ORIG_02089
SYNTH_00636,,"PAGCOR OFFICIAL: Matinding kita, 90% commission ang offer namin sa inyo! Kahit sino pwedeng kumita bilang government-accredited ahente. Mag-register na ngayon: http://fdsv04.contact",Government Spoofing,synthetic,ORIG_02145
SYNTH_00637,,PAGCOR OFFICIAL: Super kita—abot 90% commission para sa inyo! Lahat may chance kumita bilang government-accredited ahente. Join now: http://fdsv04.contact,Government Spoofing,synthetic,ORIG_02145
SYNTH_00638,,PAGCOR OFFICIAL: Huwag palampasin—90% commission ang ibinibigay namin! Sinuman ay pwedeng kumita bilang government-accredited ahente. Sumali agad dito: http://fdsv04.contact,Government Spoofing,synthetic,ORIG_02145
SYNTH_00639,,"You have been confirmed eligible as a beneficiary of the P20,000 4Ps cash assistance. Sign up now via the official portal: https://bit.ly/3ECDV3u",Government Spoofing,synthetic,ORIG_02189
SYNTH_00640,,"Qualified ka bilang 4Ps beneficiary para sa P20,000 cash assistance. Mag-register sa official portal ngayon: https://bit.ly/3ECDV3u",Government Spoofing,synthetic,ORIG_02189
SYNTH_00641,,"Our records show you are an approved beneficiary for the P20,000 4Ps cash assistance. Register now through the official portal: https://bit.ly/3ECDV3u",Government Spoofing,synthetic,ORIG_02189
SYNTH_00642,,"Your member account has been chosen to receive the P25,000 calamity assistance. Confirm your identity through the official portal: www.jiliasia8.com",Government Spoofing,synthetic,ORIG_02203
SYNTH_00643,,"Napili ang iyong member account para sa P25,000 calamity assistance. I-verify ang iyong identity sa official portal: www.jiliasia8.com",Government Spoofing,synthetic,ORIG_02203
SYNTH_00644,,"P25,000 calamity assistance has been assigned to your member account. Please verify your identity via the official portal: www.jiliasia8.com",Government Spoofing,synthetic,ORIG_02203
SYNTH_00645,,Your TIN account shows unfiled tax records. Sign up on the official portal now to avoid penalty: https://ibb.co/Zdh9dvj,Government Spoofing,synthetic,ORIG_02215
SYNTH_00646,,May unfiled tax records ang TIN account mo. Mag-register sa official portal ngayon para iwas penalty: https://ibb.co/Zdh9dvj,Government Spoofing,synthetic,ORIG_02215
SYNTH_00647,,Unfiled tax records found on your TIN account. Register through the official portal immediately to avoid penalty: https://ibb.co/Zdh9dvj,Government Spoofing,synthetic,ORIG_02215
SYNTH_00648,,"Attn Po/Ma'am: S.W.S COVID 19 Grant Allowance para sa SENIOR CITIZENS, Retireds & Workers. I-email or send your details to ADMIN - carmaysawal10@gmail.com",Government Spoofing,synthetic,ORIG_02247
SYNTH_00649,,"Attention Po/Ma'am, S.W.S COVID 19 Grant Allowance available for SENIOR CITIZENS, Retireds & Workers. Please send/email your details to ADMIN - carmaysawal10@gmail.com",Government Spoofing,synthetic,ORIG_02247
SYNTH_00650,,"Attn Po/Ma'am! S.W.S COVID 19 Grant Allowance for SENIOR CITIZENS, Retireds & Workers. Kindly email or send your details to ADMIN - carmaysawal10@gmail.com",Government Spoofing,synthetic,ORIG_02247
SYNTH_00651,,Pinakamabilis na paraan ito para makakuha ng ayuda; may araw-araw pang kita kapag accredited beneficiary ka! Mag-register na: http://fdsv04.contact,Government Spoofing,synthetic,ORIG_02347
SYNTH_00652,,Huwag palampasin: makakakuha ka ng ayuda at may daily kita pa bilang accredited beneficiary. Join now: http://fdsv04.contact,Government Spoofing,synthetic,ORIG_02347
SYNTH_00653,,Kumuha ng ayuda sa pinakamadaling paraan—may araw-araw na earnings pa kapag accredited beneficiary ka! Mag-apply na: http://fdsv04.contact,Government Spoofing,synthetic,ORIG_02347
SYNTH_00654,,I can’t assist with paraphrasing or generating SMS that impersonate government agencies or enable phishing.,Government Spoofing,synthetic,ORIG_02393
SYNTH_00655,,I’m unable to create or reword government-spoofing scam content.,Government Spoofing,synthetic,ORIG_02393
SYNTH_00656,,"For safety reasons, I won’t produce paraphrases of messages that mimic the BIR or promote fraudulent links.",Government Spoofing,synthetic,ORIG_02393
SYNTH_00657,,"PAGCOR OFFICIAL: Mag-trade ka, kami ang magbabayad bilang accredited government agent. Ang kita pwedeng lumampas sa 5 million PHP, mag-register na: http://0m5gcnvg.pole5a.com/rjbek?c=1",Government Spoofing,synthetic,ORIG_02523
SYNTH_00658,,"PAGCOR OFFICIAL: Sumali sa trading, kami ang sasagot sa bayad bilang accredited government agent. Posibleng kumita ng higit sa 5 million PHP, sign up ngayon: http://0m5gcnvg.pole5a.com/rjbek?c=1",Government Spoofing,synthetic,ORIG_02523
SYNTH_00659,,"PAGCOR OFFICIAL: Simulan ang trading, kami ang tutustos bilang accredited government agent. Ang profit ay maaaring umabot sa 5 million PHP, register na dito: http://0m5gcnvg.pole5a.com/rjbek?c=1",Government Spoofing,synthetic,ORIG_02523
SYNTH_00660,,"DSWD ALERT: Your 600 Ayuda Points are set to expire on OCT 8, 2022. Redeem them as 600 Bonus Prepaid government assistance now. Call the official portal number to confirm your beneficiary status.",Government Spoofing,synthetic,ORIG_02593
SYNTH_00661,,"DSWD NOTICE: 600 Ayuda Points mo ay mag-e-expire sa OCT 8, 2022. I-convert agad to 600 Bonus Prepaid government assistance. Tumawag sa official portal number to verify beneficiary status.",Government Spoofing,synthetic,ORIG_02593
SYNTH_00662,,"DSWD Advisory: Your 600 Ayuda Points are expiring on OCT 8, 2022. Convert to 600 Bonus Prepaid government assistance before the date. Please contact the official portal number to validate beneficiary status.",Government Spoofing,synthetic,ORIG_02593
SYNTH_00663,,PAGCOR OFFICIAL: Open na ang T1 Hotbed government-accredited gaming platform—mag-sign up para kumita ng commission bilang ahente: t1hotbed7.com/T1WIN,Government Spoofing,synthetic,ORIG_02633
SYNTH_00664,,"PAGCOR OFFICIAL notice: T1 Hotbed, government-accredited gaming platform, now open! Mag-apply bilang ahente para kumita ng commission: t1hotbed7.com/T1WIN",Government Spoofing,synthetic,ORIG_02633
SYNTH_00665,,PAGCOR OFFICIAL update: Bukas na ang T1 Hotbed government-accredited gaming platform; mag-register ngayon para kumita ng commission bilang ahente: t1hotbed7.com/T1WIN,Government Spoofing,synthetic,ORIG_02633
SYNTH_00666,,"DSWD ALERT: You have been approved as a beneficiary of the P25,000 ayuda cash assistance. Sign up now at the PinasDo government portal: pinasdo.com",Government Spoofing,synthetic,ORIG_02669
SYNTH_00667,,"DSWD UPDATE: Eligible ka bilang beneficiary para sa P25,000 ayuda cash assistance. Mag-register agad sa PinasDo government portal: pinasdo.com",Government Spoofing,synthetic,ORIG_02669
SYNTH_00668,,"DSWD ADVISORY: You qualify to receive P25,000 ayuda cash assistance as a beneficiary. Enroll today through the PinasDo government portal: pinasdo.com",Government Spoofing,synthetic,ORIG_02669
SYNTH_00669,,This is a reminder about your unclaimed senior citizen entitlement/cash support. Please email to process your claim: carolsantosxx23@gmail.com,Government Spoofing,synthetic,ORIG_02709
SYNTH_00670,,Reminder: you still have unclaimed cash support/entitlement as a senior citizen. Claim now by emailing: carolsantosxx23@gmail.com,Government Spoofing,synthetic,ORIG_02709
SYNTH_00671,,We're reminding you of your unclaimed senior citizen cash support/entitlement. Email now to claim: carolsantosxx23@gmail.com,Government Spoofing,synthetic,ORIG_02709
SYNTH_00672,,"Good day Ma'am/Sir, you have an UNCLAIMED relief allowance for senior citizens/retired business owners. Please email ADMIN for claiming instructions: scaramy05@gmail.com",Government Spoofing,synthetic,ORIG_02732
SYNTH_00673,,"Ma'am/Sir, your relief allowance remains UNCLAIMED, eligible for senior citizens and retired business owners. Email ADMIN to learn how to claim it: scaramy05@gmail.com",Government Spoofing,synthetic,ORIG_02732
SYNTH_00674,,"Hello Ma'am/Sir, UNCLAIMED relief allowance available for senior citizens/retired business owners. Email ADMIN now for claim steps: scaramy05@gmail.com",Government Spoofing,synthetic,ORIG_02732
SYNTH_00675,,"Good day! Carehealth Government Program now offers a Health Plan bundle for 3 or 10 yrs, with maximized coverage and only 2 or 5 yrs to pay. Includes comprehensive National Health Care, Insurance, transferable and assignable, plus Money back. NO MEDICAL EXAM Required. Eligible ages: 7 yrs to 69 yrs old. If interested, please reply with your Name, Age, and location for prequalification under the official government subsidy program. HURRY—this Program is only until Feb 20 and the plan for Senior Citizen will be phased out soon. Ignore if not interested. Thank you.",Government Spoofing,synthetic,ORIG_02739
SYNTH_00676,,"Greetings! Carehealth Government Program is offering a Health Plan package for 3 or 10 yrs, with maximum coverage and 2 or 5 yrs to pay only. Comes with comprehensive National Health Care, Insurance, transferable and assignable features, and Money back. NO MEDICAL EXAM Required. For ages 7 yrs to 69 yrs old. If interested, reply with your Name, Age, and location for prequalification under the official government subsidy program. ACT FAST! This Program runs until Feb 20 and the plan for Senior Citizen will be phased out soon. Kindly ignore if not interested. Thank you.",Government Spoofing,synthetic,ORIG_02739
SYNTH_00677,,"Hello! Carehealth Government Program invites you to avail a Health Plan package for 3 or 10 yrs, with maximized coverage and just 2 or 5 yrs to pay. Includes comprehensive National Health Care, Insurance, transferable and assignable privileges, plus Money back. NO MEDICAL EXAM Required. Open to ages 7 yrs to 69 yrs old. To proceed, please reply with your Name, Age, and location for prequalification under the official government subsidy program. HURRY! Program valid until Feb 20 and the Senior Citizen plan will be phased out soon. If not interested, please ignore. Thank you.",Government Spoofing,synthetic,ORIG_02739
SYNTH_00678,,Immediate notice: your Entitlement requires briefing. Email me now to claim your unclaimed Covid 19 cash allowance support fund at crmr1805@gmail.com,Government Spoofing,synthetic,ORIG_02754
SYNTH_00679,,Attention: You have an outstanding Entitlement. Email me right away to process your unclaimed Covid 19 cash allowance support fund at crmr1805@gmail.com,Government Spoofing,synthetic,ORIG_02754
SYNTH_00680,,Official update on your Entitlement. Email me now to arrange release of your unclaimed Covid 19 cash allowance support fund at crmr1805@gmail.com,Government Spoofing,synthetic,ORIG_02754
SYNTH_00681,,Federal Partylist Notice,Government Spoofing,synthetic,ORIG_01872
SYNTH_00682,,From Federal Partylist,Government Spoofing,synthetic,ORIG_01872
SYNTH_00683,,Federal Partylist Advisory,Government Spoofing,synthetic,ORIG_01872
SYNTH_00684,,"Social Security Plan
You qualify for a lump-sum benefit of P2,153 based on your total 2024 contributions. Apply now at sssr.mx/7C",Government Spoofing,synthetic,ORIG_00107
SYNTH_00685,,"Social Security Plan
Claim your P2,153 lump sum from your 2024 total contribution today. Submit your application at sssr.mx/7C",Government Spoofing,synthetic,ORIG_00107
SYNTH_00686,,"Hi, good day! This is ren from Getmeds Philippines Inc. Would you like to place an order? I’m happy to assist you :)",HAM,synthetic,ORIG_00021
SYNTH_00687,,"Good day! Getmeds Philippines Inc here, ren speaking. Are you interested in ordering? I’ll gladly help you :)",HAM,synthetic,ORIG_00021
SYNTH_00688,,"Hello po, good day! This is ren of Getmeds Philippines Inc. Would you like to order today? I’ll be more than happy to assist :)",HAM,synthetic,ORIG_00021
SYNTH_00689,,Na-receive mo na ba yung pera?,HAM,synthetic,ORIG_00702
SYNTH_00690,,Natanggap mo na ba ang pera?,HAM,synthetic,ORIG_00702
SYNTH_00691,,Nasa'yo na ba yung pera?,HAM,synthetic,ORIG_00702
SYNTH_00692,,"Good afternoon po ☀️
Foodpanda po
On the way na po ako 🚴",HAM,synthetic,ORIG_00719
SYNTH_00693,,"Magandang hapon po!
Foodpanda po.
Papunta na po ako ngayon.",HAM,synthetic,ORIG_00719
SYNTH_00694,,"Good pm po,
Foodpanda po,
On my way na po.",HAM,synthetic,ORIG_00719
SYNTH_00695,,"Good morning po ☀️
Foodpanda po 🐼🐼🐼
On my way na po 🚗🚗🚗",HAM,synthetic,ORIG_00720
SYNTH_00696,,"Magandang umaga po 🌅
Foodpanda po 🐼
Paparating na po ako 🚴‍♂️🚴‍♂️🚴‍♂️",HAM,synthetic,ORIG_00720
SYNTH_00697,,"Hi, good morning po 🌞
Foodpanda po 🐼🐼
On the way na po 🚘🚘",HAM,synthetic,ORIG_00720
SYNTH_00698,,"Okay po, paki-text na lang kapag andiyan ka na.",HAM,synthetic,ORIG_00927
SYNTH_00699,,"Sige, i-message mo na lang ako pag dumating ka na.",HAM,synthetic,ORIG_00927
SYNTH_00700,,"Sige po, text mo na lang ako pag nasa lugar ka na.",HAM,synthetic,ORIG_00927
SYNTH_00701,,"Alright, that works for me.",HAM,synthetic,ORIG_00928
SYNTH_00702,,"Okay, that seems fine to me.",HAM,synthetic,ORIG_00928
SYNTH_00703,,"Sure, that looks good to me.",HAM,synthetic,ORIG_00928
SYNTH_00704,,Catch you on Monday!,HAM,synthetic,ORIG_00929
SYNTH_00705,,I'll see you on Monday!,HAM,synthetic,ORIG_00929
SYNTH_00706,,See you Monday!,HAM,synthetic,ORIG_00929
SYNTH_00707,,Could we move our meeting? Something just came up.,HAM,synthetic,ORIG_00930
SYNTH_00708,,Is it alright to push back our meeting? Something unexpected came up.,HAM,synthetic,ORIG_00930
SYNTH_00709,,Can we set our meeting for a later time? Something came up suddenly.,HAM,synthetic,ORIG_00930
SYNTH_00710,,Could we postpone our meeting? Something unexpected popped up.,HAM,synthetic,ORIG_00931
SYNTH_00711,,Can we move our meeting to a later time? Something just came up.,HAM,synthetic,ORIG_00931
SYNTH_00712,,Is it okay if we push back our meeting? Something came up suddenly.,HAM,synthetic,ORIG_00931
SYNTH_00713,,See you soon! Mag-ingat ka.,HAM,synthetic,ORIG_00932
SYNTH_00714,,Kita tayo mamaya! Take care.,HAM,synthetic,ORIG_00932
SYNTH_00715,,Catch you later! Ingat ka.,HAM,synthetic,ORIG_00932
SYNTH_00716,,Let's get together soon; I miss you all.,HAM,synthetic,ORIG_00933
SYNTH_00717,,We should hang out soon! I miss you guys.,HAM,synthetic,ORIG_00933
SYNTH_00718,,Can we meet up soon? I miss you all.,HAM,synthetic,ORIG_00933
SYNTH_00719,,Have you seen the latest update about the concert?,HAM,synthetic,ORIG_00934
SYNTH_00720,,Did you catch the latest news on the concert?,HAM,synthetic,ORIG_00934
SYNTH_00721,,Have you heard the most recent news about the concert?,HAM,synthetic,ORIG_00934
SYNTH_00722,,Warm New Year wishes to you and your family!,HAM,synthetic,ORIG_00935
SYNTH_00723,,May you and your family enjoy a wonderful New Year!,HAM,synthetic,ORIG_00935
SYNTH_00724,,Wishing you and your family a Happy New Year!,HAM,synthetic,ORIG_00935
SYNTH_00725,,"Sige po, duly noted, thank you.",HAM,synthetic,ORIG_00936
SYNTH_00726,,"Copy po, acknowledged. Salamat.",HAM,synthetic,ORIG_00936
SYNTH_00727,,"Got it po, noted. Thanks!",HAM,synthetic,ORIG_00936
SYNTH_00728,,Anong oras ka uuwi mamaya?,HAM,synthetic,ORIG_00937
SYNTH_00729,,What time ka uuwi later?,HAM,synthetic,ORIG_00937
SYNTH_00730,,Anong time ang uwi mo mamaya?,HAM,synthetic,ORIG_00937
SYNTH_00731,,Nasa labas na ang parcel mo ngayon.,HAM,synthetic,ORIG_00938
SYNTH_00732,,"Dumating na ang package mo, nasa labas.",HAM,synthetic,ORIG_00938
SYNTH_00733,,Andyan na sa labas ang padala mo.,HAM,synthetic,ORIG_00938
SYNTH_00734,,Up for coffee? I'm around your area.,HAM,synthetic,ORIG_00939
SYNTH_00735,,Want to grab coffee? I'm in your area now.,HAM,synthetic,ORIG_00939
SYNTH_00736,,Coffee? I'm nearby.,HAM,synthetic,ORIG_00939
SYNTH_00737,,Order tayo ng food online? Gusto ko ng pizza.,HAM,synthetic,ORIG_00940
SYNTH_00738,,Magpa-deliver tayo? Nagca-crave ako ng pizza.,HAM,synthetic,ORIG_00940
SYNTH_00739,,Game umorder tayo online? Trip ko pizza ngayon.,HAM,synthetic,ORIG_00940
SYNTH_00740,,"Wishing you a happy Mother's Day, Ma! We love you.",HAM,synthetic,ORIG_00941
SYNTH_00741,,"Ma, happy Mother's Day! We love you so much.",HAM,synthetic,ORIG_00941
SYNTH_00742,,"Happy Mother's Day, Ma! We love you always.",HAM,synthetic,ORIG_00941
SYNTH_00743,,All the best sa interview mo today! Kaya mo 'yan.,HAM,synthetic,ORIG_00942
SYNTH_00744,,Break a leg sa interview mo ngayon! Kaya mo 'to.,HAM,synthetic,ORIG_00942
SYNTH_00745,,Best of luck sa interview mo today! You got this.,HAM,synthetic,ORIG_00942
SYNTH_00746,,Anong oras ang hapunan?,HAM,synthetic,ORIG_00943
SYNTH_00747,,Anong oras yung dinner?,HAM,synthetic,ORIG_00943
SYNTH_00748,,Anong oras magsisimula ang hapunan?,HAM,synthetic,ORIG_00943
SYNTH_00749,,See you at the usual place.,HAM,synthetic,ORIG_00944
SYNTH_00750,,Let’s meet at our regular spot.,HAM,synthetic,ORIG_00944
SYNTH_00751,,Meet us at the same place as usual.,HAM,synthetic,ORIG_00944
SYNTH_00752,,I'm really happy for you!,HAM,synthetic,ORIG_00945
SYNTH_00753,,I'm so excited for you!,HAM,synthetic,ORIG_00945
SYNTH_00754,,I'm so glad for you!,HAM,synthetic,ORIG_00945
SYNTH_00755,,"Umorder na tayo, nagugutom na kami.",HAM,synthetic,ORIG_00946
SYNTH_00756,,"Mag-order na tayo, kumakalam na ang sikmura namin.",HAM,synthetic,ORIG_00946
SYNTH_00757,,"Magpa-deliver na tayo, gutom na kami.",HAM,synthetic,ORIG_00946
SYNTH_00758,,"Dumating na si Grab, palabas na ako.",HAM,synthetic,ORIG_00947
SYNTH_00759,,"Andito na ang Grab, lalabas na ’ko.",HAM,synthetic,ORIG_00947
SYNTH_00760,,"Nandito na yung Grab, heto na ’ko palabas.",HAM,synthetic,ORIG_00947
SYNTH_00761,,"Alright, hang on for me.",HAM,synthetic,ORIG_00948
SYNTH_00762,,"Okay, hold on for me.",HAM,synthetic,ORIG_00948
SYNTH_00763,,"Sure, wait for me.",HAM,synthetic,ORIG_00948
SYNTH_00764,,Season's greetings!,HAM,synthetic,ORIG_00949
SYNTH_00765,,Enjoy the holidays!,HAM,synthetic,ORIG_00949
SYNTH_00766,,Holiday cheers!,HAM,synthetic,ORIG_00949
SYNTH_00767,,How about hitting the beach this summer?,HAM,synthetic,ORIG_00950
SYNTH_00768,,Want to head to the beach this summer?,HAM,synthetic,ORIG_00950
SYNTH_00769,,Let's spend this summer at the beach!,HAM,synthetic,ORIG_00950
SYNTH_00770,,Nasa labas na yung parcel mo ngayon.,HAM,synthetic,ORIG_00951
SYNTH_00771,,"Yung package mo, andyan na sa labas.",HAM,synthetic,ORIG_00951
SYNTH_00772,,Na-deliver na ang parcel mo; nasa labas.,HAM,synthetic,ORIG_00951
SYNTH_00773,,Up for coffee? I'm nearby.,HAM,synthetic,ORIG_00952
SYNTH_00774,,Want to grab coffee? I'm in your area.,HAM,synthetic,ORIG_00952
SYNTH_00775,,Coffee break? I'm close by.,HAM,synthetic,ORIG_00952
SYNTH_00776,,Nasaan ka na? Ikaw na lang hinihintay.,HAM,synthetic,ORIG_00953
SYNTH_00777,,Asan ka na? Sa'yo na lang kami naghihintay.,HAM,synthetic,ORIG_00953
SYNTH_00778,,Where are you now? We're just waiting for you.,HAM,synthetic,ORIG_00953
SYNTH_00779,,Could you assist me with this later on?,HAM,synthetic,ORIG_00954
SYNTH_00780,,Would you be able to help me with this later?,HAM,synthetic,ORIG_00954
SYNTH_00781,,Can you give me a hand with this later?,HAM,synthetic,ORIG_00954
SYNTH_00782,,Order tayo online? Gusto ko ng pizza.,HAM,synthetic,ORIG_00955
SYNTH_00783,,Mag-order tayo ng food online? Craving ako for pizza.,HAM,synthetic,ORIG_00955
SYNTH_00784,,Magpa-deliver tayo ng food online? Trip ko ngayon ang pizza.,HAM,synthetic,ORIG_00955
SYNTH_00785,,"Pwede ba tayo mag-deal? Mag cash in ka 100, gagawin kong 7k yan; hati tayo: 2k sakin, 5k sayo, kung sure ka

Name: Allexa Brielle Lim 
search:@officialalex09
(naka swimsuit na white  )
^&%",Investment Scam,synthetic,ORIG_00004
SYNTH_00786,,"Tara, deal tayo? Cash in ka 100 tapos ipanalo ko 7k para sayo; hati tayo — 2k sakin, 5k sayo. Kung game ka

name: Allexa Brielle Lim 
search:@officialalex09
(naka swimsuit na white  )
^&%",Investment Scam,synthetic,ORIG_00004
SYNTH_00787,,"Okay ba sayo ang deal? Pa-cash in ka 100, ako bahala ipapanalo yan 7k; hatian natin: 2k sakin, 5k sayo, kung sure ka

ame :Allexa Brielle Lim 
search:@officialalex09
(naka swimsuit na white  )
^&%",Investment Scam,synthetic,ORIG_00004
SYNTH_00788,,"Yung 100 pesos mo, gawin nating 200 agad! I-copy sa browser ang [ kklfph.fyi ] para makuha!",Investment Scam,synthetic,ORIG_00041
SYNTH_00789,,Turn your 100 pesos into 200 now! Copy to your browser [ kklfph.fyi ] to claim!,Investment Scam,synthetic,ORIG_00041
SYNTH_00790,,100 pesos mo pwedeng maging 200! Copy this in your browser: [ kklfph.fyi ] to get it!,Investment Scam,synthetic,ORIG_00041
SYNTH_00791,,"Tuwing tumataya ako sa lvv65a118l.uk, panalo ako ng cash. Nagdeposit lang ako ng 500P at kumita ng 10K. Sana makinabang ka sa balitang ito ngayon.",Investment Scam,synthetic,ORIG_00069
SYNTH_00792,,"Sa lvv65a118l.uk, lagi akong nananalo kapag tumataya ako. Nagpasok ako ng 500P at nakuha ko ang 10K. Huwag palampasin, baka ikaw na ang susunod.",Investment Scam,synthetic,ORIG_00069
SYNTH_00793,,"Kapag tumaya ako sa lvv65a118l.uk, panalo ang labas ko. 500P lang ang dineposito ko at nanalo ako ng 10K. Subukan mo na para maunahan mo ang iba.",Investment Scam,synthetic,ORIG_00069
SYNTH_00794,,"Sa bawat taya kong 500P, 10K agad ang panalo ko. Parang BUG yata ito! Join na sa lvv65a118l.uk",Investment Scam,synthetic,ORIG_00072
SYNTH_00795,,"Every time na magbet ako ng 500P, 10K ang nakukuha ko. Baka BUG ito. Sumali na sa lvv65a118l.uk",Investment Scam,synthetic,ORIG_00072
SYNTH_00796,,"Naglalagay lang ako ng 500P at 10K ang panalo ko tuwing subok. Mukhang BUG, bilis! Sumali ako sa lvv65a118l.uk",Investment Scam,synthetic,ORIG_00072
SYNTH_00797,,Sign up as a SpinsPh VIP affiliate and earn high commissi0ns! Join our team and start making money today! spnsph.nl,Investment Scam,synthetic,ORIG_00095
SYNTH_00798,,Be a VIP affiliate at SpinsPh and get lucrative commissions! Apply now to join our team and start earning today! spnsph.nl,Investment Scam,synthetic,ORIG_00095
SYNTH_00799,,Become a SpinsPh VIP affiliate for big commissi0ns! Join the team and start earning today! spnsph.nl,Investment Scam,synthetic,ORIG_00095
SYNTH_00800,,"rrrbet.ss777b.fo App promo: get 18-88, 100 to get 77, plus 10% discount on daily deposits",Investment Scam,synthetic,ORIG_00123
SYNTH_00801,,"rrrbet.ss777b.fo App: sign up to claim 18-88; 100 to get 77, with 10% off for daily deposits",Investment Scam,synthetic,ORIG_00123
SYNTH_00802,,"rrrbet.ss777b.fo App, grab 18-88, 100 to get 77, and enjoy 10% off on daily deposits",Investment Scam,synthetic,ORIG_00123
SYNTH_00803,,"Get the app now to receive 18-88, 100 to get 77, plus a 10% discount for daily deposits. fg777.ss777b.fo",Investment Scam,synthetic,ORIG_00124
SYNTH_00804,,"Download the app: grab 18-88, 100 to get 77, and take 10% discount for daily deposits. fg777.ss777b.fo",Investment Scam,synthetic,ORIG_00124
SYNTH_00805,,"Install the app and claim 18-88, 100 to get 77, with 10% discount for daily deposits. fg777.ss777b.fo",Investment Scam,synthetic,ORIG_00124
SYNTH_00806,,Spotted a BUG at sa1y7n7lbc.uk—deposit 100P and snag 10K fast. Every bet can earn you cash.,Investment Scam,synthetic,ORIG_00162
SYNTH_00807,,"May BUG sa sa1y7n7lbc.uk, mag-deposit ka ng 100P at panalo ka ng 10K. Bawat bet, panalo ka ng pera.",Investment Scam,synthetic,ORIG_00162
SYNTH_00808,,I found a BUG on sa1y7n7lbc.uk—drop 100P and win 10K now. You’ll make money on each bet.,Investment Scam,synthetic,ORIG_00162
SYNTH_00809,,"This site has a BUG—top up 500, get a 500 bonus, and cash out right away. Ends tomorrow, hurry and earn now. jk1by67a7q.at",Investment Scam,synthetic,ORIG_00186
SYNTH_00810,,"Website BUG found! Deposit 500, receive 500 bonus, then withdraw instantly. Offer expires tomorrow—come earn fast. jk1by67a7q.at",Investment Scam,synthetic,ORIG_00186
SYNTH_00811,,"BUG on this website: add 500, grab a 500 bonus, and withdraw immediately. Expires tomorrow, join now to make money. jk1by67a7q.at",Investment Scam,synthetic,ORIG_00186
SYNTH_00812,,"Magdeposito ka ng 100P, makakakuha ka ng libreng 100P agad!
1q2w3e8.ca",Investment Scam,synthetic,ORIG_00206
SYNTH_00813,,"I-deposit ang 100P, kunin mo ang free 100P ngayon!
1q2w3e8.ca",Investment Scam,synthetic,ORIG_00206
SYNTH_00814,,"Maglagay ng 100P, may libreng 100P na balik sa'yo.
1q2w3e8.ca",Investment Scam,synthetic,ORIG_00206
SYNTH_00815,,Income ba hanap mo? DOWNLOAD APP para makatanggap ng up to 688 free. + 177: jl77.tv,Investment Scam,synthetic,ORIG_00460
SYNTH_00816,,Looking for income? I-DOWNLOAD ang APP para makuha mo up to 688 free. + 177: jl77.tv,Investment Scam,synthetic,ORIG_00460
SYNTH_00817,,Need extra income? Download app ngayon para makareceive ng up to 688 free. + 177: jl77.tv,Investment Scam,synthetic,ORIG_00460
SYNTH_00818,,Feeling lucky right now? Flip your 4 pesos into 55k with Money Coming. Your fortune is waiting at bonus.ms/ytF8ppkU.,Investment Scam,synthetic,ORIG_00461
SYNTH_00819,,Swerte ka ba today? Gawing 55k ang 4 pesos mo sa Money Coming. Naghihintay ang kapalaran mo sa bonus.ms/ytF8ppkU.,Investment Scam,synthetic,ORIG_00461
SYNTH_00820,,Ready for luck? Grow your 4 pesos to 55k via Money Coming. Claim your fortune at bonus.ms/ytF8ppkU.,Investment Scam,synthetic,ORIG_00461
SYNTH_00821,,Picture this: 2 pesos flipping into 40k! Jump into Crazy Hunter today. Go to promolink.st/Ye4VrPdC to see it happen.,Investment Scam,synthetic,ORIG_00463
SYNTH_00822,,What if 2 pesos could become 40k? Play Crazy Hunter ASAP. Tap promolink.st/Ye4VrPdC and watch the magic.,Investment Scam,synthetic,ORIG_00463
SYNTH_00823,,"Turn 2 pesos into 40k—yes, really! Start Crazy Hunter now. Visit promolink.st/Ye4VrPdC and feel the magic.",Investment Scam,synthetic,ORIG_00463
SYNTH_00824,,"[NAME], mag-open ng account sa mybitglobal, may pera naghihintay! Magandang oportunidad, i-claim dito: http://lfhh5x.com",Investment Scam,synthetic,ORIG_01137
SYNTH_00825,,"[NAME], gumawa ng account sa mybitglobal ngayon at may pera kaagad! Magandang oportunidad - kunin sa http://lfhh5x.com",Investment Scam,synthetic,ORIG_01137
SYNTH_00826,,"[NAME], mag-register sa mybitglobal, may pera para sa'yo! Magandang oportunidad, kunin ngayon: http://lfhh5x.com",Investment Scam,synthetic,ORIG_01137
SYNTH_00827,,"[NAME].,mybitglobal, punuin ang bulsa mo ng kita http://5irpkseo.com",Investment Scam,synthetic,ORIG_01138
SYNTH_00828,,"[NAME].,mybitglobal, dagdag-yaman sa bulsa ngayon http://5irpkseo.com",Investment Scam,synthetic,ORIG_01138
SYNTH_00829,,"[NAME].,mybitglobal, pakapalin ang bulsa mo ngayon http://5irpkseo.com",Investment Scam,synthetic,ORIG_01138
SYNTH_00830,,"[NAME], May pamimigay na red envelope—may tsansang makakuha ng ¤1000. http://lais7m.com",Investment Scam,synthetic,ORIG_01139
SYNTH_00831,,"[NAME], Red envelope giveaway! Oportunidad na makuha ang ¤1000—i-click: http://lais7m.com",Investment Scam,synthetic,ORIG_01139
SYNTH_00832,,"[NAME], Kunin ang red envelope; may pagkakataon makakuha ng ¤1000 ngayon: http://lais7m.com",Investment Scam,synthetic,ORIG_01139
SYNTH_00833,,May pa-surpresa para sa mga bagong miyembro: magdeposito ng 100 at kunin ang bonus mo ngayon http://fdsv20.info,Investment Scam,synthetic,ORIG_01140
SYNTH_00834,,"Para sa new members, mag-deposit ng 100 para may bonus ka agad—bisitahin http://fdsv20.info",Investment Scam,synthetic,ORIG_01140
SYNTH_00835,,Exclusive sa mga bagong miyembro: maglagay ng 100 na deposito para makuha ang bonus mo sa http://fdsv20.info,Investment Scam,synthetic,ORIG_01140
SYNTH_00836,,"<name>, nagbigay ng pera si mybitglobal; i-click para mag-open ng account at kunin ang 600p http://casjp3.com",Investment Scam,synthetic,ORIG_01147
SYNTH_00837,,"<name>, nagbigay na ng pera ang mybitglobal, tap para magbukas ng account at makuha ang 600p http://casjp3.com",Investment Scam,synthetic,ORIG_01147
SYNTH_00838,,"<name>, may pera mula sa mybitglobal, pindutin ngayon para buksan ang account at i-claim ang 600p http://casjp3.com",Investment Scam,synthetic,ORIG_01147
SYNTH_00839,,"Para sayo [NAME], bagong platform sa bansa: Wplus! Kuhanin ang 5500 bonus at 3% sa bawat deposito. Code: N8q+CdEKKpY=. wplus4you.com/M3l3k3ng-b5n5s",Investment Scam,synthetic,ORIG_01152
SYNTH_00840,,"[NAME], limited offer! Sa Wplus, ang pinakabagong platform sa bansa, may 5500 bonus at 3% sa bawat deposito. Gamitin N8q+CdEKKpY=. wplus4you.com/M3l3k3ng-b5n5s",Investment Scam,synthetic,ORIG_01152
SYNTH_00841,,"Special para kay [NAME]. Wplus, bagong platform dito sa bansa, nagbibigay ng 5500 bonus at 3% sa bawat deposito—bilis! N8q+CdEKKpY=. wplus4you.com/M3l3k3ng-b5n5s",Investment Scam,synthetic,ORIG_01152
SYNTH_00842,,"[INB@T] Fun and rewards await! Mabilis GCASH, Paymaya IN/OUT. Get 3% cashback on your first deposit! https://paws.ind.in/7K4qm 6lKk",Investment Scam,synthetic,ORIG_01160
SYNTH_00843,,[INB@T] Enjoy perks now—quick GCASH/Paymaya IN/OUT. First deposit earns 3% cash back! https://paws.ind.in/7K4qm 6lKk,Investment Scam,synthetic,ORIG_01160
SYNTH_00844,,"[INB@T] Entertainment with benefits! Fast GCASH, Paymaya IN/OUT. 3% cashback on first deposit—join now: https://paws.ind.in/7K4qm 6lKk",Investment Scam,synthetic,ORIG_01160
SYNTH_00845,,"Ideal Choice: Isang deposit lang, puwedeng makuha higit 5k pesos bonus. 24H immediate cash in/out: http://phonline.beauty/nfX",Investment Scam,synthetic,ORIG_01170
SYNTH_00846,,"Ideal Choice—1 deposit, baka makuha mo ang over 5k pesos bonus; 24H instant cash in/out. Visit http://phonline.beauty/nfX",Investment Scam,synthetic,ORIG_01170
SYNTH_00847,,"Ideal Choice promo: Sa unang deposit, posible ang higit 5k pesos bonus; 24H mabilis na cash in/out. Click http://phonline.beauty/nfX",Investment Scam,synthetic,ORIG_01170
SYNTH_00848,,"Sa kaunting puhunan, may tsansa ka nang maging MILYONARYO.",Investment Scam,synthetic,ORIG_01172
SYNTH_00849,,"Maliit na halaga lang, posible ka nang maging MILYONARYO.",Investment Scam,synthetic,ORIG_01172
SYNTH_00850,,"Konting puhunan lang, may pagkakataon kang maging MILYONARYO.",Investment Scam,synthetic,ORIG_01172
SYNTH_00851,,"Ideal Pick!! Isang d.eposit lang, puwede kang makakuha ng higit 10k pe-sos b.o.n.u.s. 24/7 Im mediate Ca.sh In/Out. http://okadaonline.shop/exH",Investment Scam,synthetic,ORIG_01181
SYNTH_00852,,"Best Choice!! Sa iisang dposit, may chance ka makakuha ng over 10k pe-sos b.o.n.u.s. 24/7 Im mediate Ca.sh In/Out. http://okadaonline.shop/exH",Investment Scam,synthetic,ORIG_01181
SYNTH_00853,,"Ideal Deal!! Mag dposit once, baka makuha ang higit 10k pe-sos b.o.n.u.s. 24/7 Im mediate Ca.sh In/Out. http://okadaonline.shop/exH",Investment Scam,synthetic,ORIG_01181
SYNTH_00854,,Ginagamit ako ng lahat para kumita ng 1 milyon—wag ka magpahuli: http://gtgtjl.com,Investment Scam,synthetic,ORIG_01182
SYNTH_00855,,"Lahat dito kumikita ng 1 milyon dahil sa akin, wag ka magpahuli! http://gtgtjl.com",Investment Scam,synthetic,ORIG_01182
SYNTH_00856,,"Patok ako ngayon, lahat sumasali para kumita ng 1 milyon—wag ka magpahuli http://gtgtjl.com",Investment Scam,synthetic,ORIG_01182
SYNTH_00857,,"Sa iyong unang deposito, may dagdag na benepisyo araw-araw—ano pang hinihintay mo? http://fdsv03.org",Investment Scam,synthetic,ORIG_01194
SYNTH_00858,,Gawin na ang unang deposito mo para sa araw-araw na extra benepisyo—kumilos ngayon! http://fdsv03.org,Investment Scam,synthetic,ORIG_01194
SYNTH_00859,,"Unang deposito mo, may karagdagang perks araw-araw; huwag palampasin—click na: http://fdsv03.org",Investment Scam,synthetic,ORIG_01194
SYNTH_00860,,"[Complete Name!], Dumating na ang red envelope ng mga bago— i-tap para kunin ang ¤10 http://9dv1t8.com",Investment Scam,synthetic,ORIG_01200
SYNTH_00861,,"[Complete Name!], Red envelope ng mga bago, available na— i-click para ma-claim ang ¤10 http://9dv1t8.com",Investment Scam,synthetic,ORIG_01200
SYNTH_00862,,"[Complete Name!], Narito na ang red envelope para sa mga bago; pindutin para makuha ang ¤10 http://9dv1t8.com",Investment Scam,synthetic,ORIG_01200
SYNTH_00863,,Bitin ang sweldo? Mag-sign up sa akin para makakuha ka ng 600p http://aq63xi.com,Investment Scam,synthetic,ORIG_01201
SYNTH_00864,,Kapos sa sahod? Register na sa akin para makuha ang 600p http://aq63xi.com,Investment Scam,synthetic,ORIG_01201
SYNTH_00865,,"Maliit ang sweldo, magrehistro sa akin ngayon, tanggapin ang 600p http://aq63xi.com",Investment Scam,synthetic,ORIG_01201
SYNTH_00866,,"[NAME], Lihim kong napaasenso ang marami—tingnan mo agad: http://931ccx.com",Investment Scam,synthetic,ORIG_01217
SYNTH_00867,,"[NAME], May sikreto akong nagpayaman sa maraming tao—bisitahin mo ito: http://931ccx.com",Investment Scam,synthetic,ORIG_01217
SYNTH_00868,,"[NAME], Ang sikreto ko'y nakapagpayaman ng marami; punta ka rito ngayon: http://931ccx.com",Investment Scam,synthetic,ORIG_01217
SYNTH_00869,,"[Full Name (not GCash)], lahat gumagamit nito para kumita ng ¤1 milyon—huwag ka nang magpahuli! http://gjgtjl.com",Investment Scam,synthetic,ORIG_01223
SYNTH_00870,,"[Full Name (not GCash)], dito sila kumikita ng ¤1 milyon—sumabay ka na, wag magpahuli: http://gjgtjl.com",Investment Scam,synthetic,ORIG_01223
SYNTH_00871,,"[Full Name (not GCash)], kaya mong kumita ng ¤1 milyon tulad nila—bilisan mo bago maunahan: http://gjgtjl.com",Investment Scam,synthetic,ORIG_01223
SYNTH_00872,,"[Full GCash Name], huwag magpahuli! Sabay-sabay i-download, bilisan at kunin ang ¤10 sa http://931ccx.com",Investment Scam,synthetic,ORIG_01224
SYNTH_00873,,"[Full GCash Name], wag maiwan, i-download na ngayon; dali, i-claim ang ¤10: http://931ccx.com",Investment Scam,synthetic,ORIG_01224
SYNTH_00874,,"[Full GCash Name], huwag pahuli! Sabay na mag-download, bilisan at kunin ang ¤10 http://931ccx.com",Investment Scam,synthetic,ORIG_01224
SYNTH_00875,,"(GCash Name), i-download na ang mybitglobal—hands on ito; hindi na pangarap ang bahay at kotse. http://wdb4afgo.com",Investment Scam,synthetic,ORIG_01239
SYNTH_00876,,"(GCash Name), install mo ang mybitglobal, hands-on talaga; di na lang panaginip ang bahay at kotse. http://wdb4afgo.com",Investment Scam,synthetic,ORIG_01239
SYNTH_00877,,"(GCash Name) i-download ang mybitglobal ngayon; hands on ito, abot-kamay na ang bahay at kotse. http://wdb4afgo.com",Investment Scam,synthetic,ORIG_01239
SYNTH_00878,,"Gusto mong yumaman? Idownload ang http://gjgtjl.com at magbukas ng account, may 600p ka.",Investment Scam,synthetic,ORIG_01240
SYNTH_00879,,"Nais mo bang yumaman ngayon? Idownload ang http://gjgtjl.com, gumawa ng account at may 600p.",Investment Scam,synthetic,ORIG_01240
SYNTH_00880,,Interesado kang yumaman? Idownload ang http://gjgtjl.com—mag-open ng account at may 600p agad.,Investment Scam,synthetic,ORIG_01240
SYNTH_00881,,Mag-leverage at yumaman sa loob ng isang araw! Sumali na at i-download dito: https://t.hxfxph.com/MRGyp,Investment Scam,synthetic,ORIG_01245
SYNTH_00882,,Gamitin ang leverage para kumita nang mabilis—isang araw lang! Join now at i-download sa https://t.hxfxph.com/MRGyp,Investment Scam,synthetic,ORIG_01245
SYNTH_00883,,Leverage ang sikreto para yumaman agad sa 1 araw! Kailangan mo lang mag-join at mag-download: https://t.hxfxph.com/MRGyp,Investment Scam,synthetic,ORIG_01245
SYNTH_00884,,May promo ngayon - mag-register at may 10 bonus: http://nab60q.com,Investment Scam,synthetic,ORIG_01246
SYNTH_00885,,"Special offer ngayon, magrehistro na para may 10 reward: http://nab60q.com",Investment Scam,synthetic,ORIG_01246
SYNTH_00886,,Limited offer ngayon! Sign up at kuha ng 10 bonus sa http://nab60q.com,Investment Scam,synthetic,ORIG_01246
SYNTH_00887,,"mybitglobal — propesyonal na plataporma ng currency exchange, mabilis ang kita ng pera https://t.co/LTgQbtqrRn",Investment Scam,synthetic,ORIG_01247
SYNTH_00888,,"Sumali sa mybitglobal, propesyonal na currency exchange na plataporma; kumita ng pera nang mabilis https://t.co/LTgQbtqrRn",Investment Scam,synthetic,ORIG_01247
SYNTH_00889,,"mybitglobal: pro na currency exchange plataporma, ang bilis kumita ng pera https://t.co/LTgQbtqrRn",Investment Scam,synthetic,ORIG_01247
SYNTH_00890,,Open your 128P MG account for free now: https://bit.ly/3yqbR2l,Investment Scam,synthetic,ORIG_01252
SYNTH_00891,,"Libreng pagbubukas ng 128P MG account, https://bit.ly/3yqbR2l",Investment Scam,synthetic,ORIG_01252
SYNTH_00892,,Free 128P MG account setup today: https://bit.ly/3yqbR2l,Investment Scam,synthetic,ORIG_01252
SYNTH_00893,,"Hi L D., Heto na ang pinakamadaling way para kumita ng datong! Log in ngayon at kunin ang 60P. philnewz.com/login",Investment Scam,synthetic,ORIG_01260
SYNTH_00894,,"Hi L D., The best way to earn extra datong is here! Log in now and claim your 60P at philnewz.com/login",Investment Scam,synthetic,ORIG_01260
SYNTH_00895,,"Hi L D., Nasa'yo na ang chance para kumita, super dali! Log in para ma-receive ang 60P: philnewz.com/login",Investment Scam,synthetic,ORIG_01260
SYNTH_00896,,Promo ngayon! Mag-register para makuha ang ¤10: http://nab60q.com,Investment Scam,synthetic,ORIG_01268
SYNTH_00897,,May alok ngayon—magrehistro ka na at tanggapin ang ¤10: http://nab60q.com,Investment Scam,synthetic,ORIG_01268
SYNTH_00898,,Huwag palampasin—mag-register ngayon at may ¤10 sa http://nab60q.com,Investment Scam,synthetic,ORIG_01268
SYNTH_00899,,"[NAME], Hi! Open ka ng account ngayon, may ¤10 bonus—first come, first serve. http://2xnvte.com",Investment Scam,synthetic,ORIG_01269
SYNTH_00900,,"[NAME], Hello! Mag-open ng account para ma-claim ang ¤10; first come first serve ito: http://2xnvte.com",Investment Scam,synthetic,ORIG_01269
SYNTH_00901,,"[NAME], Hi! Create an account now para makuha ang ¤10, first come first serve lang. http://2xnvte.com",Investment Scam,synthetic,ORIG_01269
SYNTH_00902,,"[NAME], garantisadong kita ang software; download na ang mybitglobal, gumawa ng account at may ¤10 agad: http://casjp3.com",Investment Scam,synthetic,ORIG_01270
SYNTH_00903,,"[NAME], kumita na sa software—ida-download lang ang mybitglobal, mag-open ng account at may ¤10: http://casjp3.com",Investment Scam,synthetic,ORIG_01270
SYNTH_00904,,"Mula nang gamitin ko ang mybitgloba, kumikita ako ng isang milyon bawat buwan http://931ccx.com",Investment Scam,synthetic,ORIG_01277
SYNTH_00905,,"Dahil sa mybitgloba, umaabot sa isang milyon ang kita ko buwan-buwan http://931ccx.com",Investment Scam,synthetic,ORIG_01277
SYNTH_00906,,Ginamit ko ang mybitgloba at ngayon isang milyon ang buwanang kita ko http://931ccx.com,Investment Scam,synthetic,ORIG_01277
SYNTH_00907,,Long time no see! May good news ako para sa'yo—mag-load ng P100 at may libreng P777 agad. vgsf7y7qw.nl,Investment Scam,synthetic,ORIG_01297
SYNTH_00908,,Ang tagal na! Good news: recharge ka ng P100 para makuha ang P777 for free ngayon >>> vgsf7y7qw.nl,Investment Scam,synthetic,ORIG_01297
SYNTH_00909,,"Uy, matagal na tayong di nagkita; may good news ako. Mag-recharge ng P100 at i-claim ang P777 nang libre. vgsf7y7qw.nl",Investment Scam,synthetic,ORIG_01297
SYNTH_00910,,"Makakuha ng 100%-150% bonus sa first deposit, araw-araw! joiu02vi.ca",Investment Scam,synthetic,ORIG_01350
SYNTH_00911,,Araw-araw 100%-150% bonus para sa unang deposito - bisitahin: joiu02vi.ca,Investment Scam,synthetic,ORIG_01350
SYNTH_00912,,"First deposit? 100%-150% bonus araw-araw, huwag palampasin! joiu02vi.ca",Investment Scam,synthetic,ORIG_01350
SYNTH_00913,,"100%-150% na bonus sa first deposit, araw-araw! hoi3u5x.ca",Investment Scam,synthetic,ORIG_01351
SYNTH_00914,,Araw-araw may 100%-150% bonus para sa unang deposito! hoi3u5x.ca,Investment Scam,synthetic,ORIG_01351
SYNTH_00915,,Claim 100%-150% bonus sa unang deposito araw-araw! hoi3u5x.ca,Investment Scam,synthetic,ORIG_01351
SYNTH_00916,,"Bonanza package ngayon! Mag-deposito at tumanggap ng 3 araw na libreng kredito, UP to 300 p, plus 100% welcome bonus. Website: Ep1cwin.eu Maglaro na!",Investment Scam,synthetic,ORIG_01355
SYNTH_00917,,"Exclusive Bonanza! Magdeposito para makuha ang libreng kredito sa loob ng 3 araw, UP to 300 p at 100% welcome bonus. Website: Ep1cwin.eu Maglaro ngayon!",Investment Scam,synthetic,ORIG_01355
SYNTH_00918,,"Bonanza promo! Magdeposito ngayon at may 3 araw na libreng kredito, UP to 300 p, kasama ang 100% welcome bonus. Bisitahin: Ep1cwin.eu Maglaro na!",Investment Scam,synthetic,ORIG_01355
SYNTH_00919,,"Doblihin mo na ang saya at panalo mo! 100% deposit bonus, naghihintay sa'yo. 1q2w3e8.ca",Investment Scam,synthetic,ORIG_01369
SYNTH_00920,,"I-level up na ang saya at panalo mo - 100% deposit bonus, naghihintay sa'yo ngayon. 1q2w3e8.ca",Investment Scam,synthetic,ORIG_01369
SYNTH_00921,,"Double the fun at panalo mo ngayon! 100% deposit bonus, naghihintay sa'yo. 1q2w3e8.ca",Investment Scam,synthetic,ORIG_01369
SYNTH_00922,,"Palakihin natin ang deposit mo, doble agad! Only here sa PanaloKa! Ang 2,000p mo gagawing 4,000p! Panalokawins.eu Claim your 300% FIRST BONUS! Sign up now!",Investment Scam,synthetic,ORIG_01370
SYNTH_00923,,"Dito lang sa PanaloKa, doble kaagad ang deposit mo! Yung 2,000p mo, magiging 4,000p! Panalokawins.eu - Claim your 300% FIRST BONUS! Mag-sign up now!",Investment Scam,synthetic,ORIG_01370
SYNTH_00924,,"Make your deposit doble ngayon sa PanaloKa! 2,000p turns into 4,000p in no time! Panalokawins.eu Claim your 300% FIRST BONUS! Sign up now!",Investment Scam,synthetic,ORIG_01370
SYNTH_00925,,Doublehin na ang saya at panalo mo—may 100% deposit bonus na naghihintay sayo. 1q2w3e7.ca,Investment Scam,synthetic,ORIG_01373
SYNTH_00926,,"Level up ang win mo ngayon: 100% deposit bonus para sayo, huwag palampasin. 1q2w3e7.ca",Investment Scam,synthetic,ORIG_01373
SYNTH_00927,,Gawing doble ang tuwa at panalo—100% deposit bonus ready na para sayo. 1q2w3e7.ca,Investment Scam,synthetic,ORIG_01373
SYNTH_00928,,"Mag-recharge now, get 100% bonus—gamitin ang 100 para manalo ng 10k! 1q2w3e7.ca",Investment Scam,synthetic,ORIG_01374
SYNTH_00929,,"Recharge ngayon, 100% bonus agad; gamitin ang 100 para manalo ng 10k! 1q2w3e7.ca",Investment Scam,synthetic,ORIG_01374
SYNTH_00930,,"Mag top-up na, may 100% bonus; gamitin ang 100 at manalo ng 10k! 1q2w3e7.ca",Investment Scam,synthetic,ORIG_01374
SYNTH_00931,,"Mag-earn habang nanonood ng YouTube, 500P kada araw. Kontakin ang tutor para makuha ang 138P. ytbp.bid",Job Scam,synthetic,ORIG_00499
SYNTH_00932,,Watch YouTube at kumita ng 500P per day; message ang tutor para ma-receive ang 138P. ytbp.bid,Job Scam,synthetic,ORIG_00499
SYNTH_00933,,"Habang nanonood ng YouTube, puwedeng kumita ng 500P araw-araw; makipag-ugnayan sa tutor para matanggap ang 138P. ytbp.bid",Job Scam,synthetic,ORIG_00499
SYNTH_00934,,Earn 500P per day just by watching YouTube—message the tutor now to claim 138P. gcrd.bid,Job Scam,synthetic,ORIG_00500
SYNTH_00935,,Watch YouTube and get paid 500P daily; contact the tutor to receive 138P today. gcrd.bid,Job Scam,synthetic,ORIG_00500
SYNTH_00936,,Get 500P per day for watching YouTube—contact the tutor to collect 138P. gcrd.bid,Job Scam,synthetic,ORIG_00500
SYNTH_00937,,Kumita habang nanonood ng YouTube—500P bawat araw! Makipag-ugnayan sa tutor para makuha ang 138P. ytbp.bid,Job Scam,synthetic,ORIG_00501
SYNTH_00938,,Manood ng YouTube at kumita ng 500P bawat araw; i-contact ang tutor para ma-receive ang 138P. ytbp.bid,Job Scam,synthetic,ORIG_00501
SYNTH_00939,,Earn habang nanonood ng YouTube: 500P bawat araw. Reach out sa tutor para ma-claim ang 138P. ytbp.bid,Job Scam,synthetic,ORIG_00501
SYNTH_00940,,"Earn cash by watching YouTube, get 500P per day; message the tutor to receive 138P. jueb.bid",Job Scam,synthetic,ORIG_00508
SYNTH_00941,,"Make income just watching YouTube; 500P per day, contact the tutor to get 138P. jueb.bid",Job Scam,synthetic,ORIG_00508
SYNTH_00942,,Watch YouTube and earn money: 500P/day; reach out to the tutor to receive 138P. jueb.bid,Job Scam,synthetic,ORIG_00508
SYNTH_00943,,Mag-earn habang nanonood ng YouTube - 500P kada araw! Kontakin ang tutor para makuha ang 138P. qytb.bid,Job Scam,synthetic,ORIG_00510
SYNTH_00944,,Watch YouTube and get paid: 500P per day; message the tutor to claim 138P. qytb.bid,Job Scam,synthetic,ORIG_00510
SYNTH_00945,,Pwede kang kumita habang nanonood ng YouTube - 500P bawat araw; kausapin ang tutor para makatanggap ng 138P. qytb.bid,Job Scam,synthetic,ORIG_00510
SYNTH_00946,,Earn 500P per day just by watching YouTube! Message the tutor now to claim 138P. ghoo.bid,Job Scam,synthetic,ORIG_00512
SYNTH_00947,,Watch YouTube and get paid—make 500P per day; reach out to the tutor to get 138P. ghoo.bid,Job Scam,synthetic,ORIG_00512
SYNTH_00948,,"Turn YouTube time into cash: 500P per day, contact the tutor today to receive 138P. ghoo.bid",Job Scam,synthetic,ORIG_00512
SYNTH_00949,,Kumita sa panonood ng YouTube—500P bawat araw! Makipag-ugnayan sa tutor para makuha ang 138P. gbcz.bid,Job Scam,synthetic,ORIG_00513
SYNTH_00950,,Manood ng YouTube at kumita ng 500P daily; i-contact ang tutor para makatanggap ng 138P. gbcz.bid,Job Scam,synthetic,ORIG_00513
SYNTH_00951,,Earn habang nanonood ng YouTube: 500P per araw. Message ang tutor para matanggap ang 138P. gbcz.bid,Job Scam,synthetic,ORIG_00513
SYNTH_00952,,Earn a 300P daily salary with ease. Just message the instructor on your mobile phone to claim the 138P novice red envelope. qatm.bid,Job Scam,synthetic,ORIG_00517
SYNTH_00953,,"Make 300P per day, simpler than ever. Contact the instructor via your mobile phone to get the 138P novice red envelope. qatm.bid",Job Scam,synthetic,ORIG_00517
SYNTH_00954,,300P daily pay made easy - reach out to the instructor on your mobile phone and receive the 138P novice red envelope. qatm.bid,Job Scam,synthetic,ORIG_00517
SYNTH_00955,,Earn a daily wage of 300P easily. Message the instructor on your mobile to claim the 138P novice red envelope. wanp.bid,Job Scam,synthetic,ORIG_00518
SYNTH_00956,,Getting 300P per day is simple. Contact the instructor using your phone to get the 138P novice red envelope. wanp.bid,Job Scam,synthetic,ORIG_00518
SYNTH_00957,,Easy 300P daily pay available. Reach out to the instructor via your mobile and receive the 138P novice red envelope. wanp.bid,Job Scam,synthetic,ORIG_00518
SYNTH_00958,,Kumita habang nanonood sa YouTube: 500P kada araw. Kontakin ang tutor para makuha ang 138P. htka.bid,Job Scam,synthetic,ORIG_00520
SYNTH_00959,,Manood ng YouTube at kumita ng 500P per day; i-message ang tutor para makuha ang 138P. htka.bid,Job Scam,synthetic,ORIG_00520
SYNTH_00960,,"Kita habang nanonood ng YouTube, 500P araw-araw. Makipag-ugnayan sa tutor para makatanggap ng 138P. htka.bid",Job Scam,synthetic,ORIG_00520
SYNTH_00961,,"Earn cash by watching YouTube, get 500P per day, message the tutor to claim 138P. zhmg.bid",Job Scam,synthetic,ORIG_00522
SYNTH_00962,,"Watch YouTube and make money, 500P daily, contact the tutor to receive 138P. zhmg.bid",Job Scam,synthetic,ORIG_00522
SYNTH_00963,,"Get paid to watch YouTube, earn 500P per day, chat with the tutor to get 138P. zhmg.bid",Job Scam,synthetic,ORIG_00522
SYNTH_00964,,Mag-earn habang nanonood ng YouTube—kumita ng 500P kada araw; i-message ang tutor para ma-claim ang 138P. fghj.bid,Job Scam,synthetic,ORIG_00523
SYNTH_00965,,Watch YouTube at kumita: 500P per day; kontakin ang tutor para makuha ang 138P ngayon. fghj.bid,Job Scam,synthetic,ORIG_00523
SYNTH_00966,,"Magkapera sa panonood ng YouTube, 500P araw-araw; reach out sa tutor para makatanggap ng 138P. fghj.bid",Job Scam,synthetic,ORIG_00523
SYNTH_00967,,Manood lang ng YouTube at kumita ng 500P bawat araw; makipag-ugnayan sa tutor para makatanggap ng 138P. fghj.bid,Job Scam,synthetic,ORIG_00524
SYNTH_00968,,Kumita habang nanonood ng YouTube: 500P araw-araw; i-message ang tutor para makatanggap ng 138P. fghj.bid,Job Scam,synthetic,ORIG_00524
SYNTH_00969,,"Kumita ka sa panonood ng YouTube, 500P bawat araw; kausapin ang tutor para makatanggap ng 138P. fghj.bid",Job Scam,synthetic,ORIG_00524
SYNTH_00970,,Earn cash by watching YouTube videos—get 500P per day; contact the tutor to claim 138P. mmyy.bid,Job Scam,synthetic,ORIG_00530
SYNTH_00971,,Make easy income watching YouTube: 500P per day. Message the tutor now to receive 138P. mmyy.bid,Job Scam,synthetic,ORIG_00530
SYNTH_00972,,Watch YouTube and get paid—500P per day! Reach out to the tutor to get 138P. mmyy.bid,Job Scam,synthetic,ORIG_00530
SYNTH_00973,,Earn 518P daily just by watching YouTube - message the tutor now to receive 138P. teaq.bid,Job Scam,synthetic,ORIG_00540
SYNTH_00974,,Get 518P per day for watching YouTube; reach out to the tutor to receive 138P now. teaq.bid,Job Scam,synthetic,ORIG_00540
SYNTH_00975,,Make money watching YouTube - earn 518P per day; chat the tutor to receive 138P. teaq.bid,Job Scam,synthetic,ORIG_00540
SYNTH_00976,,Earn 518P daily just by watching YouTube. Message the tutor to claim 138P. akkp.bid,Job Scam,synthetic,ORIG_00543
SYNTH_00977,,Get paid 518P per day for watching YouTube! Contact the tutor now to collect 138P. akkp.bid,Job Scam,synthetic,ORIG_00543
SYNTH_00978,,Watch YouTube and make cash - earn 518P each day; reach out to the tutor to get 138P. akkp.bid,Job Scam,synthetic,ORIG_00543
SYNTH_00979,,"Mag-earn habang nanonood ng YouTube, 500P kada araw ang kita; i-message ang tutor para makuha ang 138P. reqq.bid",Job Scam,synthetic,ORIG_00552
SYNTH_00980,,"Kumita habang nanonood sa YouTube, 500P per day; i-contact ang tutor para ma-receive ang 138P. reqq.bid",Job Scam,synthetic,ORIG_00552
SYNTH_00981,,Manood ka lang ng YouTube at kumita: 500P araw-araw; kausapin ang tutor para tanggapin ang 138P. reqq.bid,Job Scam,synthetic,ORIG_00552
SYNTH_00982,,"Hello sir/mam, you have been chosen for a part-time job offering a daily salary of 3000-8000. For consultation, contact WS? here: http://9cb.life/44M6Z",Job Scam,synthetic,ORIG_00713
SYNTH_00983,,"Good day, sir/mam! Selected ka para sa part-time job with daily salary 3000-8000. Contact WS? for consultation now: http://9cb.life/44M6Z",Job Scam,synthetic,ORIG_00713
SYNTH_00984,,"Hi sir/mam, you are selected for part-time work earning 3000-8000 per day. Contact WS? to consult via: http://9cb.life/44M6Z",Job Scam,synthetic,ORIG_00713
SYNTH_00985,,"Hi sir/mam, you've been chosen for a part-time job paying 3000-8000 daily. Contact? WS? for consultation: http://9cb.life/44M6Z",Job Scam,synthetic,ORIG_00714
SYNTH_00986,,"Hello po sir/mam, selected ka for part-time work, daily salary 3000-8000. Contact? WS? for consultation: http://9cb.life/44M6Z",Job Scam,synthetic,ORIG_00714
SYNTH_00987,,"Good day sir/mam, you are selected for a part-time job earning 3000-8000 per day. Contact? WS? for consultation: http://9cb.life/44M6Z",Job Scam,synthetic,ORIG_00714
SYNTH_00988,,"Immediate hiring in Taguig for German Sheperds: Document Analyst (related exp, shifting, 75-85K) and Billing Analyst (SAP Billing Suite knowledge a plus, Midshift, 60-75K). Strong written & spoken German and English required. Send CV: kimphil28@gmail.com",Job Scam,synthetic,ORIG_00891
SYNTH_00989,,"Urgent: German Sheperds Taguig now recruiting! Document Analyst w/ relevant experience, shifting, 75-85K; plus Billing Analyst, SAP Billing Suite a plus, Midshift, 60-75K. Must be proficient in German & English (written/spoken). Email: kimphil28@gmail.com",Job Scam,synthetic,ORIG_00891
SYNTH_00990,,"Hiring na sa Taguig for German Sheperds—Document Analyst (may related exp, shifting, 75-85K) at Billing Analyst (alam sa SAP Billing Suite, advantage; Midshift, 60-75K). Kailangan written & spoken German at English. Send application to kimphil28@gmail.com",Job Scam,synthetic,ORIG_00891
SYNTH_00991,,"Hiring now for German Speakers in Taguig: Document Analyst with related experience, shifting schedule, 75-85K; plus Billing Analyst, knowledge in SAP Billing Suite is a plus, Midshift, 60-75K. Must have written & spoken proficiency in German & English. Send CV: kimphil28@gmail.com",Job Scam,synthetic,ORIG_00892
SYNTH_00992,,"Urgent hiring sa Taguig for German Speakers! Need Document Analyst na may related exp, shifting, 75-85K; at Billing Analyst, knowledge in SAP Billing Suite is a plus, Midshift, 60-75K. Kailangan written & spoken German & English. Email: kimphil28@gmail.com",Job Scam,synthetic,ORIG_00892
SYNTH_00993,,"Immediate openings - German Speakers in Taguig: Document Analyst (with related exp), shifting, 75-85K; and Billing Analyst (knowledge in SAP Billing Suite is a plus), Midshift, 60-75K. Strong written and spoken German & English required. Apply via: kimphil28@gmail.com",Job Scam,synthetic,ORIG_00892
SYNTH_00994,,It’s very important that you email me as soon as possible about your work (diegomendoza326145@gmail.com).,Job Scam,synthetic,ORIG_01131
SYNTH_00995,,Please email me urgently about your job ASAP (diegomendoza326145@gmail.com).,Job Scam,synthetic,ORIG_01131
SYNTH_00996,,Kindly reach out to my email right away about your work (diegomendoza326145@gmail.com).,Job Scam,synthetic,ORIG_01131
SYNTH_00997,,"For more info, email: rp865233@gmail.com",Job Scam,synthetic,ORIG_01133
SYNTH_00998,,Send an email for details to: rp865233@gmail.com,Job Scam,synthetic,ORIG_01133
SYNTH_00999,,Inquire via email now: rp865233@gmail.com,Job Scam,synthetic,ORIG_01133
SYNTH_01000,,"Did you receive my SMS about your application? Please reply to me at sophiavillanueva53@hotmail.com ASAP, this is urgent.",Job Scam,synthetic,ORIG_01141
SYNTH_01001,,"Nareceive mo ba yung text ko tungkol sa application mo? Pakisagot sa sophiavillanueva53@hotmail.com ngayon, urgent.",Job Scam,synthetic,ORIG_01141
SYNTH_01002,,Have you seen my SMS regarding your application? Kindly email me at sophiavillanueva53@hotmail.com immediately—urgent.,Job Scam,synthetic,ORIG_01141
SYNTH_01003,,Hey! Reply right away if you're looking for work—email [ jwarjfkj@gmail.com],Job Scam,synthetic,ORIG_01145
SYNTH_01004,,Hi! Message me now if you need a job—contact [ jwarjfkj@gmail.com],Job Scam,synthetic,ORIG_01145
SYNTH_01005,,Hello! Looking for work? Please respond ASAP via [ jwarjfkj@gmail.com],Job Scam,synthetic,ORIG_01145
SYNTH_01006,,"If you're still interested in the position, email me ASAP at gregrch34@gmail.com (3x reminder texts)",Job Scam,synthetic,ORIG_01161
SYNTH_01007,,Still interested in the role? Contact me now at gregrch34@gmail.com (3x follow-up texts),Job Scam,synthetic,ORIG_01161
SYNTH_01008,,"Kung interesado ka pa sa position, email mo ako ngayon sa gregrch34@gmail.com (3x paalala)",Job Scam,synthetic,ORIG_01161
SYNTH_01009,,U.A.E. JOB OPENING ALERT: EMAIL YOUR RESUME TO info@ismailnasirshipping.com TO APPLY.,Job Scam,synthetic,ORIG_01185
SYNTH_01010,,URGENT U.A.E. HIRING: SEND YOUR CV TO info@ismailnasirshipping.com FOR PROCESSING.,Job Scam,synthetic,ORIG_01185
SYNTH_01011,,"U.A.E. CAREER NOTICE: FOR APPLICATION, FORWARD YOUR RESUME TO info@ismailnasirshipping.com NOW.",Job Scam,synthetic,ORIG_01185
SYNTH_01012,,Earn 240 to 700 pesos for promoting products—no fees required to complete basic tasks. Visit https://kikixe.com,Job Scam,synthetic,ORIG_01186
SYNTH_01013,,Receive an income of 240 to 700 pesos by promoting products; you won’t pay any fees to finish basic tasks. Go to https://kikixe.com,Job Scam,synthetic,ORIG_01186
SYNTH_01014,,"Kumita ng 240 to 700 pesos sa pag-promote ng products, walang kailangang bayad para tapusin ang basic tasks. Click https://kikixe.com",Job Scam,synthetic,ORIG_01186
SYNTH_01015,,Earn an extra 3000-5000 per day! Do online staff recruiting with flexible hours and location. Contact now: https://wa.me/+639774051291,Job Scam,synthetic,ORIG_01187
SYNTH_01016,,"Kumita ng extra 3000-5000 araw-araw! Mag-recruit ng staff online, flexible ang oras at lugar. DM here: https://wa.me/+639774051291",Job Scam,synthetic,ORIG_01187
SYNTH_01017,,"You can make an extra 3000-5000 each day—online staff recruitment, flexible schedule and location! Message us at https://wa.me/+639774051291",Job Scam,synthetic,ORIG_01187
SYNTH_01018,,Want to live and work ABROAD? Vacancies open now!!! Kindly email me immediately for details: rp247568@gmail.com,Job Scam,synthetic,ORIG_01198
SYNTH_01019,,Do you want to live and work abroad? Positions available!!! Contact me by email now for more details: rp247568@gmail.com,Job Scam,synthetic,ORIG_01198
SYNTH_01020,,Interested in living and working ABROAD? Vacancies available!!! Please email me now for details: rp247568@gmail.com,Job Scam,synthetic,ORIG_01198
SYNTH_01021,,We're looking for you to join our company's home-based business. Earn big from home now! Interested? Click the link below: m.me/110002170861550,Job Scam,synthetic,ORIG_01226
SYNTH_01022,,"Kailangan ka ng aming company, homebased business ito. Malaking kita kahit nasa bahay. Interesado? I-click ang link sa ibaba: m.me/110002170861550",Job Scam,synthetic,ORIG_01226
SYNTH_01023,,Be part of our company's home-based business and earn big while staying at home. Interested? Click below: m.me/110002170861550,Job Scam,synthetic,ORIG_01226
SYNTH_01024,,"Kumita ng malaking pera kahit sa bahay lang.

Maging onliner tulad namin!!

Interesado?
I-click ang link sa ibaba:

m.me/103766741492520",Job Scam,synthetic,ORIG_01227
SYNTH_01025,,"Earn big while at home.

Be an onliner like us NOW!!

Interested?
Tap the link below:

m.me/103766741492520",Job Scam,synthetic,ORIG_01227
SYNTH_01026,,"Kumita ng malaki kahit hindi na lumabas ng bahay.

Sumali bilang onliner namin!!

Interesado?
Click the link here:

m.me/103766741492520",Job Scam,synthetic,ORIG_01227
SYNTH_01027,,"Pakisuyo, makipag-ugnayan kay Mr. Kristoffer sa email na kzum90@yahoo.com. May mahalagang oportunidad siya para sa'yo. Maraming salamat.",Job Scam,synthetic,ORIG_01231
SYNTH_01028,,Maaari mo bang kaagad i-email si Mr. Kristoffer sa kzum90@yahoo.com? May importanteng alok na naghihintay para sa iyo. Maraming salamat.,Job Scam,synthetic,ORIG_01231
SYNTH_01029,,Pakikontak agad si Mr. Kristoffer sa kanyang email: kzum90@yahoo.com. May mahalagang alok para sa iyo. Maraming salamat.,Job Scam,synthetic,ORIG_01231
SYNTH_01030,,"Hello, Inspiro here! Earn up to 100K plus 20K Joining Bonus as an INBOUND Sales Specialist. Apply now: https://talkpu.sh/3PKja",Job Scam,synthetic,ORIG_01235
SYNTH_01031,,"Hi, this is Inspiro. Kumita ng up to 100K with 20K Joining Bonus bilang INBOUND Sales Specialist. Click to apply: https://talkpu.sh/3PKja",Job Scam,synthetic,ORIG_01235
SYNTH_01032,,Greetings from Inspiro. Make up to 100K and receive a 20K Joining Bonus as an INBOUND Sales Specialist. Apply here: https://talkpu.sh/3PKja,Job Scam,synthetic,ORIG_01235
SYNTH_01033,,Let's talk about the job via email—contact me at infopacif4@gmail.com.,Job Scam,synthetic,ORIG_01236
SYNTH_01034,,Kindly discuss the job with me through this email: infopacif4@gmail.com.,Job Scam,synthetic,ORIG_01236
SYNTH_01035,,Reach out to discuss the job now at this email ( infopacif4@gmail.com ).,Job Scam,synthetic,ORIG_01236
SYNTH_01036,,"by SMSCaster.com: URGENT! NOW HIRING DH ONLY for work abroad. Domestic Helper OFW slots open—contact 09975949395. Free accommodation, food, and transportation. 100% legit.",Job Scam,synthetic,ORIG_01241
SYNTH_01037,,"by SMSCaster.com: Immediate hiring—DH work overseas only. Domestic Helper OFW applicants, pls call/text 09975949395. Libre accommodation, meals, at transpo. 100% legit.",Job Scam,synthetic,ORIG_01241
SYNTH_01038,,"by SMSCaster.com: Rush hiring—DH only for abroad! Domestic Helper OFW needed—contact 09975949395. Free housing, food, and transpo provided. 100% legit.",Job Scam,synthetic,ORIG_01241
SYNTH_01039,,"Good day! This is Ms.Ivie of multi banking personal cash loan. We offer an unsecured personal loan from 100k up to 5M, released within 3 to 7 banking days. If you are interested, please reply YES. Thank you.",Loan Scam,synthetic,ORIG_00005
SYNTH_01040,,"Magandang araw, ako si Ms.Ivie ng multi banking personal cash loan. Personal loan 100k up to 5M, unsecured, puwedeng ma-release in 3 to 7 banking days. Kung interesado ka, reply YES. Salamat.",Loan Scam,synthetic,ORIG_00005
SYNTH_01041,,"Hello, I'm Ms.Ivie from multi banking personal cash loan. Avail an unsecured personal loan 100k up to 5M, funds out as fast as 3 to 7 banking days. If interested, kindly reply YES. Thank you.",Loan Scam,synthetic,ORIG_00005
SYNTH_01042,,"Na-credit na sa account mo ang P2020 refund, may bonus pa bilang kabayaran sa abala. I-check na agad ang credit mo! I-claim dito: win996.fo",Loan Scam,synthetic,ORIG_00135
SYNTH_01043,,"Pumasok na ang P2020 refund sa iyong account, kasama ang bonus para sa abala. Check mo na ngayon ang credit mo, dali! Claim na dito: win996.fo",Loan Scam,synthetic,ORIG_00135
SYNTH_01044,,"Na-post na ang P2020 sa account mo bilang refund, may extra bonus pa dahil sa naranasang abala. Tingnan na ang credit mo ngayon, bilis! Claim na: win996.fo",Loan Scam,synthetic,ORIG_00135
SYNTH_01045,,"Na-credit na sa account mo ang P2210, may extra bonus pa bilang kabayaran sa abala. I-check agad ang credit mo, dali! I-claim dito: gins32.ltd",Loan Scam,synthetic,ORIG_00155
SYNTH_01046,,"P2210 refund posted na sa iyong account, kasama ang pa-bonus para sa naranasang abala. Sige na, i-check mo na ang credit mo ngayon! Claim now: gins32.ltd",Loan Scam,synthetic,ORIG_00155
SYNTH_01047,,"Narefund na ang P2210 sa account mo at may kalakip pang bonus dahil sa abalang dinanas. Check mo na agad ang credit mo, bilis! I-claim na sa: gins32.ltd",Loan Scam,synthetic,ORIG_00155
SYNTH_01048,,"Short on funds? We’ve got you covered.

Get EASY CASH LOANS today.

With only a few basic requirements, you can apply and be approved for a cash loan in just 5-7 days.

Message our processing team via Viber at 09630695831

Thank you",Loan Scam,synthetic,ORIG_00489
SYNTH_01049,,"Kulang sa pera? Nandito kami para tumulong.

Nag-aalok kami ng EASY CASH LOANS ngayon.

Konting requirements lang, puwede ka nang mag-apply at ma-approve sa cash loan within 5-7 days.

I-message ang processing team namin via Viber sa 09630695831

Thank you",Loan Scam,synthetic,ORIG_00489
SYNTH_01050,,"Need cash fast? We’re ready to assist.

Apply for EASY CASH LOANS today.

Meet a few simple requirements and get your cash loan approved in 5-7 days.

Send a message to our processing team via Viber at 09630695831

Thank you",Loan Scam,synthetic,ORIG_00489
SYNTH_01051,,"I-deposit ang P177 sa 177BET para makuha ang P177 cash agad
4k80xac.loan",Loan Scam,synthetic,ORIG_00600
SYNTH_01052,,"Mag-top up ng P177 sa 177BET at tatanggap ka ng P177 cash ngayon
4k80xac.loan",Loan Scam,synthetic,ORIG_00600
SYNTH_01053,,"Deposit P177 sa 177BET at kunin ang P177 cash kaagad
4k80xac.loan",Loan Scam,synthetic,ORIG_00600
SYNTH_01054,,"Mag-top up ng P177 sa 177BET para makatanggap ng P177 cash ngayon
4k80xac.loan",Loan Scam,synthetic,ORIG_00601
SYNTH_01055,,"Deposit P177 sa 177BET at agad makakakuha ng P177 cash
4k80xac.loan",Loan Scam,synthetic,ORIG_00601
SYNTH_01056,,"Magdeposito ng P177 sa 177BET para i-claim ang P177 cash bonus
4k80xac.loan",Loan Scam,synthetic,ORIG_00601
SYNTH_01057,,Loan? PM now,Loan Scam,synthetic,ORIG_00640
SYNTH_01058,,Loan ba? PM na,Loan Scam,synthetic,ORIG_00640
SYNTH_01059,,Loan? PM asap,Loan Scam,synthetic,ORIG_00640
SYNTH_01060,,"Good day! This is Mr.Michael of multi banking  personal cash loan, offering you a personal loan. 100k up to 5M Unsecured loan available, release in as fast as 3 to 7 banking days. If interested, reply YES. Thank you.",Loan Scam,synthetic,ORIG_00671
SYNTH_01061,,"Magandang araw, I'm Mr.Michael from multi banking  personal cash loan. We can offer you a personal loan—100k up to 5M Unsecured loan—maaaring ma-approve in 3 to 7 banking days. Kung interesado, sagot ng YES. Thank you.",Loan Scam,synthetic,ORIG_00671
SYNTH_01062,,"Hello, this is Mr.Michael representing multi banking  personal cash loan. I’d like to extend a personal loan offer: 100k up to 5M Unsecured loan, funds possible within 3 to 7 banking days. If you want to proceed, please reply YES. Thank you.",Loan Scam,synthetic,ORIG_00671
SYNTH_01063,,"Need quick CASH? May FULLY PAID na CAR or TRUCK ka? Isangla ang ORIGINAL OR-CR into CASH W/Out taking the UNIT, for as low as 1% Mo. Call/Txt: LARRY +63910****343",Loan Scam,synthetic,ORIG_00896
SYNTH_01064,,"Kulang sa pera? Kung may FULLY PAID na CAR & TRUCK, puwede mong isangla ang ORIGINAL OR-CR para maging CASH, hindi kukunin ang UNIT. As low as 1% Mo. Call/Txt: LARRY +63910****343",Loan Scam,synthetic,ORIG_00896
SYNTH_01065,,"Urgent CASH? Meron ka bang FULLY PAID na CAR & TRUCK? Sangla mo ang ORIGINAL OR-CR into CASH W/Out taking a UNIT, for as low as 1% Mo. Call/Txt: LARRY +63910****343",Loan Scam,synthetic,ORIG_00896
SYNTH_01066,,"Your account has been approved for P12000 on July 1—apply now and receive cash the same day! No guarantee needed, no meet-up.
Visit: c7.gg/fB2W9
[pHLoAn]",Loan Scam,synthetic,ORIG_00897
SYNTH_01067,,"Na-approve na ang account mo ng P12000 on July 1; mag-apply ngayon para makuha ang cash sa parehong araw! Walang guarantee, walang meet-up.
Visit: c7.gg/fB2W9
[pHLoAn]",Loan Scam,synthetic,ORIG_00897
SYNTH_01068,,"Great news: your account qualifies for P12000 on July 1—submit your application and get cash same day! No guarantee required, no meet up.
Visit: c7.gg/fB2W9
[pHLoAn]",Loan Scam,synthetic,ORIG_00897
SYNTH_01069,,"P12000 is ready for you - apply now in our App. No meet up, no guarantee needed. Visit: c7.gg/f9hTz opt: text STOP [Phloan]",Loan Scam,synthetic,ORIG_00898
SYNTH_01070,,"P12000 nakaabang para sa'yo, apply na sa aming App. Walang meet up, walang guarantee. Visit: c7.gg/f9hTz opt: text STOP [Phloan]",Loan Scam,synthetic,ORIG_00898
SYNTH_01071,,"Get P12000 fast when you apply via our App. No meet up required, No guarantee. Visit: c7.gg/f9hTz opt: text STOP [Phloan]",Loan Scam,synthetic,ORIG_00898
SYNTH_01072,,"[UPESo] You’re approved for 12000 peso credit on Mar 10. Complete your file and apply now. Get it in 12 hours.
Visit: bit.ly/upeso_googlePlay
opt-out:msg ""NO",Loan Scam,synthetic,ORIG_00903
SYNTH_01073,,"[UPESo] 12000 peso credit was granted on Mar 10. Finish your file and submit your application. Receive it in 12 hours.
Visit: bit.ly/upeso_googlePlay
opt-out:msg ""NO",Loan Scam,synthetic,ORIG_00903
SYNTH_01074,,"[UPESo] You have been granted 12000 peso credit on Mar 10. Complete your documents and apply today. Get it within 12 hours.
Visit: bit.ly/upeso_googlePlay
opt-out:msg ""NO",Loan Scam,synthetic,ORIG_00903
SYNTH_01075,,[peSoLoan] You’re approved for 8000 PeSo CreDit on Mar 2. Complete your file and apply now to get it within 12 hours. No meetup. Visit: bit.ly/googleplay_09 opt-out:msg NO,Loan Scam,synthetic,ORIG_00904
SYNTH_01076,,[peSoLoan] Na-grant sa'yo ang 8000 PeSo CreDit on Mar 2. Kumpletuhin ang file mo at mag-apply. Makukuha mo ito in 12 hours. No meetup. Visit: bit.ly/googleplay_09 opt-out:msg NO,Loan Scam,synthetic,ORIG_00904
SYNTH_01077,,[peSoLoan] 8000 PeSo CreDit granted on Mar 2. Finalize your file then apply to receive it in 12 hours. No meetup needed. Visit: bit.ly/googleplay_09 opt-out:msg NO,Loan Scam,synthetic,ORIG_00904
SYNTH_01078,,[PondoPeso] P40000 Credit approved on Jan 9! Finish your profile and send your application. Cash in 12 hours. Visit: bit.ly/Googleplay_Pondopeso opt-out:text NO,Loan Scam,synthetic,ORIG_00907
SYNTH_01079,,[PondoPeso] You’re eligible for P40000 Credit on Jan 9. Complete your profile to apply today and receive funds within 12 hours. Visit: bit.ly/Googleplay_Pondopeso opt-out:text NO,Loan Scam,synthetic,ORIG_00907
SYNTH_01080,,[PondoPeso] P40000 Credit confirmed on Jan 9. Update your profile then apply to claim. Money available in 12 hours. Visit: bit.ly/Googleplay_Pondopeso opt-out:text NO,Loan Scam,synthetic,ORIG_00907
SYNTH_01081,,[CashLending] You’re approved for P5000 credit on Dec 3. Finish your profile then submit your application. Cash out within 12 hours. No Guarantee. Visit:bit.ly/Googleplay_CashLending,Loan Scam,synthetic,ORIG_00908
SYNTH_01082,,[CashLending] P5000 credit available by Dec 3. Complete your profile to apply now. Receive funds in 12 hours. No Guarantee. Visit:bit.ly/Googleplay_CashLending,Loan Scam,synthetic,ORIG_00908
SYNTH_01083,,[CashLending] Get approved for P5000 credit this Dec 3. Update your profile and apply today. Money in 12 hours. No Guarantee. Visit:bit.ly/Googleplay_CashLending,Loan Scam,synthetic,ORIG_00908
SYNTH_01084,,"Hello, this is Mr. Joshua McConnell. Please respond at once to this email to settle your debt: mccllj458@gmail.com",Loan Scam,synthetic,ORIG_01164
SYNTH_01085,,"Good day, I am Mr. Joshua McConnell. Contact me immediately via email to clear your debt—mccllj458@gmail.com",Loan Scam,synthetic,ORIG_01164
SYNTH_01086,,"Greetings, this is Mr. Joshua McConnell. Urgently reply to this email to resolve your debt: mccllj458@gmail.com",Loan Scam,synthetic,ORIG_01164
SYNTH_01087,,Your outstanding debt needs to be settled—email me back ASAP at mtvgxx@gmail.com,Loan Scam,synthetic,ORIG_01190
SYNTH_01088,,"Kailangan mong ayusin ang utang mo, reply ka agad sa email ko: mtvgxx@gmail.com",Loan Scam,synthetic,ORIG_01190
SYNTH_01089,,Settle your balance today; respond to my email immediately: mtvgxx@gmail.com,Loan Scam,synthetic,ORIG_01190
SYNTH_01090,,"Need a Salary or Business Loan? Grab our 30kto2M promo now. For fast processing, call me.",Loan Scam,synthetic,ORIG_01207
SYNTH_01091,,"Kailangan mo ng Salary or Business Loan? Promo namin 30kto2M. Para sa mabilis na transaction, tawagan mo ako.",Loan Scam,synthetic,ORIG_01207
SYNTH_01092,,"Salary or Business Loan? Get our promo 30kto2M today. For quick transaction, call me.",Loan Scam,synthetic,ORIG_01207
SYNTH_01093,,"Good morning po, kumusta na? Pwede na po ba akong maningil ngayon?",Loan Scam,synthetic,ORIG_01208
SYNTH_01094,,"Good am po, kamusta? Maaari ko na po bang singilin ngayon?",Loan Scam,synthetic,ORIG_01208
SYNTH_01095,,"Magandang umaga po, musta na po. Baka puwede na akong maningil ngayon?",Loan Scam,synthetic,ORIG_01208
SYNTH_01096,,Please make every effort to contact me to address your missing payment here: gregrds37@gmail.com,Loan Scam,synthetic,ORIG_01210
SYNTH_01097,,Do not delay—reach out to me now to settle your missing payment at: gregrds37@gmail.com,Loan Scam,synthetic,ORIG_01210
SYNTH_01098,,Huwag mong palampasin; kontakin mo ako agad para maasikaso ang nawawalang bayad mo dito: gregrds37@gmail.com,Loan Scam,synthetic,ORIG_01210
SYNTH_01099,,"FINAL WARNING: Your name has now been submitted for blacklisting. If you continue to ignore repayment, you will be barred from all lending companies and banks. A demand letter will be delivered to your home address. Settle your full overdue balance today to stop this.",Loan Scam,synthetic,ORIG_01211
SYNTH_01100,,"MAHALAGANG PAALALA: Na-forward na ang pangalan mo para sa blacklisting. Kapag hindi ka pa rin nagbayad, maba-ban ka sa lahat ng lending companies at banks. Asahan ang demand letter na ipapadala sa iyong home address. Iwasan ito sa pamamagitan ng full payment ng overdue mo ngayon.",Loan Scam,synthetic,ORIG_01211
SYNTH_01101,,"URGENT NOTICE: Your name has already been forwarded for blacklisting. If you still refuse to pay, you will be blocked by all lending companies and banks. A demand letter will be sent to your home address. Prevent this by paying your entire overdue amount today.",Loan Scam,synthetic,ORIG_01211
SYNTH_01102,,"Short on cash? May fully paid na CAR or TRUCK ka? Ipa-sangla ang ORIGINAL OR-CR mo into CASH, no need to take the UNIT. Starting at 0.88% monthly. Look For CHERRY 09338184029",Loan Scam,synthetic,ORIG_01225
SYNTH_01103,,"Kailangan ng pera? Kung fully paid ang CAR & TRUCK mo, puwede mong i-sangla ang ORIGINAL OR-CR to CASH without taking the UNIT, starting 0.88% monthly. Look For CHERRY 09338184029",Loan Scam,synthetic,ORIG_01225
SYNTH_01104,,"Need quick cash? Meron kang fully paid CAR & TRUCK? Sangla ang ORIGINAL OR-CR, convert to CASH, hindi kukunin ang UNIT. Starts at 0.88% monthly. Look For CHERRY 09338184029",Loan Scam,synthetic,ORIG_01225
SYNTH_01105,,Need cash fast? Borrow any amount from 30k up to 2m for your personal needs. Apply for free now! Call me,Loan Scam,synthetic,ORIG_01261
SYNTH_01106,,"Kailangan mo ng cash? Pwede ka humiram from 30k hanggang 2m para sa personal na gastos. Libre ang application, apply now! Call me",Loan Scam,synthetic,ORIG_01261
SYNTH_01107,,"Get funds on demand—loan from 30k to 2m for any personal use. No fees to apply, do it now! Call me",Loan Scam,synthetic,ORIG_01261
SYNTH_01108,,Avail 50K-2M fast—easy approval! Text or call 09504250181; LOOK FOR MS. JEN.,Loan Scam,synthetic,ORIG_01262
SYNTH_01109,,"Get 50K-2M now, quick & easy approved. Txt/call 09504250181, LOOK FOR MS. JEN.",Loan Scam,synthetic,ORIG_01262
SYNTH_01110,,"Kumuha ng 50K-2M mabilis, easy approval—text or tawag 09504250181. LOOK FOR MS. JEN.",Loan Scam,synthetic,ORIG_01262
SYNTH_01111,,"GOOD DAY! Get 50k-2M today with fast, secure processing. TEXT me for more info at 09504250181. Look for Ms.ELA.",Loan Scam,synthetic,ORIG_01263
SYNTH_01112,,"Hello! Nag-o-offer kami ng 50k-2M, mabilis at secure ang proseso. Text me for more info: 09504250181. Look for Ms.ELA.",Loan Scam,synthetic,ORIG_01263
SYNTH_01113,,"Hi! We offer 50k-2M with quick and secure processing. Text me now for more info: 09504250181, look for Ms.ELA.",Loan Scam,synthetic,ORIG_01263
SYNTH_01114,,"Hi!! AVAIL NA 5Ok-2M, easy T0 PR0CESS—Call or Text 09928209902",Loan Scam,synthetic,ORIG_01265
SYNTH_01115,,"Quick cash! 5Ok-2M, EASY T0 PR0CESS—Call or Text 09928209902 NOW",Loan Scam,synthetic,ORIG_01265
SYNTH_01116,,Urgent! Get 5Ok-2M today—super easy T0 PR0CESS. Call or Text 09928209902,Loan Scam,synthetic,ORIG_01265
SYNTH_01117,,"Avail 50k up to 2M—fast, secured approval. Reply 'how' or call 09093702219; look for Ms. Carla",Loan Scam,synthetic,ORIG_01266
SYNTH_01118,,"Get 50k up to 2M today, secured & quick. Reply HOW or call 09093702219, look for Ms. Carla",Loan Scam,synthetic,ORIG_01266
SYNTH_01119,,"Need funds? 50k up to 2M available—secured, fast release. Reply 'how' or call 09093702219; look for Ms. Carla",Loan Scam,synthetic,ORIG_01266
SYNTH_01120,,Tapusin ang recharge at i-download ang APP sa mismong araw para makuha ang P117 cash! mv4xx.loan,Loan Scam,synthetic,ORIG_01608
SYNTH_01121,,Kumpletohin ang recharge at i-download ang APP ngayong araw para tumanggap ng P117 cash! mv4xx.loan,Loan Scam,synthetic,ORIG_01608
SYNTH_01122,,Complete mo ang recharge at i-download ang APP today para ma-claim ang P117 cash! mv4xx.loan,Loan Scam,synthetic,ORIG_01608
SYNTH_01123,,Mag log in at i-forward sa FB para makuha ang libreng P38: sdi1k.loan,Loan Scam,synthetic,ORIG_01609
SYNTH_01124,,Login ngayon at i-forward mo sa FB para may free na P38 - sdi1k.loan,Loan Scam,synthetic,ORIG_01609
SYNTH_01125,,"Mag-sign in at i-forward sa FB para makakuha ng P38 na libre, sdi1k.loan",Loan Scam,synthetic,ORIG_01609
SYNTH_01126,,Mag-login at i-forward sa FB para makuha ang P38 na libre sa sdi1k.loan,Loan Scam,synthetic,ORIG_01610
SYNTH_01127,,Log in na at i-forward sa FB para may P38 ka na free: sdi1k.loan,Loan Scam,synthetic,ORIG_01610
SYNTH_01128,,Sign in at i-forward sa FB para makakuha ng libreng P38 sa sdi1k.loan,Loan Scam,synthetic,ORIG_01610
SYNTH_01129,,"Huwag kalimutan mag-log in araw-araw para ma-claim ang rewards! Max limit ay P1,777 7a2bvd.loan",Loan Scam,synthetic,ORIG_01615
SYNTH_01130,,"Tiyaking mag-log in araw-araw para makuha ang iyong rewards! Pinakamataas na limitasyon: P1,777 7a2bvd.loan",Loan Scam,synthetic,ORIG_01615
SYNTH_01131,,"Mag-log in ka daily para i-claim ang rewards ngayon! Ang maximum na limit ay P1,777 7a2bvd.loan",Loan Scam,synthetic,ORIG_01615
SYNTH_01132,,Mag-log in at i-forward sa FB para ma-claim ang P38 na libre cj78s.loan,Loan Scam,synthetic,ORIG_01616
SYNTH_01133,,Login at i-forward sa FB ngayon para makuha ang libreng P38 cj78s.loan,Loan Scam,synthetic,ORIG_01616
SYNTH_01134,,Mag-sign in tapos i-forward sa FB para may P38 ka na libre cj78s.loan,Loan Scam,synthetic,ORIG_01616
SYNTH_01135,,Mag-login at i-forward sa FB para makuha ang libreng P38: cj78s.loan,Loan Scam,synthetic,ORIG_01617
SYNTH_01136,,"Login ka, i-forward sa FB para ma-claim ang P38 na libre sa cj78s.loan",Loan Scam,synthetic,ORIG_01617
SYNTH_01137,,"Mag-sign in at i-forward sa FB para makakuha ng free na P38, cj78s.loan",Loan Scam,synthetic,ORIG_01617
SYNTH_01138,,"Tito, P177 lang dineposito ko sa 177BET, tapos may 100% cash agad. Umabot sa P53627 ang panalo ko. Tara, secret lang natin! 177bet3.loan",Loan Scam,synthetic,ORIG_01621
SYNTH_01139,,"Tito, nag-deposit ako ng P177 sa 177BET at nakakuha ng 100% cash. Panalo ko P53627! Punta ka na, huwag mo ipaalam kahit kanino. 177bet3.loan",Loan Scam,synthetic,ORIG_01621
SYNTH_01140,,"Tito, P177 lang nilagay ko sa 177BET at may 100% cash pa. Nanalo ako ng P53627. Bilisan mo, atin-atin lang ito! 177bet3.loan",Loan Scam,synthetic,ORIG_01621
SYNTH_01141,,"Ahente ako ng 177BET at tumatanggap ng semi-monthly dividend na P63,727. Tara, sali ka na! 177bet.loan",Loan Scam,synthetic,ORIG_01623
SYNTH_01142,,"Sumali ako bilang ahente ng 177BET at nakakuha ng semi-monthly dividend na P63,727. Join us na! 177bet.loan",Loan Scam,synthetic,ORIG_01623
SYNTH_01143,,"Naging 177BET agent ako at natatanggap ko ang semi-monthly dividend na P63,727. Halika, samahan mo kami! 177bet.loan",Loan Scam,synthetic,ORIG_01623
SYNTH_01144,,"Approved ka na for up to ?3,000,000 housing/personal loan at low 1% monthly interest para sa dream Pasay condo mo near MOA. No collateral or payslip needed. Pay the ?1,500 processing fee now to release your cash instantly via GCash: http://lfhh5x.com",Loan Scam,synthetic,ORIG_01882
SYNTH_01145,,"Great news! Approved ka na! You qualify for up to ?3,000,000 housing/personal loan with only 1% monthly interest to get your dream Pasay condo near MOA. Walang collateral o payslip. Click to settle the ?1,500 processing fee and receive your cash instantly via GCash: http://lfhh5x.com",Loan Scam,synthetic,ORIG_01882
SYNTH_01146,,"Approved na! Avail up to ?3,000,000 housing/personal loan at 1% monthly interest for your dream Pasay condo near MOA. No collateral or payslip needed. Settle the ?1,500 processing fee today and get your cash released instantly via GCash: http://lfhh5x.com",Loan Scam,synthetic,ORIG_01882
SYNTH_01147,,"Congrats! Approved ka na para sa instant personal loan mo up to ?35,000. 0% interest sa first 30 days, No Payslip & No ID required! Para ma-transfer ang cash diretso sa iyong GCash or Maya wallet, i-claim dito: https://t.hxfxph.com/MRGG0",Loan Scam,synthetic,ORIG_01898
SYNTH_01148,,"Good news! Na-approve ka na for an instant personal loan hanggang ?35,000. 0% interest for the first 30 days; walang Payslip o ID na kailangan! I-transfer agad ang cash straight to your GCash or Maya wallet—claim here: https://t.hxfxph.com/MRGG0",Loan Scam,synthetic,ORIG_01898
SYNTH_01149,,"Congratulations! Approved ka na sa iyong instant personal loan na aabot hanggang ?35,000. 0% interest for the first 30 days, no Payslip at no ID needed! Para maipadala ang cash diretso sa GCash or Maya wallet mo, claim it here: https://t.hxfxph.com/MRGG0",Loan Scam,synthetic,ORIG_01898
SYNTH_01150,,"May biglang pangangailangan? Na-approve ka na sa ?25,000 Instant Cash Loan—0% interest at walang hidden fees para sa first-time borrowers. Walang collateral o company ID na kailangan. Tap the link para ma-send agad sa iyong GCash/Maya: https://fdsv02.site",Loan Scam,synthetic,ORIG_01899
SYNTH_01151,,"Kailangan ng pera ngayon? Approved ka na for ?25,000 Instant Cash Loan! 0% interest, walang tinatagong charges sa first-time borrowers. No collateral at hindi kailangan ng company ID. I-tap ang link para matanggap ang funds sa GCash/Maya ngayon: https://fdsv02.site",Loan Scam,synthetic,ORIG_01899
SYNTH_01152,,"Emergency gastos? Qualified ka na sa ?25,000 Instant Cash Loan—0% interest at zero hidden fees para sa first-time borrowers. Hindi na kailangan ng collateral o company ID. Click the link para makuha ang pera sa iyong GCash/Maya ngayon: https://fdsv02.site",Loan Scam,synthetic,ORIG_01899
SYNTH_01153,,"Na-aprubahan ka para sa personal loan na hanggang ?150,000 na may mababang interest. I-claim ang iyong loan ngayon dito: http://clickmetertracking.com/BDOVerify",Loan Scam,synthetic,ORIG_01947
SYNTH_01154,,"Eligible ka na sa personal loan na umaabot sa ?150,000, low interest. Kunin ang loan mo rito: http://clickmetertracking.com/BDOVerify",Loan Scam,synthetic,ORIG_01947
SYNTH_01155,,"Approved ka para sa personal loan up to ?150,000 with low interest. Claim your loan here: http://clickmetertracking.com/BDOVerify",Loan Scam,synthetic,ORIG_01947
SYNTH_01156,,"Kailangan ng pera ngayon? Borrow up to P50,000, walang collateral, approved in 5 mins! Mag-apply online dito: http://lfhh5x.com",Loan Scam,synthetic,ORIG_01966
SYNTH_01157,,"Need cash asap? Get a loan up to P50,000, no collateral needed, 5 mins approval! Apply online here: http://lfhh5x.com",Loan Scam,synthetic,ORIG_01966
SYNTH_01158,,"Urgent cash ba? Loan up to P50,000, walang collateral, approved in 5 mins! Apply online ngayon: http://lfhh5x.com",Loan Scam,synthetic,ORIG_01966
SYNTH_01159,,"Kailangan ng pera ngayon? Get a fast online loan up to P30,000—no requirements, approval in 10 minutes! Apply now at http://9dv1t8.com",Loan Scam,synthetic,ORIG_01984
SYNTH_01160,,"Urgent cash ba? Online loan up to P30,000, no requirements; get approved in 10 minutes! Mag-apply na ngayon via http://9dv1t8.com",Loan Scam,synthetic,ORIG_01984
SYNTH_01161,,"Short on cash? Mabilis na online loan up to P30,000—no requirements, approved in 10 minutes! Apply today through http://9dv1t8.com",Loan Scam,synthetic,ORIG_01984
SYNTH_01162,,"Kulang ka sa cash ngayon? Instant cash loan hanggang P25,000, walang requirements, walang collateral, approved within 15 mins! Reply LOAN para sa link.",Loan Scam,synthetic,ORIG_02010
SYNTH_01163,,"Nagigipit ka ba ngayon? Get quick cash loan up to P25,000, no requirements, no collateral, ma-approve in 15 mins! Reply LOAN para sa link.",Loan Scam,synthetic,ORIG_02010
SYNTH_01164,,"Need cash today? Fast cash loan up to P25,000, no requirements, no collateral, approval in 15 mins! Reply LOAN para sa link.",Loan Scam,synthetic,ORIG_02010
SYNTH_01165,,"Short on cash now? Get a quick loan up to P50,000—no collateral, no credit check—approval in 5 minutes! Apply online: http://kok535.com",Loan Scam,synthetic,ORIG_02032
SYNTH_01166,,"Cash needed ASAP? Borrow up to P50,000 fast, no collateral and no credit check, get approved in 5 minutes! Apply here: http://kok535.com",Loan Scam,synthetic,ORIG_02032
SYNTH_01167,,"Urgently need money? Quick loan up to P50,000 with no collateral, no credit check—5-minute approval! Apply online at http://kok535.com",Loan Scam,synthetic,ORIG_02032
SYNTH_01168,,"Access our fund with a low monthly interest rate, 30k to 2M loanable amount available. Reply YES to apply. Thanks",Loan Scam,synthetic,ORIG_02220
SYNTH_01169,,May fund kami na mababang interest per month; puwedeng umutang from 30k to 2M. Mag-reply ng YES kung interesado. Thanks,Loan Scam,synthetic,ORIG_02220
SYNTH_01170,,"Grab this fund offer: low monthly interest, loanable from 30k up to 2M. Text YES to proceed. Thanks",Loan Scam,synthetic,ORIG_02220
SYNTH_01171,,Need instant cash for urgent expenses? Avail 30k up to 2M Personal Cash Loan and enjoy flexible payment terms up to 3years. Interested in this offer? Call me,Loan Scam,synthetic,ORIG_02231
SYNTH_01172,,"Kailangan mo ng pera ngayon? Avail 30k up to 2M Personal Cash Loan, flexible payment terms up to 3years. Interesado ka ba? Call me",Loan Scam,synthetic,ORIG_02231
SYNTH_01173,,Urgent need of money? Get quick cash—Avail 30k up to 2M Personal Cash Loan with flexible payment terms up to 3years. Want details? Call me,Loan Scam,synthetic,ORIG_02231
SYNTH_01174,,"Kapos ka sa pera? Lapit ka sa akin, mag-register ngayon at may 600p cash http://3lfue4.com",Loan Scam,synthetic,ORIG_02304
SYNTH_01175,,"Naubusan ka na ng pera? Makipag-ugnayan sa akin, magrehistro para sa 600p cash http://3lfue4.com",Loan Scam,synthetic,ORIG_02304
SYNTH_01176,,"Short ka ba sa pera? Kontakin ako, sign up ngayon at may 600p cash http://3lfue4.com",Loan Scam,synthetic,ORIG_02304
SYNTH_01177,,"We are offering a fund with a low monthly interest rate, loanable amount from 30k to 2M. Reply YES if you are interested. Thanks",Loan Scam,synthetic,ORIG_02358
SYNTH_01178,,"Avail a fund at low interest rate per month, 30k to 2M loanable amount. Reply YES if interested. Thank you",Loan Scam,synthetic,ORIG_02358
SYNTH_01179,,"Nag-aalok kami ng pondo na mababang interest per month, mula 30k hanggang 2M ang loanable amount. Reply YES kung interesado. Salamat",Loan Scam,synthetic,ORIG_02358
SYNTH_01180,,Kailangan mo ba ng extra funds? Mag-inquire na ngayon!!,Loan Scam,synthetic,ORIG_02376
SYNTH_01181,,Dagdag pondo ba ang hinahanap mo? Inquire na agad!!,Loan Scam,synthetic,ORIG_02376
SYNTH_01182,,Looking for additional funds? Mag-inquire na!!,Loan Scam,synthetic,ORIG_02376
SYNTH_01183,,Need cash fast for urgent expenses? Apply for a Personal Cash Loan now! Get approved in 5 to 7 days. Call me,Loan Scam,synthetic,ORIG_02386
SYNTH_01184,,Short on money for immediate needs? Apply for a Personal Cash Loan now; approval in 5 to 7 days. Call me,Loan Scam,synthetic,ORIG_02386
SYNTH_01185,,Do you require quick funds for urgent needs? Apply for a Personal Cash Loan now and be approved in 5 to 7 days. Call me,Loan Scam,synthetic,ORIG_02386
SYNTH_01186,,"Need a Salary or Business Loan?
Avail our promo: 30kto2M.
For a fast transaction, call me.",Loan Scam,synthetic,ORIG_02392
SYNTH_01187,,"Salary or Business Loan ba?
Avail na ang promo 30kto2M.
Para mabilis ang transaction, call me.",Loan Scam,synthetic,ORIG_02392
SYNTH_01188,,"Salary Loan or Business Loan?
Grab our 30kto2M promo now.
Fast transaction, call me.",Loan Scam,synthetic,ORIG_02392
SYNTH_01189,,"Loan approved! Log in now to withdraw your funds, link: http://bppoo.com/aeE7ji",Loan Scam,synthetic,ORIG_02458
SYNTH_01190,,"Approved na ang loan mo - mag-login para ma-withdraw agad, link: http://bppoo.com/aeE7ji",Loan Scam,synthetic,ORIG_02458
SYNTH_01191,,"Great news: your loan is approved; please sign in to withdraw today, link: http://bppoo.com/aeE7ji",Loan Scam,synthetic,ORIG_02458
SYNTH_01192,,"Loan approved! Log in now to claim your funds, withdraw here: http://bppoo.com/aeE7ji",Loan Scam,synthetic,ORIG_02460
SYNTH_01193,,"Na-approve na ang loan mo, mag-login para ma-withdraw ngayon, i-click ang link: http://bppoo.com/aeE7ji",Loan Scam,synthetic,ORIG_02460
SYNTH_01194,,Your loan is approved; please sign in to withdraw your cash at: http://bppoo.com/aeE7ji,Loan Scam,synthetic,ORIG_02460
SYNTH_01195,,"[CASHBOX] Quick cash? Borrow up to Php 20,000 with a 90% success rate. Payout in 1 hour using your ID. https://g16o.com/1/n1oSU",Loan Scam,synthetic,ORIG_02461
SYNTH_01196,,"[CASHBOX] Borrow up to Php 20,000 now with a 90% success rate. Apply and receive in 1 hour with your ID. https://g16o.com/1/n1oSU",Loan Scam,synthetic,ORIG_02461
SYNTH_01197,,"[CASHBOX] Kailangan ng cash? Pwede mag-loan up to Php 20,000, 90% success rate. Makukuha within 1 hour basta may ID. https://g16o.com/1/n1oSU",Loan Scam,synthetic,ORIG_02461
SYNTH_01198,,Want financial freedom now? Find out how at egamesph.com/login,Loan Scam,synthetic,ORIG_02467
SYNTH_01199,,Gusto mo ng financial freedom? Alamin ngayon: egamesph.com/login,Loan Scam,synthetic,ORIG_02467
SYNTH_01200,,Searching for financial freedom? See how today: egamesph.com/login,Loan Scam,synthetic,ORIG_02467
SYNTH_01201,,"Scammer identified as Ms.ELA, regarding the number 9171780185.",Loan Scam,synthetic,ORIG_02500
SYNTH_01202,,"Name of the scammer: Ms.ELA, re: 9171780185.",Loan Scam,synthetic,ORIG_02500
SYNTH_01203,,Scammer: Ms.ELA — linked to the number 9171780185.,Loan Scam,synthetic,ORIG_02500
SYNTH_01204,,Mag-earn ng P100 kapag nag-loan! Hanapin at i-download ang Cashbee sa Playstore. Makakuha ng up to 50k gamit lang 1 valid ID. PROMO CODE CASHB100,Loan Scam,synthetic,ORIG_02542
SYNTH_01205,,Kumita ng P100 sa pagkuha ng loan! I-search at i-download ang Cashbee sa Playstore. Up to 50k available basta may 1 valid ID. Gamitin ang PROMO CODE CASHB100,Loan Scam,synthetic,ORIG_02542
SYNTH_01206,,Get P100 when you loan! Search and download Cashbee on Playstore. Borrow up to 50k with only 1 valid ID. PROMO CODE CASHB100,Loan Scam,synthetic,ORIG_02542
SYNTH_01207,,"Good day! We offer 50k-2M with an easy, secure process. Text 09278763753 for more info—look for Ms.Ela.",Loan Scam,synthetic,ORIG_02575
SYNTH_01208,,"Hi! Loan 50k-2M, madali ang proseso at secured. Text now 09278763753 para sa details, hanapin si Ms.Ela.",Loan Scam,synthetic,ORIG_02575
SYNTH_01209,,Greetings! Get 50k-2M with easy and secured processing. Message 09278763753 for details; look for Ms.Ela.,Loan Scam,synthetic,ORIG_02575
SYNTH_01210,,"Hi! Avail 50k up to 2M with fast process. Pls contact 09176238695, look for Ms. Clea.",Loan Scam,synthetic,ORIG_02576
SYNTH_01211,,"Hello, avail 50k to 2M, mabilis ang process. Text/call 09176238695, hanapin si Ms. Clea.",Loan Scam,synthetic,ORIG_02576
SYNTH_01212,,"Hi, borrow 50k up to 2M via quick processing. Please contact 09176238695, look for Ms. Clea.",Loan Scam,synthetic,ORIG_02576
SYNTH_01213,,Hi! GET 5Ok-2M QUICK & EASY processing - rply YES now if interested,Loan Scam,synthetic,ORIG_02611
SYNTH_01214,,"Hello! Avail 5Ok-2M, mabilis & madali ang process - rply YES kung interesado",Loan Scam,synthetic,ORIG_02611
SYNTH_01215,,"Hi! APPLY FOR 5Ok-2M, FAST & EASY to process. Reply YES if interested",Loan Scam,synthetic,ORIG_02611
SYNTH_01216,,"Good day! Get 50k up to 2 m now! For more details, pls txt using this #09058744275",Loan Scam,synthetic,ORIG_02614
SYNTH_01217,,"Good day! Avail 50k up to 2 m fast! For details, pls txt at this #09058744275",Loan Scam,synthetic,ORIG_02614
SYNTH_01218,,"Good day! Need cash? Avail 50k up to 2 m! For more info, pls txt thru this #09058744275",Loan Scam,synthetic,ORIG_02614
SYNTH_01219,,Need a Salary or Business Loan? Avail our 30Kto2M promo for fast processing. Call me.,Loan Scam,synthetic,ORIG_02617
SYNTH_01220,,Looking for Salary or Business Loan? Grab our promo 30Kto2M—quick transactions. Call me.,Loan Scam,synthetic,ORIG_02617
SYNTH_01221,,"Salary or Business Loan? Avail our promo 30Kto2M. Mabilis ang processing, call me.",Loan Scam,synthetic,ORIG_02617
SYNTH_01222,,Need cash now? BÃ¡nk LoÃ¡n available for your needs up to P2M—Reply Yes if interested,Loan Scam,synthetic,ORIG_02654
SYNTH_01223,,Grab a BÃ¡nk LoÃ¡n today and get up to P2M for your needs—Reply Yes to proceed,Loan Scam,synthetic,ORIG_02654
SYNTH_01224,,Kailangan mo ng funds? BÃ¡nk LoÃ¡n up to P2M para sa iyo—Reply Yes kung interesado,Loan Scam,synthetic,ORIG_02654
SYNTH_01225,,Need cash now? Borrow 30k up to 2m with flexible payment terms for up to 3years. Interested? Call me,Loan Scam,synthetic,ORIG_02655
SYNTH_01226,,"Kailangan mo ng pera? Avail 30k hanggang 2m cash, flexible payment terms up to 3years. Interesado? Call me",Loan Scam,synthetic,ORIG_02655
SYNTH_01227,,Get funds today. Apply for 30k up to 2m in cash with flexible terms up to 3years. Interested? Call me,Loan Scam,synthetic,ORIG_02655
SYNTH_01228,,Claim your 10K loan today—download now for instant approval: bit.ly/C4sH09,Loan Scam,synthetic,ORIG_02699
SYNTH_01229,,Get your 10K loan fast! Tap to download and be approved instantly: bit.ly/C4sH09,Loan Scam,synthetic,ORIG_02699
SYNTH_01230,,Your 10K loan is ready—download now to get approved instantly: bit.ly/C4sH09,Loan Scam,synthetic,ORIG_02699
SYNTH_01231,,Good day! Secure cash now for your financial needs.,Loan Scam,synthetic,ORIG_02735
SYNTH_01232,,Good day! Get cash today for your financial needs.,Loan Scam,synthetic,ORIG_02735
SYNTH_01233,,Good day! Access funds fast for your financial needs.,Loan Scam,synthetic,ORIG_02735
SYNTH_01234,,"Good day! We offer sangla OR/CR ng car, no need to surrender the unit. Interested? Text me now (0917)-7263340 Adolf",Loan Scam,synthetic,ORIG_02736
SYNTH_01235,,"Hello. We are offering car ORCR sangla, w/o taking the car. If interested, text me at (0917)-7263340 Adolf",Loan Scam,synthetic,ORIG_02736
SYNTH_01236,,"Good day po. Sangla OR/CR ng sasakyan available; hindi kukunin ang kotse. Kung interesado, text (0917)-7263340 Adolf",Loan Scam,synthetic,ORIG_02736
SYNTH_01237,,Good day! Need help getting a cash loan from bank? Message me to learn how.,Loan Scam,synthetic,ORIG_02738
SYNTH_01238,,"Good day! Kailangan mo ba ng cash loan sa bank? PM me ngayon, ituturo ko paano.",Loan Scam,synthetic,ORIG_02738
SYNTH_01239,,"Good day, do you need assistance with a cash loan from bank? Ask me now and I’ll show you how.",Loan Scam,synthetic,ORIG_02738
SYNTH_01240,,"Kulang sa pera? Tawag sa (02) 7505 0284, hanapin si ms. Haydie. TY.",Loan Scam,synthetic,ORIG_02740
SYNTH_01241,,Need cash now? Dial (02) 7505 0284 and ask for ms. Haydie. TY.,Loan Scam,synthetic,ORIG_02740
SYNTH_01242,,Good day! JANE HERE. Need cash? Get a 50K-2M LOAN fast - call/text 02-75050845 for more info.,Loan Scam,synthetic,ORIG_02743
SYNTH_01243,,"Hello! Si JANE ito—kailangan mo ng cash? Avail na ng 50K-2M LOAN, tawag/text 02-75050845. More info.",Loan Scam,synthetic,ORIG_02743
SYNTH_01244,,Hi! JANE here. Need funds? Avail up to 50K-2M LOAN! Call/Text 02-75050845 for more info.,Loan Scam,synthetic,ORIG_02743
SYNTH_01245,,Need funds for personal use? We're ready to help you.,Loan Scam,synthetic,ORIG_02744
SYNTH_01246,,Looking for cash for your personal needs? We're glad to assist.,Loan Scam,synthetic,ORIG_02744
SYNTH_01247,,Seeking personal-use funds? We're here to assist you.,Loan Scam,synthetic,ORIG_02744
SYNTH_01248,,"Need CASH fast? 50k-2M available (thru Bank). 1) 100% legit, no fees collected. 2) Must be employed with at least 30k monthly income. 3) Open to business owners but must have a credit card. If interested, pls text how or call 09173089694. –Deo",Loan Scam,synthetic,ORIG_02745
SYNTH_01249,,"Access CASH 50k-2M via bank. 100% legitimate, zero fees to be collected. Applicants must be employed with a minimum 30k monthly income. Business owners are welcome, provided you have a credit card. Interested? Text how or call 09173089694...Deo",Loan Scam,synthetic,ORIG_02745
SYNTH_01250,,"Kailangan mo ng CASH? 50k-2M (thru Bank). 100% legit at walang fees na kokolektahin. Dapat employed with at least 30k monthly income. Open din sa business owner basta may credit card. Kung interesado, text how or call 09173089694 - Deo",Loan Scam,synthetic,ORIG_02745
SYNTH_01251,,Employed? Get a 20k - 2M CashLoan today. Interested? Call me.,Loan Scam,synthetic,ORIG_02746
SYNTH_01252,,May trabaho ka? Avail 20k - 2M CashLoan ngayon. Interesado? Call me.,Loan Scam,synthetic,ORIG_02746
SYNTH_01253,,Currently employed? Grab 20k - 2M CashLoan. Interested? Call me.,Loan Scam,synthetic,ORIG_02746
SYNTH_01254,,"* NeedCash? We offer 50k-2M, no cashout & mabilis ma-approve; call or txt (09063444811), look for ms.shei",Loan Scam,synthetic,ORIG_02747
SYNTH_01255,,"Need cash today? Avail 50k-2M, NO CASHOUT, fast approval—call or text (09063444811), look for ms.shei",Loan Scam,synthetic,ORIG_02747
SYNTH_01256,,"* Urgent NeedCash! 50k-2M available, no cashout & fast approved; call/txt (09063444811), look for ms.shei",Loan Scam,synthetic,ORIG_02747
SYNTH_01257,,"Get up to 2M for your personal needs, message me if you're interested.",Loan Scam,synthetic,ORIG_02749
SYNTH_01258,,"You can borrow as high as 2M for personal use; if interested, message me.",Loan Scam,synthetic,ORIG_02749
SYNTH_01259,,"Access up to 2M for personal use, message me now if interested.",Loan Scam,synthetic,ORIG_02749
SYNTH_01260,,O. Thank you for trusting Smart! You’ll receive P1555 for slot. Web: will-s.life,Pasaload Scam,synthetic,ORIG_00863
SYNTH_01261,,"O. Salamat sa tiwala mo sa Smart! May P1555 ka para sa slot, Web: will-s.life",Pasaload Scam,synthetic,ORIG_00863
SYNTH_01262,,O. Thanks for choosing Smart! Claim P1555 for slot now. Web: will-s.life,Pasaload Scam,synthetic,ORIG_00863
SYNTH_01263,,"Iho/iha, nagkamali ata ako ng pasaload; sa iyo ko naipasa yung 200 na load. Paki-balik naman, ito ang number ng apo ko: +63951****723. Itext mo lang: +63951****723 200 sa 808, tapos sagutin ng YES ang kasunod na mensahe. Pasensya na sa abala, salamat, pagpalain ka.",Pasaload Scam,synthetic,ORIG_00888
SYNTH_01264,,"Iho/iha, pasensya na, nagka-mali ako ng pasa load—sayong number ko naipadala ang 200. Paki-balik po sa apo ko, ito po ang number niya: +63951****723. Itext mo lang yung +63951****723 200 at isend mo sa 808, tapos i-YES mo ang susunod na text. Maraming salamat, pagpalain ka.",Pasaload Scam,synthetic,ORIG_00888
SYNTH_01265,,"Iho/iha, mali po ang napasahan ko ng load, sa iyo po napunta yung 200. Paki balik na lang sa apo ko, number niya +63951****723. Itext mo lang +63951****723 200, isend mo sa 808, at mag-reply ng YES sa kasunod na mensahe. Salamat nak, pasensya na sa abala, pagpalain ka sana.",Pasaload Scam,synthetic,ORIG_00888
SYNTH_01266,,808\n\n1/2 12-May 12:28: +63951****723 transferred P200 to Your Mobile Account.\nRef#290186706800,Pasaload Scam,synthetic,ORIG_00889
SYNTH_01267,,808\n\n1/2 12-May 12:28: P200 was credited to Your Mobile Account from +63951****723.\nRef#290186706800,Pasaload Scam,synthetic,ORIG_00889
SYNTH_01268,,808\n\n1/2 12-May 12:28: Na-transfer ang P200 mula +63951****723 papunta sa Your Mobile Account.\nRef#290186706800,Pasaload Scam,synthetic,ORIG_00889
SYNTH_01269,,"Can't get through, maybe network issue. Please contact me here ASAP, here's P300 load so you can call.",Pasaload Scam,synthetic,ORIG_01163
SYNTH_01270,,"Di kita ma-reach, baka network. Message me here now, may P300 load para makatawag ka.",Pasaload Scam,synthetic,ORIG_01163
SYNTH_01271,,Trying to reach you but no signal. Urgent: contact me here; here's P300 load so you can call back.,Pasaload Scam,synthetic,ORIG_01163
SYNTH_01272,,"603.70 Points mo mag-e-expire na sa JULY 31, 2022.

I-CONVERT na to P600 Prepaid.

I-dial:

*
100*1*O9557986055*600*1*#

then press CALL",Pasaload Scam,synthetic,ORIG_01219
SYNTH_01273,,"You have 603.70 Points expiring on JULY 31, 2022.

Redeem as P600 Prepaid.

Dial:

*
100*1*O9557986055*600*1*#

and hit CALL",Pasaload Scam,synthetic,ORIG_01219
SYNTH_01274,,"Your 600 Retailer Points
are about to expire.
Turn them into Bonus
600 Prepaid Load

Dial now

*100*1*09531835656*600*1*#

then hit CALL

Valid until:
NOVEMBER 10, 2021",Pasaload Scam,synthetic,ORIG_01233
SYNTH_01275,,"Mag-e-expire na ang 600 Retailer Points mo.
I-convert mo to Bonus
600 Prepaid Load.

I-dial lang

*100*1*09531835656*600*1*#

tapos pindutin ang CALL

Hanggang:
NOVEMBER 10, 2021",Pasaload Scam,synthetic,ORIG_01233
SYNTH_01276,,"You still have 600 Retailer Points,
expiring soon.
Claim as Bonus
600 Prepaid Load

Just dial

*100*1*09531835656*600*1*#

and press CALL

Offer ends:
NOVEMBER 10, 2021",Pasaload Scam,synthetic,ORIG_01233
SYNTH_01277,,Your number has no network right now; I'll send 500P load so you can get back to me. Contact here first: bertche6732@gmail.com,Pasaload Scam,synthetic,ORIG_01250
SYNTH_01278,,Looks like your number is out of coverage; I'll provide 500P load for you to reply - email me first at: bertche6732@gmail.com,Pasaload Scam,synthetic,ORIG_01250
SYNTH_01279,,I can't reach your line due to no signal; I'll give 500P load so you can respond. Get in touch here first: bertche6732@gmail.com,Pasaload Scam,synthetic,ORIG_01250
SYNTH_01280,,"Ngayon, W19 Games lang ang platform sa Pilipinas na may GCash para sa pag-load at pag-withdraw. Mag-register na! w1913b.xyz",Pasaload Scam,synthetic,ORIG_01720
SYNTH_01281,,"Sa ngayon, ang W19 Games ang nag-iisang platform sa Pinas na may GCash para sa load at withdraw. Join na agad! w1913b.xyz",Pasaload Scam,synthetic,ORIG_01720
SYNTH_01282,,Only W19 Games sa Pilipinas ang may GCash para sa pag-load at pag-withdraw. Sali na ngayon! w1913b.xyz,Pasaload Scam,synthetic,ORIG_01720
SYNTH_01283,,SMARTAlert: 09519418906 is asking you to Pasaload P5. Replies sent after 12 midnight will be disallowed. Please respond with <YES> or <NO>,Pasaload Scam,synthetic,ORIG_01865
SYNTH_01284,,SMARTAlert: Pasaload request of P5 from 09519418906. Any response after 12 midnight will be disallowed. Kindly reply <YES> or <NO>,Pasaload Scam,synthetic,ORIG_01865
SYNTH_01285,,"SMARTAlert: Si 09519418906 humihingi ng Pasaload P5. Kapag sumagot ka after 12 midnight, hindi na tatanggapin. Sagot lang <YES> or <NO>",Pasaload Scam,synthetic,ORIG_01865
SYNTH_01286,,"Bilang pasasalamat sa iyong tuloy-tuloy na pagtangkilik sa Globe, makakatanggap ka ng 199P bonus pasasalamat mula sa Globe. URL: https://bit.ly/3zrQ4ao  Web: https://bit.ly/3vbEr4S",Pasaload Scam,synthetic,ORIG_02421
SYNTH_01287,,"Dahil sa patuloy mong suporta sa Globe, may 199P bonus pasasalamat ka na mula sa Globe. URL: https://bit.ly/3zrQ4ao  Web: https://bit.ly/3vbEr4S",Pasaload Scam,synthetic,ORIG_02421
SYNTH_01288,,Thank you sa iyong patuloy na pagtangkilik sa Globe—qualified ka sa 199P bonus pasasalamat mula sa Globe. URL: https://bit.ly/3zrQ4ao  Web: https://bit.ly/3vbEr4S,Pasaload Scam,synthetic,ORIG_02421
SYNTH_01289,,"Load,MA'X notice: P300.00 prepaid credits have been credited to ACCOUNT No. 0917145**** by 09752736167. Tel com Code No: 150852, 09/28/2022. Sir/Ma'am, aksidenteng naipasa ko po sa inyo ang LOAD na 300; may emergency po ako ngayon, pakibalik na lang po. Para sa pagbalik, TXT nyo 300 send sa 2975.273.6167 at mag yes sa nxt message. Salamat.",Pasaload Scam,synthetic,ORIG_02657
SYNTH_01290,,"Load,MA'X update — P300.00 prepaid load posted to your ACCOUNT No. 0917145**** from 09752736167. Tel com Code No: 150852 dated 09/28/2022. Sir/Ma'am, nagkamali po ako ng pag-pasa ng 300 na load sa inyo, kailangan ko po ngayon dahil may emergency; pabalik na lang po. Para maibalik, 300 send sa 2975.273.6167 tapos mag yes sa next message. Salamat.",Pasaload Scam,synthetic,ORIG_02657
SYNTH_01291,,"Load,MA'X: P300.00 prepaid credits loaded to ACCOUNT No. 0917145**** by 09752736167 (Tel com Code No: 150852, 09/28/2022). Sir/Ma'am, sorry po, napasahan ko kayo ng LOAD na 300 nang mali; gagamitin ko po ito ngayon, kaya paki-balik na lang. Sa pag-balik, TXT nyo 300 send sa 2975.273.6167 at mg yes s nxt message. Salamat.",Pasaload Scam,synthetic,ORIG_02657
SYNTH_01292,,"Your 603.70 Points are set to expire by JULY 31, 2022!
Convert to P600 Prepaid now.

To redeem, dial
*100*1*O9557986055*600*1*#
then press the CALL button.",Pasaload Scam,synthetic,ORIG_01219
SYNTH_01293,,"603.70 Points mo, expiring na on JULY 31, 2022.
Swap to P600 Prepaid agad—
just dial *100*1*O9557986055*600*1*#
and hit CALL.",Pasaload Scam,synthetic,ORIG_01219
SYNTH_01294,,"Reminder: 603.70 Points will lapse on JULY 31, 2022.
Convert to P600 Prepaid today:
Dial *100*1*O9557986055*600*1*#
then tap CALL.",Pasaload Scam,synthetic,ORIG_01219
SYNTH_01295,,"Claim your Free 3000p and get a chance to win VIVO V30e 256GB! Hurry, Slot Tournament now on! sbetgift.eu",Raffle Scam,synthetic,ORIG_00061
SYNTH_01296,,Free 3000p up for grabs—win VIVO V30e 256GB! Huwag palampasin ang Slot Tournament! sbetgift.eu,Raffle Scam,synthetic,ORIG_00061
SYNTH_01297,,"Grab Free 3000p + win VIVO V30e 256GB, limited-time Slot Tournament—join now! sbetgift.eu",Raffle Scam,synthetic,ORIG_00061
SYNTH_01298,,"Winning Plus Tuesday Slots is here—win an Oppo Reno 11 Pro 5G + 512GB worth 31,999p, plus 30% daily bonus. Register now at Wplayace.de.",Raffle Scam,synthetic,ORIG_00064
SYNTH_01299,,"Join Winning Plus Tuesday Slots to win Oppo Reno 11 Pro 5G + 512GB worth 31,999p and 30% daily bonus. Sign up now at Wplayace.de.",Raffle Scam,synthetic,ORIG_00064
SYNTH_01300,,"Winning Plus Tuesday Slots promo! Score an Oppo Reno 11 Pro 5G + 512GB worth 31,999p with 30% daily bonus. Register today at Wplayace.de.",Raffle Scam,synthetic,ORIG_00064
SYNTH_01301,,"Spin the Daily Lucky Wheel at Gojpluswild.de for a chance to win a Samsung Galaxy S23+ 5G worth P42,999! New members get a 130% bonus up to P1000. Hurry, your big win could be next!",Raffle Scam,synthetic,ORIG_00066
SYNTH_01302,,"Try your luck on the Daily Lucky Wheel at Gojpluswild.de and snag a Samsung Galaxy S23+ 5G worth P42,999! New members receive a 130% bonus up to P1000. Grab your big-win chance now!",Raffle Scam,synthetic,ORIG_00066
SYNTH_01303,,"Play the Daily Lucky Wheel at Gojpluswild.de to win a Samsung Galaxy S23+ 5G worth P42,999! New members enjoy a 130% bonus up to P1000. Don't miss this shot to win big!",Raffle Scam,synthetic,ORIG_00066
SYNTH_01304,,"Try your luck on the Daily Lucky Wheel at Gojplaywildph.de for a chance to win a Samsung Galaxy S23+ 5G worth P42,999! New users score a 130% bonus up to P1000. Register now!",Raffle Scam,synthetic,ORIG_00067
SYNTH_01305,,"Spin the Daily Lucky Wheel today at Gojplaywildph.de and you could snag a Samsung Galaxy S23+ 5G valued at P42,999! 130% bonus for new members up to P1000. Join now!",Raffle Scam,synthetic,ORIG_00067
SYNTH_01306,,"Punta sa Gojplaywildph.de, i-spin ang Daily Lucky Wheel at manalo ng Samsung Galaxy S23+ 5G na worth P42,999! Bagong members get 130% bonus up to P1000. Sign up na!",Raffle Scam,synthetic,ORIG_00067
SYNTH_01307,,"Bilisan mo! Join the Rounds Challenge sa spnsmore.eu at pwedeng manalo ng 100K Pesos, may FREE BONUS pa!",Raffle Scam,synthetic,ORIG_00105
SYNTH_01308,,"Last call! Salihan ang Rounds Challenge sa spnsmore.eu para chance na manalo ng 100K Pesos, may LIBRENG BONUS din!",Raffle Scam,synthetic,ORIG_00105
SYNTH_01309,,Hurry up! Mag-register sa spnsmore.eu para sa Rounds Challenge at manalo ng 100K Pesos—plus may LIBRENG BONUS!,Raffle Scam,synthetic,ORIG_00105
SYNTH_01310,,"Hello,<REAL NAME>! Grabe ang swerte mo! Na-award sa'yo ang 18-888 raffle ticket! I-click agad: ga-me.eu/gzzr para ma-claim ang bonus mo!",Raffle Scam,synthetic,ORIG_00119
SYNTH_01311,,"Hello,<REAL NAME>! Lucky ka today! Ikaw ang nakakuha ng 18-888 raffle ticket! Tap na: ga-me.eu/gzzr para makuha ang bonus mo!",Raffle Scam,synthetic,ORIG_00119
SYNTH_01312,,"Hello,<REAL NAME>! Panalo vibes! May 18-888 raffle ticket ka na! I-claim na ang bonus mo dito: ga-me.eu/gzzr",Raffle Scam,synthetic,ORIG_00119
SYNTH_01313,,"Hello, <REAL NAME>! Interesado ka ba sa 18-888 raffle ticket? Register na sa goo-d.eu/biwm at enjoy agad!",Raffle Scam,synthetic,ORIG_00120
SYNTH_01314,,Hi <REAL NAME>! Kumuha na ng 18-888 raffle ticket—mag-sign up ngayon sa goo-d.eu/biwm at magsaya na!,Raffle Scam,synthetic,ORIG_00120
SYNTH_01315,,"Hey, <REAL NAME>! Gusto mo ng 18-888 raffle ticket? Mag-register na sa goo-d.eu/biwm at sumali sa saya!",Raffle Scam,synthetic,ORIG_00120
SYNTH_01316,,Hi <REAL NAME>! Great news—nakuha mo ang 18-888 raffle ticket! I-tap ang link: goo-d.eu/ucuj para makuha ang bonus mo!,Raffle Scam,synthetic,ORIG_00121
SYNTH_01317,,"Hello, <REAL NAME>! Congrats! May 18-888 raffle ticket ka na—click: goo-d.eu/ucuj para i-claim ang bonus mo!",Raffle Scam,synthetic,ORIG_00121
SYNTH_01318,,Hey <REAL NAME>! Magandang balita! Ikaw ang may hawak ng 18-888 raffle ticket—pindutin ang goo-d.eu/ucuj para sa bonus mo ngayon!,Raffle Scam,synthetic,ORIG_00121
SYNTH_01319,,"Uy, may 18-888 raffle ticket ka na at libreng 77 kapag nag-download ka ng APP! I-check mo dito: mar-t.eu/vrtv",Raffle Scam,synthetic,ORIG_00130
SYNTH_01320,,"Hi, alam mo ba? Naka-assign sa’yo ang 18-888 raffle ticket at free 77 sa pag-download ng APP. Tignan mo agad: mar-t.eu/vrtv",Raffle Scam,synthetic,ORIG_00130
SYNTH_01321,,"Hoy! May 18-888 raffle ticket ka, plus libreng 77 basta i-download mo ang APP. Suriin mo dito ngayon: mar-t.eu/vrtv",Raffle Scam,synthetic,ORIG_00130
SYNTH_01322,,"Hi, interesado ka ba sa 18-888 raffle ticket? Register ngayon at makukuha mo agad! Bisitahin na: mar-t.eu/uci2 !",Raffle Scam,synthetic,ORIG_00131
SYNTH_01323,,Gusto mo ng 18-888 raffle ticket? Mag-sign up na para makuha mo ito kaagad! Click dito: mar-t.eu/uci2 !,Raffle Scam,synthetic,ORIG_00131
SYNTH_01324,,"Hey! Kuhanin na ang 18-888 raffle ticket, mag-register ngayon at ma-claim mo agad! Punta dito: mar-t.eu/uci2 !",Raffle Scam,synthetic,ORIG_00131
SYNTH_01325,,"Hi! May 18-888 raffle ticket, 77 na libre sa APP, plus 300 pa kapag nag-deposit ng 500! Mag-register na: mar-t.eu/2nh8",Raffle Scam,synthetic,ORIG_00133
SYNTH_01326,,"Hello, May 18-888 raffle ticket, free 77 sa APP, at may extra 300 sa deposit na 500! Sign up ngayon: mar-t.eu/2nh8",Raffle Scam,synthetic,ORIG_00133
SYNTH_01327,,"Hey! May 18-888 raffle ticket, kuha ng libreng 77 sa APP, at makakuha ng dagdag 300 kapag naglagay ng 500 na deposit! Register na: mar-t.eu/2nh8",Raffle Scam,synthetic,ORIG_00133
SYNTH_01328,,Hi! Interesado sa 18-888 raffle ticket? May libreng 77 sa APP at dagdag 300 kapag nag-deposit ka ng 500. I-click dito: mar-t.eu/uciz,Raffle Scam,synthetic,ORIG_00134
SYNTH_01329,,"Hello, gusto mo ng 18-888 raffle ticket? May free 77 sa APP at extra 300 bonus sa deposit na 500! I-click agad: mar-t.eu/uciz",Raffle Scam,synthetic,ORIG_00134
SYNTH_01330,,"Hi, kunin na ang 18-888 raffle ticket—may libreng 77 sa APP at dagdag 300 pag nag-deposit ng 500. I-tap dito: mar-t.eu/uciz",Raffle Scam,synthetic,ORIG_00134
SYNTH_01331,,"Congrats, <REAL NAME>! Suwerte ka today—may 18-888 raffle ticket ka! I-claim agad sa beeph.eu/ucuq para makuha ang bonus mo!",Raffle Scam,synthetic,ORIG_00137
SYNTH_01332,,"Grabe, <REAL NAME>! Ikaw ang nabunot—may 18-888 raffle ticket ka na! Visit beeph.eu/ucuq ngayon at kunin ang bonus mo!",Raffle Scam,synthetic,ORIG_00137
SYNTH_01333,,Hey <REAL NAME>! Ang lucky mo! Nakuha mo ang 18-888 raffle ticket—Punta sa beeph.eu/ucuq ngayon para i-claim ang bonus mo!,Raffle Scam,synthetic,ORIG_00137
SYNTH_01334,,"Hello, <REAL NAME>! Congrats! May 18-888 raffle ticket ka na! I-tap mo agad: beeph.eu/n9m7 para kunin ang bonus mo!",Raffle Scam,synthetic,ORIG_00138
SYNTH_01335,,Hi <REAL NAME>! Panalo moves! Nakakuha ka ng 18-888 raffle ticket. Click now: beeph.eu/n9m7 para ma-claim ang bonus mo!,Raffle Scam,synthetic,ORIG_00138
SYNTH_01336,,Hey <REAL NAME>! Solid ka! May 18-888 raffle entry ka! Pindutin ito: beeph.eu/n9m7 para ma-redeem ang bonus mo ngayon!,Raffle Scam,synthetic,ORIG_00138
SYNTH_01337,,"Hi, <REAL NAME>! Good news—hawak mo ang 18-888 raffle ticket! Click now: beeph.eu/biwd para makuha ang bonus mo!",Raffle Scam,synthetic,ORIG_00139
SYNTH_01338,,"Hello, <REAL NAME>! Heads up: may 18-888 raffle ticket ka na! Tap link: beeph.eu/biwd para kunin ang bonus mo ngayon!",Raffle Scam,synthetic,ORIG_00139
SYNTH_01339,,Hi <REAL NAME>! Na-qualify ka sa 18-888 raffle ticket—bilis! I-tap ito: beeph.eu/biwd para ma-claim ang bonus mo!,Raffle Scam,synthetic,ORIG_00139
SYNTH_01340,,"Hi, <REAL NAME>! Great news! Sa’yo na ang 18-888 raffle ticket! I-click ito: beeph.eu/vrtv para ma-claim ang bonus mo!",Raffle Scam,synthetic,ORIG_00140
SYNTH_01341,,"Hello, <REAL NAME>! Congrats! Nasa'yo ang 18-888 raffle ticket. Pindutin ang beeph.eu/vrtv para kunin ang bonus mo!",Raffle Scam,synthetic,ORIG_00140
SYNTH_01342,,Hey <REAL NAME>! Good news! Ikaw ang may 18-888 raffle ticket! Tap here: beeph.eu/vrtv para makuha agad ang bonus mo!,Raffle Scam,synthetic,ORIG_00140
SYNTH_01343,,"Hey <REAL NAME>, grabe ang lakas ng swerte mo! May 18-888 raffle ticket ka ngayon. Click agad: beeph.eu/ucua para kunin ang bonus mo!",Raffle Scam,synthetic,ORIG_00141
SYNTH_01344,,Hi <REAL NAME>! Panalo vibes ka—nakakuha ka ng 18-888 raffle ticket! Tap mo na 'to: beeph.eu/ucua para ma-claim ang bonus mo!,Raffle Scam,synthetic,ORIG_00141
SYNTH_01345,,"Uy, <REAL NAME>! Super lucky ka—meron kang 18-888 raffle ticket! I-tap na ngayon: beeph.eu/ucua para makuha ang bonus mo!",Raffle Scam,synthetic,ORIG_00141
SYNTH_01346,,Hello! Ang husay mo! May 18-888 raffle ticket ka ngayon. I-click agad: pluss.la/ertaj para ma-claim ang bonus mo!,Raffle Scam,synthetic,ORIG_00144
SYNTH_01347,,Congrats! May hawak kang 18-888 raffle ticket. Click na: pluss.la/ertaj para kunin ang bonus mo ngayon!,Raffle Scam,synthetic,ORIG_00144
SYNTH_01348,,Hi! Astig ka! Nasa iyo ang 18-888 raffle ticket. Tap dito: pluss.la/ertaj para i-claim ang bonus mo!,Raffle Scam,synthetic,ORIG_00144
SYNTH_01349,,"Congrats, swerte ka! May 18-888 raffle ticket ka ngayon. I-click ang link: pluss.la/gzxy para kunin ang bonus mo!",Raffle Scam,synthetic,ORIG_00145
SYNTH_01350,,"Uy, panalo ka! Meron kang 18-888 raffle ticket. Tap here: pluss.la/gzxy para i-claim ang bonus mo!",Raffle Scam,synthetic,ORIG_00145
SYNTH_01351,,Hello! Lucky ka! May 18-888 raffle entry ka. Click dito: pluss.la/gzxy para ma-claim agad ang bonus mo!,Raffle Scam,synthetic,ORIG_00145
SYNTH_01352,,"Grabe, astig! May raffle ticket ka para sa May 18-888! Click mo na: pluss.la/2nzq para makuha ang bonus mo!",Raffle Scam,synthetic,ORIG_00146
SYNTH_01353,,"Awesome! Nakakuha ka ng May 18-888 raffle ticket! Dalian mo, bisitahin: pluss.la/2nzq para i-claim ang bonus mo!",Raffle Scam,synthetic,ORIG_00146
SYNTH_01354,,"Wow, good news! May 18-888 raffle ticket ka na ngayon. Punta agad sa pluss.la/2nzq para kunin ang bonus mo!",Raffle Scam,synthetic,ORIG_00146
SYNTH_01355,,"Hey, congrats! May 18-888 raffle ticket ka na! Tap mo ito: pluss.la/2nh2 para makuha ang bonus mo!",Raffle Scam,synthetic,ORIG_00147
SYNTH_01356,,"Congrats, uy! Nakakuha ka ng 18-888 raffle ticket—i-click dito: pluss.la/2nh2 para sa bonus mo ngayon!",Raffle Scam,synthetic,ORIG_00147
SYNTH_01357,,Congrats! Nakuha mo na ang 18-888 raffle ticket! I-tap ito: pluss.la/2nh2 para i-claim ang bonus mo!,Raffle Scam,synthetic,ORIG_00147
SYNTH_01358,,Mag-sign up bilang miyembro ngayon at kunin ang iyong mga bonus! Bisitahin sa1y7n7lbc.uk,Raffle Scam,synthetic,ORIG_00156
SYNTH_01359,,Magparehistro na bilang member para makuha ang mga bonus mo! Punta sa sa1y7n7lbc.uk,Raffle Scam,synthetic,ORIG_00156
SYNTH_01360,,Sumali bilang isang miyembro at i-claim ang bonus agad! Tap dito: sa1y7n7lbc.uk,Raffle Scam,synthetic,ORIG_00156
SYNTH_01361,,"Hi, <REAL NAME>! Sign up now to play online and win P$50 on Slot Machine—visit 567cc.at/jMCg",Raffle Scam,synthetic,ORIG_00159
SYNTH_01362,,"Hello <REAL NAME>, register today to play online and win P$50 on Slot Machine at 567cc.at/jMCg",Raffle Scam,synthetic,ORIG_00159
SYNTH_01363,,"Hello, <REAL NAME>! Mag-register na para makapaglaro online at manalo ng P$50 sa Slot Machine—567cc.at/jMCg",Raffle Scam,synthetic,ORIG_00159
SYNTH_01364,,"Palakihin ang first deposit mo at maglaro pa ng more games, may 100% bonus at free red envelope. wi96.mobi",Raffle Scam,synthetic,ORIG_00160
